ISO-10303-21;
HEADER;
FILE_DESCRIPTION(('KiCad electronic assembly'),'2;1');
FILE_NAME('Torque Sensor.step','2025-10-10T16:50:29',('Pcbnew'),('Kicad'
    ),'Open CASCADE STEP processor 7.8','KiCad to STEP converter',
  'Unknown');
FILE_SCHEMA(('AUTOMOTIVE_DESIGN { 1 0 10303 214 1 1 1 1 }'));
ENDSEC;
DATA;
#1 = APPLICATION_PROTOCOL_DEFINITION('international standard',
  'automotive_design',2000,#2);
#2 = APPLICATION_CONTEXT(
  'core data for automotive mechanical design processes');
#3 = SHAPE_DEFINITION_REPRESENTATION(#4,#10);
#4 = PRODUCT_DEFINITION_SHAPE('','',#5);
#5 = PRODUCT_DEFINITION('design','',#6,#9);
#6 = PRODUCT_DEFINITION_FORMATION('','',#7);
#7 = PRODUCT('Torque Sensor 1','Torque Sensor 1','',(#8));
#8 = PRODUCT_CONTEXT('',#2,'mechanical');
#9 = PRODUCT_DEFINITION_CONTEXT('part definition',#2,'design');
#10 = SHAPE_REPRESENTATION('',(#11,#15,#19,#23,#27,#31,#35,#39,#43,#47,
    #51,#55,#59,#63,#67,#71,#75,#79,#83,#87,#91,#95,#99,#103,#107,#111,
    #115,#119,#123,#127,#131,#135,#139),#143);
#11 = AXIS2_PLACEMENT_3D('',#12,#13,#14);
#12 = CARTESIAN_POINT('',(0.,0.,0.));
#13 = DIRECTION('',(0.,0.,1.));
#14 = DIRECTION('',(1.,0.,-0.));
#15 = AXIS2_PLACEMENT_3D('',#16,#17,#18);
#16 = CARTESIAN_POINT('',(127.103806,-157.963962,1.595));
#17 = DIRECTION('',(0.,0.,1.));
#18 = DIRECTION('',(1.,0.,0.));
#19 = AXIS2_PLACEMENT_3D('',#20,#21,#22);
#20 = CARTESIAN_POINT('',(136.,-134.,1.595));
#21 = DIRECTION('',(0.,0.,1.));
#22 = DIRECTION('',(1.,0.,0.));
#23 = AXIS2_PLACEMENT_3D('',#24,#25,#26);
#24 = CARTESIAN_POINT('',(125.061701,-147.28757,1.595));
#25 = DIRECTION('',(0.,0.,1.));
#26 = DIRECTION('',(1.,0.,0.));
#27 = AXIS2_PLACEMENT_3D('',#28,#29,#30);
#28 = CARTESIAN_POINT('',(136.,-132.,1.595));
#29 = DIRECTION('',(0.,0.,1.));
#30 = DIRECTION('',(1.,0.,0.));
#31 = AXIS2_PLACEMENT_3D('',#32,#33,#34);
#32 = CARTESIAN_POINT('',(123.566306,-157.963962,1.595));
#33 = DIRECTION('',(0.,0.,1.));
#34 = DIRECTION('',(1.,0.,0.));
#35 = AXIS2_PLACEMENT_3D('',#36,#37,#38);
#36 = CARTESIAN_POINT('',(141.5,-156.95,1.595));
#37 = DIRECTION('',(0.,-0.,1.));
#38 = DIRECTION('',(1.110223024625E-16,1.,0.));
#39 = AXIS2_PLACEMENT_3D('',#40,#41,#42);
#40 = CARTESIAN_POINT('',(121.55,-149.5,1.595));
#41 = DIRECTION('',(0.,0.,1.));
#42 = DIRECTION('',(1.,0.,0.));
#43 = AXIS2_PLACEMENT_3D('',#44,#45,#46);
#44 = CARTESIAN_POINT('',(139.5,-156.95,1.595));
#45 = DIRECTION('',(0.,-0.,1.));
#46 = DIRECTION('',(1.110223024625E-16,1.,0.));
#47 = AXIS2_PLACEMENT_3D('',#48,#49,#50);
#48 = CARTESIAN_POINT('',(126.4125,-135.,1.595));
#49 = DIRECTION('',(0.,0.,1.));
#50 = DIRECTION('',(1.,0.,0.));
#51 = AXIS2_PLACEMENT_3D('',#52,#53,#54);
#52 = CARTESIAN_POINT('',(136.,-138.5,1.595));
#53 = DIRECTION('',(0.,0.,1.));
#54 = DIRECTION('',(1.,0.,0.));
#55 = AXIS2_PLACEMENT_3D('',#56,#57,#58);
#56 = CARTESIAN_POINT('',(128.831987,-148.780335,1.595));
#57 = DIRECTION('',(0.,0.,1.));
#58 = DIRECTION('',(-1.,1.224646799147E-16,0.));
#59 = AXIS2_PLACEMENT_3D('',#60,#61,#62);
#60 = CARTESIAN_POINT('',(128.426741,-146.129719,1.595));
#61 = DIRECTION('',(0.,0.,1.));
#62 = DIRECTION('',(-1.,1.224646799147E-16,0.));
#63 = AXIS2_PLACEMENT_3D('',#64,#65,#66);
#64 = CARTESIAN_POINT('',(127.103806,-155.5,1.595));
#65 = DIRECTION('',(0.,0.,1.));
#66 = DIRECTION('',(-1.,1.224646799147E-16,0.));
#67 = AXIS2_PLACEMENT_3D('',#68,#69,#70);
#68 = CARTESIAN_POINT('',(120.653806,-154.963962,1.595));
#69 = DIRECTION('',(0.,0.,1.));
#70 = DIRECTION('',(1.,0.,0.));
#71 = AXIS2_PLACEMENT_3D('',#72,#73,#74);
#72 = CARTESIAN_POINT('',(126.4125,-130.,1.595));
#73 = DIRECTION('',(0.,0.,1.));
#74 = DIRECTION('',(-1.,1.224646799147E-16,0.));
#75 = AXIS2_PLACEMENT_3D('',#76,#77,#78);
#76 = CARTESIAN_POINT('',(139.530553,-153.279544,1.595));
#77 = DIRECTION('',(0.,-0.,1.));
#78 = DIRECTION('',(1.110223024625E-16,1.,0.));
#79 = AXIS2_PLACEMENT_3D('',#80,#81,#82);
#80 = CARTESIAN_POINT('',(141.471393,-153.255809,1.595));
#81 = DIRECTION('',(0.,-0.,1.));
#82 = DIRECTION('',(1.110223024625E-16,1.,0.));
#83 = AXIS2_PLACEMENT_3D('',#84,#85,#86);
#84 = CARTESIAN_POINT('',(135.9125,-136.5,1.595));
#85 = DIRECTION('',(0.,0.,1.));
#86 = DIRECTION('',(1.,0.,0.));
#87 = AXIS2_PLACEMENT_3D('',#88,#89,#90);
#88 = CARTESIAN_POINT('',(125.05477,-145.350186,1.595));
#89 = DIRECTION('',(0.,0.,1.));
#90 = DIRECTION('',(1.,0.,0.));
#91 = AXIS2_PLACEMENT_3D('',#92,#93,#94);
#92 = CARTESIAN_POINT('',(137.535885,-153.301487,1.595));
#93 = DIRECTION('',(0.,-0.,1.));
#94 = DIRECTION('',(1.110223024625E-16,1.,0.));
#95 = AXIS2_PLACEMENT_3D('',#96,#97,#98);
#96 = CARTESIAN_POINT('',(135.5,-146.,1.595));
#97 = DIRECTION('',(0.,0.,1.));
#98 = DIRECTION('',(-1.,1.224646799147E-16,0.));
#99 = AXIS2_PLACEMENT_3D('',#100,#101,#102);
#100 = CARTESIAN_POINT('',(126.4125,-133.,1.595));
#101 = DIRECTION('',(0.,0.,1.));
#102 = DIRECTION('',(-1.,1.224646799147E-16,0.));
#103 = AXIS2_PLACEMENT_3D('',#104,#105,#106);
#104 = CARTESIAN_POINT('',(121.5,-152.963962,1.595));
#105 = DIRECTION('',(0.,0.,1.));
#106 = DIRECTION('',(1.,0.,0.));
#107 = AXIS2_PLACEMENT_3D('',#108,#109,#110);
#108 = CARTESIAN_POINT('',(138.5,-145.5,1.595));
#109 = DIRECTION('',(0.,0.,1.));
#110 = DIRECTION('',(1.,0.,0.));
#111 = AXIS2_PLACEMENT_3D('',#112,#113,#114);
#112 = CARTESIAN_POINT('',(136.,-148.845062,1.595));
#113 = DIRECTION('',(-0.,0.,1.));
#114 = DIRECTION('',(1.110223024625E-16,-1.,0.));
#115 = AXIS2_PLACEMENT_3D('',#116,#117,#118);
#116 = CARTESIAN_POINT('',(136.,-142.5,1.595));
#117 = DIRECTION('',(0.,0.,1.));
#118 = DIRECTION('',(1.,0.,0.));
#119 = AXIS2_PLACEMENT_3D('',#120,#121,#122);
#120 = CARTESIAN_POINT('',(123.566306,-155.5,1.595));
#121 = DIRECTION('',(0.,0.,1.));
#122 = DIRECTION('',(1.,0.,0.));
#123 = AXIS2_PLACEMENT_3D('',#124,#125,#126);
#124 = CARTESIAN_POINT('',(136.,-130.,1.595));
#125 = DIRECTION('',(0.,0.,1.));
#126 = DIRECTION('',(-1.,1.224646799147E-16,0.));
#127 = AXIS2_PLACEMENT_3D('',#128,#129,#130);
#128 = CARTESIAN_POINT('',(121.55,-147.5,1.595));
#129 = DIRECTION('',(0.,0.,1.));
#130 = DIRECTION('',(1.,0.,0.));
#131 = AXIS2_PLACEMENT_3D('',#132,#133,#134);
#132 = CARTESIAN_POINT('',(125.0875,-149.5,1.595));
#133 = DIRECTION('',(0.,0.,1.));
#134 = DIRECTION('',(1.,0.,0.));
#135 = AXIS2_PLACEMENT_3D('',#136,#137,#138);
#136 = CARTESIAN_POINT('',(136.,-140.5,1.595));
#137 = DIRECTION('',(0.,0.,1.));
#138 = DIRECTION('',(1.,0.,0.));
#139 = AXIS2_PLACEMENT_3D('',#140,#141,#142);
#140 = CARTESIAN_POINT('',(0.,0.,0.));
#141 = DIRECTION('',(0.,0.,1.));
#142 = DIRECTION('',(1.,0.,-0.));
#143 = ( GEOMETRIC_REPRESENTATION_CONTEXT(3) 
GLOBAL_UNCERTAINTY_ASSIGNED_CONTEXT((#147)) GLOBAL_UNIT_ASSIGNED_CONTEXT
((#144,#145,#146)) REPRESENTATION_CONTEXT('Context #1',
  '3D Context with UNIT and UNCERTAINTY') );
#144 = ( LENGTH_UNIT() NAMED_UNIT(*) SI_UNIT(.MILLI.,.METRE.) );
#145 = ( NAMED_UNIT(*) PLANE_ANGLE_UNIT() SI_UNIT($,.RADIAN.) );
#146 = ( NAMED_UNIT(*) SI_UNIT($,.STERADIAN.) SOLID_ANGLE_UNIT() );
#147 = UNCERTAINTY_MEASURE_WITH_UNIT(LENGTH_MEASURE(1.E-07),#144,
  'distance_accuracy_value','confusion accuracy');
#148 = PRODUCT_RELATED_PRODUCT_CATEGORY('part',$,(#7));
#149 = SHAPE_DEFINITION_REPRESENTATION(#150,#156);
#150 = PRODUCT_DEFINITION_SHAPE('','',#151);
#151 = PRODUCT_DEFINITION('design','',#152,#155);
#152 = PRODUCT_DEFINITION_FORMATION('','',#153);
#153 = PRODUCT('C_0805_2012Metric','C_0805_2012Metric','',(#154));
#154 = PRODUCT_CONTEXT('',#2,'mechanical');
#155 = PRODUCT_DEFINITION_CONTEXT('part definition',#2,'design');
#156 = ADVANCED_BREP_SHAPE_REPRESENTATION('',(#11,#157),#1011);
#157 = MANIFOLD_SOLID_BREP('',#158);
#158 = CLOSED_SHELL('',(#159,#235,#266,#291,#316,#340,#364,#389,#414,
    #431,#517,#549,#573,#598,#622,#647,#671,#696,#713,#799,#830,#855,
    #880,#904,#928,#953,#978,#995));
#159 = ADVANCED_FACE('',(#160),#230,.F.);
#160 = FACE_BOUND('',#161,.F.);
#161 = EDGE_LOOP('',(#162,#172,#181,#189,#198,#206,#215,#223));
#162 = ORIENTED_EDGE('',*,*,#163,.F.);
#163 = EDGE_CURVE('',#164,#166,#168,.T.);
#164 = VERTEX_POINT('',#165);
#165 = CARTESIAN_POINT('',(-1.,-0.625,4.E-02));
#166 = VERTEX_POINT('',#167);
#167 = CARTESIAN_POINT('',(-1.,-0.625,1.21));
#168 = LINE('',#169,#170);
#169 = CARTESIAN_POINT('',(-1.,-0.625,0.));
#170 = VECTOR('',#171,1.);
#171 = DIRECTION('',(0.,0.,1.));
#172 = ORIENTED_EDGE('',*,*,#173,.T.);
#173 = EDGE_CURVE('',#164,#174,#176,.T.);
#174 = VERTEX_POINT('',#175);
#175 = CARTESIAN_POINT('',(-1.,-0.585,0.));
#176 = CIRCLE('',#177,4.E-02);
#177 = AXIS2_PLACEMENT_3D('',#178,#179,#180);
#178 = CARTESIAN_POINT('',(-1.,-0.585,4.E-02));
#179 = DIRECTION('',(1.,0.,-0.));
#180 = DIRECTION('',(0.,0.,1.));
#181 = ORIENTED_EDGE('',*,*,#182,.T.);
#182 = EDGE_CURVE('',#174,#183,#185,.T.);
#183 = VERTEX_POINT('',#184);
#184 = CARTESIAN_POINT('',(-1.,0.585,0.));
#185 = LINE('',#186,#187);
#186 = CARTESIAN_POINT('',(-1.,-0.625,0.));
#187 = VECTOR('',#188,1.);
#188 = DIRECTION('',(0.,1.,0.));
#189 = ORIENTED_EDGE('',*,*,#190,.F.);
#190 = EDGE_CURVE('',#191,#183,#193,.T.);
#191 = VERTEX_POINT('',#192);
#192 = CARTESIAN_POINT('',(-1.,0.625,4.E-02));
#193 = CIRCLE('',#194,4.E-02);
#194 = AXIS2_PLACEMENT_3D('',#195,#196,#197);
#195 = CARTESIAN_POINT('',(-1.,0.585,4.E-02));
#196 = DIRECTION('',(-1.,0.,0.));
#197 = DIRECTION('',(0.,0.,1.));
#198 = ORIENTED_EDGE('',*,*,#199,.T.);
#199 = EDGE_CURVE('',#191,#200,#202,.T.);
#200 = VERTEX_POINT('',#201);
#201 = CARTESIAN_POINT('',(-1.,0.625,1.21));
#202 = LINE('',#203,#204);
#203 = CARTESIAN_POINT('',(-1.,0.625,0.));
#204 = VECTOR('',#205,1.);
#205 = DIRECTION('',(0.,0.,1.));
#206 = ORIENTED_EDGE('',*,*,#207,.T.);
#207 = EDGE_CURVE('',#200,#208,#210,.T.);
#208 = VERTEX_POINT('',#209);
#209 = CARTESIAN_POINT('',(-1.,0.585,1.25));
#210 = CIRCLE('',#211,4.E-02);
#211 = AXIS2_PLACEMENT_3D('',#212,#213,#214);
#212 = CARTESIAN_POINT('',(-1.,0.585,1.21));
#213 = DIRECTION('',(1.,0.,-0.));
#214 = DIRECTION('',(0.,0.,1.));
#215 = ORIENTED_EDGE('',*,*,#216,.F.);
#216 = EDGE_CURVE('',#217,#208,#219,.T.);
#217 = VERTEX_POINT('',#218);
#218 = CARTESIAN_POINT('',(-1.,-0.585,1.25));
#219 = LINE('',#220,#221);
#220 = CARTESIAN_POINT('',(-1.,-0.625,1.25));
#221 = VECTOR('',#222,1.);
#222 = DIRECTION('',(0.,1.,0.));
#223 = ORIENTED_EDGE('',*,*,#224,.F.);
#224 = EDGE_CURVE('',#166,#217,#225,.T.);
#225 = CIRCLE('',#226,4.E-02);
#226 = AXIS2_PLACEMENT_3D('',#227,#228,#229);
#227 = CARTESIAN_POINT('',(-1.,-0.585,1.21));
#228 = DIRECTION('',(-1.,0.,0.));
#229 = DIRECTION('',(0.,0.,1.));
#230 = PLANE('',#231);
#231 = AXIS2_PLACEMENT_3D('',#232,#233,#234);
#232 = CARTESIAN_POINT('',(-1.,-0.625,0.));
#233 = DIRECTION('',(1.,0.,0.));
#234 = DIRECTION('',(0.,0.,1.));
#235 = ADVANCED_FACE('',(#236),#261,.F.);
#236 = FACE_BOUND('',#237,.F.);
#237 = EDGE_LOOP('',(#238,#248,#254,#255));
#238 = ORIENTED_EDGE('',*,*,#239,.F.);
#239 = EDGE_CURVE('',#240,#242,#244,.T.);
#240 = VERTEX_POINT('',#241);
#241 = CARTESIAN_POINT('',(-0.6,-0.625,4.E-02));
#242 = VERTEX_POINT('',#243);
#243 = CARTESIAN_POINT('',(-0.6,-0.625,1.21));
#244 = LINE('',#245,#246);
#245 = CARTESIAN_POINT('',(-0.6,-0.625,0.));
#246 = VECTOR('',#247,1.);
#247 = DIRECTION('',(0.,0.,1.));
#248 = ORIENTED_EDGE('',*,*,#249,.F.);
#249 = EDGE_CURVE('',#164,#240,#250,.T.);
#250 = LINE('',#251,#252);
#251 = CARTESIAN_POINT('',(-1.,-0.625,4.E-02));
#252 = VECTOR('',#253,1.);
#253 = DIRECTION('',(1.,0.,0.));
#254 = ORIENTED_EDGE('',*,*,#163,.T.);
#255 = ORIENTED_EDGE('',*,*,#256,.T.);
#256 = EDGE_CURVE('',#166,#242,#257,.T.);
#257 = LINE('',#258,#259);
#258 = CARTESIAN_POINT('',(-1.,-0.625,1.21));
#259 = VECTOR('',#260,1.);
#260 = DIRECTION('',(1.,0.,0.));
#261 = PLANE('',#262);
#262 = AXIS2_PLACEMENT_3D('',#263,#264,#265);
#263 = CARTESIAN_POINT('',(-1.,-0.625,0.));
#264 = DIRECTION('',(0.,1.,0.));
#265 = DIRECTION('',(0.,-0.,1.));
#266 = ADVANCED_FACE('',(#267),#286,.T.);
#267 = FACE_BOUND('',#268,.T.);
#268 = EDGE_LOOP('',(#269,#270,#278,#285));
#269 = ORIENTED_EDGE('',*,*,#173,.T.);
#270 = ORIENTED_EDGE('',*,*,#271,.T.);
#271 = EDGE_CURVE('',#174,#272,#274,.T.);
#272 = VERTEX_POINT('',#273);
#273 = CARTESIAN_POINT('',(-0.6,-0.585,0.));
#274 = LINE('',#275,#276);
#275 = CARTESIAN_POINT('',(-1.,-0.585,0.));
#276 = VECTOR('',#277,1.);
#277 = DIRECTION('',(1.,0.,0.));
#278 = ORIENTED_EDGE('',*,*,#279,.F.);
#279 = EDGE_CURVE('',#240,#272,#280,.T.);
#280 = CIRCLE('',#281,4.E-02);
#281 = AXIS2_PLACEMENT_3D('',#282,#283,#284);
#282 = CARTESIAN_POINT('',(-0.6,-0.585,4.E-02));
#283 = DIRECTION('',(1.,0.,-0.));
#284 = DIRECTION('',(0.,0.,1.));
#285 = ORIENTED_EDGE('',*,*,#249,.F.);
#286 = CYLINDRICAL_SURFACE('',#287,4.E-02);
#287 = AXIS2_PLACEMENT_3D('',#288,#289,#290);
#288 = CARTESIAN_POINT('',(-1.,-0.585,4.E-02));
#289 = DIRECTION('',(1.,0.,0.));
#290 = DIRECTION('',(0.,-1.,0.));
#291 = ADVANCED_FACE('',(#292),#311,.T.);
#292 = FACE_BOUND('',#293,.T.);
#293 = EDGE_LOOP('',(#294,#295,#304,#310));
#294 = ORIENTED_EDGE('',*,*,#256,.T.);
#295 = ORIENTED_EDGE('',*,*,#296,.T.);
#296 = EDGE_CURVE('',#242,#297,#299,.T.);
#297 = VERTEX_POINT('',#298);
#298 = CARTESIAN_POINT('',(-0.6,-0.585,1.25));
#299 = CIRCLE('',#300,4.E-02);
#300 = AXIS2_PLACEMENT_3D('',#301,#302,#303);
#301 = CARTESIAN_POINT('',(-0.6,-0.585,1.21));
#302 = DIRECTION('',(-1.,0.,0.));
#303 = DIRECTION('',(0.,0.,1.));
#304 = ORIENTED_EDGE('',*,*,#305,.F.);
#305 = EDGE_CURVE('',#217,#297,#306,.T.);
#306 = LINE('',#307,#308);
#307 = CARTESIAN_POINT('',(-1.,-0.585,1.25));
#308 = VECTOR('',#309,1.);
#309 = DIRECTION('',(1.,0.,0.));
#310 = ORIENTED_EDGE('',*,*,#224,.F.);
#311 = CYLINDRICAL_SURFACE('',#312,4.E-02);
#312 = AXIS2_PLACEMENT_3D('',#313,#314,#315);
#313 = CARTESIAN_POINT('',(-1.,-0.585,1.21));
#314 = DIRECTION('',(1.,0.,0.));
#315 = DIRECTION('',(0.,-1.,0.));
#316 = ADVANCED_FACE('',(#317),#335,.F.);
#317 = FACE_BOUND('',#318,.F.);
#318 = EDGE_LOOP('',(#319,#320,#321,#329));
#319 = ORIENTED_EDGE('',*,*,#182,.F.);
#320 = ORIENTED_EDGE('',*,*,#271,.T.);
#321 = ORIENTED_EDGE('',*,*,#322,.T.);
#322 = EDGE_CURVE('',#272,#323,#325,.T.);
#323 = VERTEX_POINT('',#324);
#324 = CARTESIAN_POINT('',(-0.6,0.585,0.));
#325 = LINE('',#326,#327);
#326 = CARTESIAN_POINT('',(-0.6,-0.625,0.));
#327 = VECTOR('',#328,1.);
#328 = DIRECTION('',(0.,1.,0.));
#329 = ORIENTED_EDGE('',*,*,#330,.F.);
#330 = EDGE_CURVE('',#183,#323,#331,.T.);
#331 = LINE('',#332,#333);
#332 = CARTESIAN_POINT('',(-1.,0.585,0.));
#333 = VECTOR('',#334,1.);
#334 = DIRECTION('',(1.,0.,0.));
#335 = PLANE('',#336);
#336 = AXIS2_PLACEMENT_3D('',#337,#338,#339);
#337 = CARTESIAN_POINT('',(-1.,-0.625,0.));
#338 = DIRECTION('',(0.,0.,1.));
#339 = DIRECTION('',(1.,0.,-0.));
#340 = ADVANCED_FACE('',(#341),#359,.T.);
#341 = FACE_BOUND('',#342,.T.);
#342 = EDGE_LOOP('',(#343,#344,#345,#353));
#343 = ORIENTED_EDGE('',*,*,#216,.F.);
#344 = ORIENTED_EDGE('',*,*,#305,.T.);
#345 = ORIENTED_EDGE('',*,*,#346,.T.);
#346 = EDGE_CURVE('',#297,#347,#349,.T.);
#347 = VERTEX_POINT('',#348);
#348 = CARTESIAN_POINT('',(-0.6,0.585,1.25));
#349 = LINE('',#350,#351);
#350 = CARTESIAN_POINT('',(-0.6,-0.625,1.25));
#351 = VECTOR('',#352,1.);
#352 = DIRECTION('',(0.,1.,0.));
#353 = ORIENTED_EDGE('',*,*,#354,.F.);
#354 = EDGE_CURVE('',#208,#347,#355,.T.);
#355 = LINE('',#356,#357);
#356 = CARTESIAN_POINT('',(-1.,0.585,1.25));
#357 = VECTOR('',#358,1.);
#358 = DIRECTION('',(1.,0.,0.));
#359 = PLANE('',#360);
#360 = AXIS2_PLACEMENT_3D('',#361,#362,#363);
#361 = CARTESIAN_POINT('',(-1.,-0.625,1.25));
#362 = DIRECTION('',(0.,0.,1.));
#363 = DIRECTION('',(1.,0.,-0.));
#364 = ADVANCED_FACE('',(#365),#384,.T.);
#365 = FACE_BOUND('',#366,.T.);
#366 = EDGE_LOOP('',(#367,#375,#382,#383));
#367 = ORIENTED_EDGE('',*,*,#368,.T.);
#368 = EDGE_CURVE('',#191,#369,#371,.T.);
#369 = VERTEX_POINT('',#370);
#370 = CARTESIAN_POINT('',(-0.6,0.625,4.E-02));
#371 = LINE('',#372,#373);
#372 = CARTESIAN_POINT('',(-1.,0.625,4.E-02));
#373 = VECTOR('',#374,1.);
#374 = DIRECTION('',(1.,0.,0.));
#375 = ORIENTED_EDGE('',*,*,#376,.T.);
#376 = EDGE_CURVE('',#369,#323,#377,.T.);
#377 = CIRCLE('',#378,4.E-02);
#378 = AXIS2_PLACEMENT_3D('',#379,#380,#381);
#379 = CARTESIAN_POINT('',(-0.6,0.585,4.E-02));
#380 = DIRECTION('',(-1.,0.,0.));
#381 = DIRECTION('',(0.,0.,1.));
#382 = ORIENTED_EDGE('',*,*,#330,.F.);
#383 = ORIENTED_EDGE('',*,*,#190,.F.);
#384 = CYLINDRICAL_SURFACE('',#385,4.E-02);
#385 = AXIS2_PLACEMENT_3D('',#386,#387,#388);
#386 = CARTESIAN_POINT('',(-1.,0.585,4.E-02));
#387 = DIRECTION('',(1.,0.,0.));
#388 = DIRECTION('',(-0.,1.,0.));
#389 = ADVANCED_FACE('',(#390),#409,.T.);
#390 = FACE_BOUND('',#391,.T.);
#391 = EDGE_LOOP('',(#392,#393,#394,#403));
#392 = ORIENTED_EDGE('',*,*,#207,.T.);
#393 = ORIENTED_EDGE('',*,*,#354,.T.);
#394 = ORIENTED_EDGE('',*,*,#395,.F.);
#395 = EDGE_CURVE('',#396,#347,#398,.T.);
#396 = VERTEX_POINT('',#397);
#397 = CARTESIAN_POINT('',(-0.6,0.625,1.21));
#398 = CIRCLE('',#399,4.E-02);
#399 = AXIS2_PLACEMENT_3D('',#400,#401,#402);
#400 = CARTESIAN_POINT('',(-0.6,0.585,1.21));
#401 = DIRECTION('',(1.,0.,-0.));
#402 = DIRECTION('',(0.,0.,1.));
#403 = ORIENTED_EDGE('',*,*,#404,.F.);
#404 = EDGE_CURVE('',#200,#396,#405,.T.);
#405 = LINE('',#406,#407);
#406 = CARTESIAN_POINT('',(-1.,0.625,1.21));
#407 = VECTOR('',#408,1.);
#408 = DIRECTION('',(1.,0.,0.));
#409 = CYLINDRICAL_SURFACE('',#410,4.E-02);
#410 = AXIS2_PLACEMENT_3D('',#411,#412,#413);
#411 = CARTESIAN_POINT('',(-1.,0.585,1.21));
#412 = DIRECTION('',(1.,0.,0.));
#413 = DIRECTION('',(-0.,1.,0.));
#414 = ADVANCED_FACE('',(#415),#426,.T.);
#415 = FACE_BOUND('',#416,.T.);
#416 = EDGE_LOOP('',(#417,#423,#424,#425));
#417 = ORIENTED_EDGE('',*,*,#418,.F.);
#418 = EDGE_CURVE('',#369,#396,#419,.T.);
#419 = LINE('',#420,#421);
#420 = CARTESIAN_POINT('',(-0.6,0.625,0.));
#421 = VECTOR('',#422,1.);
#422 = DIRECTION('',(0.,0.,1.));
#423 = ORIENTED_EDGE('',*,*,#368,.F.);
#424 = ORIENTED_EDGE('',*,*,#199,.T.);
#425 = ORIENTED_EDGE('',*,*,#404,.T.);
#426 = PLANE('',#427);
#427 = AXIS2_PLACEMENT_3D('',#428,#429,#430);
#428 = CARTESIAN_POINT('',(-1.,0.625,0.));
#429 = DIRECTION('',(0.,1.,0.));
#430 = DIRECTION('',(0.,-0.,1.));
#431 = ADVANCED_FACE('',(#432,#442),#512,.T.);
#432 = FACE_BOUND('',#433,.T.);
#433 = EDGE_LOOP('',(#434,#435,#436,#437,#438,#439,#440,#441));
#434 = ORIENTED_EDGE('',*,*,#239,.F.);
#435 = ORIENTED_EDGE('',*,*,#279,.T.);
#436 = ORIENTED_EDGE('',*,*,#322,.T.);
#437 = ORIENTED_EDGE('',*,*,#376,.F.);
#438 = ORIENTED_EDGE('',*,*,#418,.T.);
#439 = ORIENTED_EDGE('',*,*,#395,.T.);
#440 = ORIENTED_EDGE('',*,*,#346,.F.);
#441 = ORIENTED_EDGE('',*,*,#296,.F.);
#442 = FACE_BOUND('',#443,.T.);
#443 = EDGE_LOOP('',(#444,#455,#463,#472,#480,#489,#497,#506));
#444 = ORIENTED_EDGE('',*,*,#445,.F.);
#445 = EDGE_CURVE('',#446,#448,#450,.T.);
#446 = VERTEX_POINT('',#447);
#447 = CARTESIAN_POINT('',(-0.6,-0.585,8.E-02));
#448 = VERTEX_POINT('',#449);
#449 = CARTESIAN_POINT('',(-0.6,-0.545,4.E-02));
#450 = CIRCLE('',#451,4.E-02);
#451 = AXIS2_PLACEMENT_3D('',#452,#453,#454);
#452 = CARTESIAN_POINT('',(-0.6,-0.545,8.E-02));
#453 = DIRECTION('',(1.,0.,-0.));
#454 = DIRECTION('',(0.,0.,1.));
#455 = ORIENTED_EDGE('',*,*,#456,.T.);
#456 = EDGE_CURVE('',#446,#457,#459,.T.);
#457 = VERTEX_POINT('',#458);
#458 = CARTESIAN_POINT('',(-0.6,-0.585,1.17));
#459 = LINE('',#460,#461);
#460 = CARTESIAN_POINT('',(-0.6,-0.585,4.E-02));
#461 = VECTOR('',#462,1.);
#462 = DIRECTION('',(0.,0.,1.));
#463 = ORIENTED_EDGE('',*,*,#464,.T.);
#464 = EDGE_CURVE('',#457,#465,#467,.T.);
#465 = VERTEX_POINT('',#466);
#466 = CARTESIAN_POINT('',(-0.6,-0.545,1.21));
#467 = CIRCLE('',#468,4.E-02);
#468 = AXIS2_PLACEMENT_3D('',#469,#470,#471);
#469 = CARTESIAN_POINT('',(-0.6,-0.545,1.17));
#470 = DIRECTION('',(-1.,0.,0.));
#471 = DIRECTION('',(0.,0.,1.));
#472 = ORIENTED_EDGE('',*,*,#473,.T.);
#473 = EDGE_CURVE('',#465,#474,#476,.T.);
#474 = VERTEX_POINT('',#475);
#475 = CARTESIAN_POINT('',(-0.6,0.545,1.21));
#476 = LINE('',#477,#478);
#477 = CARTESIAN_POINT('',(-0.6,-0.585,1.21));
#478 = VECTOR('',#479,1.);
#479 = DIRECTION('',(0.,1.,0.));
#480 = ORIENTED_EDGE('',*,*,#481,.F.);
#481 = EDGE_CURVE('',#482,#474,#484,.T.);
#482 = VERTEX_POINT('',#483);
#483 = CARTESIAN_POINT('',(-0.6,0.585,1.17));
#484 = CIRCLE('',#485,4.E-02);
#485 = AXIS2_PLACEMENT_3D('',#486,#487,#488);
#486 = CARTESIAN_POINT('',(-0.6,0.545,1.17));
#487 = DIRECTION('',(1.,0.,-0.));
#488 = DIRECTION('',(0.,0.,1.));
#489 = ORIENTED_EDGE('',*,*,#490,.F.);
#490 = EDGE_CURVE('',#491,#482,#493,.T.);
#491 = VERTEX_POINT('',#492);
#492 = CARTESIAN_POINT('',(-0.6,0.585,8.E-02));
#493 = LINE('',#494,#495);
#494 = CARTESIAN_POINT('',(-0.6,0.585,4.E-02));
#495 = VECTOR('',#496,1.);
#496 = DIRECTION('',(0.,0.,1.));
#497 = ORIENTED_EDGE('',*,*,#498,.T.);
#498 = EDGE_CURVE('',#491,#499,#501,.T.);
#499 = VERTEX_POINT('',#500);
#500 = CARTESIAN_POINT('',(-0.6,0.545,4.E-02));
#501 = CIRCLE('',#502,4.E-02);
#502 = AXIS2_PLACEMENT_3D('',#503,#504,#505);
#503 = CARTESIAN_POINT('',(-0.6,0.545,8.E-02));
#504 = DIRECTION('',(-1.,0.,0.));
#505 = DIRECTION('',(0.,0.,1.));
#506 = ORIENTED_EDGE('',*,*,#507,.F.);
#507 = EDGE_CURVE('',#448,#499,#508,.T.);
#508 = LINE('',#509,#510);
#509 = CARTESIAN_POINT('',(-0.6,-0.585,4.E-02));
#510 = VECTOR('',#511,1.);
#511 = DIRECTION('',(0.,1.,0.));
#512 = PLANE('',#513);
#513 = AXIS2_PLACEMENT_3D('',#514,#515,#516);
#514 = CARTESIAN_POINT('',(-0.6,-0.625,0.));
#515 = DIRECTION('',(1.,0.,0.));
#516 = DIRECTION('',(0.,0.,1.));
#517 = ADVANCED_FACE('',(#518),#544,.T.);
#518 = FACE_BOUND('',#519,.T.);
#519 = EDGE_LOOP('',(#520,#521,#529,#538));
#520 = ORIENTED_EDGE('',*,*,#445,.T.);
#521 = ORIENTED_EDGE('',*,*,#522,.T.);
#522 = EDGE_CURVE('',#448,#523,#525,.T.);
#523 = VERTEX_POINT('',#524);
#524 = CARTESIAN_POINT('',(0.6,-0.545,4.E-02));
#525 = LINE('',#526,#527);
#526 = CARTESIAN_POINT('',(-0.6,-0.545,4.E-02));
#527 = VECTOR('',#528,1.);
#528 = DIRECTION('',(1.,0.,0.));
#529 = ORIENTED_EDGE('',*,*,#530,.F.);
#530 = EDGE_CURVE('',#531,#523,#533,.T.);
#531 = VERTEX_POINT('',#532);
#532 = CARTESIAN_POINT('',(0.6,-0.585,8.E-02));
#533 = CIRCLE('',#534,4.E-02);
#534 = AXIS2_PLACEMENT_3D('',#535,#536,#537);
#535 = CARTESIAN_POINT('',(0.6,-0.545,8.E-02));
#536 = DIRECTION('',(1.,0.,-0.));
#537 = DIRECTION('',(0.,0.,1.));
#538 = ORIENTED_EDGE('',*,*,#539,.F.);
#539 = EDGE_CURVE('',#446,#531,#540,.T.);
#540 = LINE('',#541,#542);
#541 = CARTESIAN_POINT('',(-0.6,-0.585,8.E-02));
#542 = VECTOR('',#543,1.);
#543 = DIRECTION('',(1.,0.,0.));
#544 = CYLINDRICAL_SURFACE('',#545,4.E-02);
#545 = AXIS2_PLACEMENT_3D('',#546,#547,#548);
#546 = CARTESIAN_POINT('',(-0.6,-0.545,8.E-02));
#547 = DIRECTION('',(1.,0.,0.));
#548 = DIRECTION('',(0.,-1.,0.));
#549 = ADVANCED_FACE('',(#550),#568,.F.);
#550 = FACE_BOUND('',#551,.F.);
#551 = EDGE_LOOP('',(#552,#553,#554,#562));
#552 = ORIENTED_EDGE('',*,*,#507,.F.);
#553 = ORIENTED_EDGE('',*,*,#522,.T.);
#554 = ORIENTED_EDGE('',*,*,#555,.T.);
#555 = EDGE_CURVE('',#523,#556,#558,.T.);
#556 = VERTEX_POINT('',#557);
#557 = CARTESIAN_POINT('',(0.6,0.545,4.E-02));
#558 = LINE('',#559,#560);
#559 = CARTESIAN_POINT('',(0.6,-0.585,4.E-02));
#560 = VECTOR('',#561,1.);
#561 = DIRECTION('',(0.,1.,0.));
#562 = ORIENTED_EDGE('',*,*,#563,.F.);
#563 = EDGE_CURVE('',#499,#556,#564,.T.);
#564 = LINE('',#565,#566);
#565 = CARTESIAN_POINT('',(-0.6,0.545,4.E-02));
#566 = VECTOR('',#567,1.);
#567 = DIRECTION('',(1.,0.,0.));
#568 = PLANE('',#569);
#569 = AXIS2_PLACEMENT_3D('',#570,#571,#572);
#570 = CARTESIAN_POINT('',(-0.6,-0.585,4.E-02));
#571 = DIRECTION('',(0.,0.,1.));
#572 = DIRECTION('',(1.,0.,-0.));
#573 = ADVANCED_FACE('',(#574),#593,.T.);
#574 = FACE_BOUND('',#575,.T.);
#575 = EDGE_LOOP('',(#576,#584,#591,#592));
#576 = ORIENTED_EDGE('',*,*,#577,.T.);
#577 = EDGE_CURVE('',#491,#578,#580,.T.);
#578 = VERTEX_POINT('',#579);
#579 = CARTESIAN_POINT('',(0.6,0.585,8.E-02));
#580 = LINE('',#581,#582);
#581 = CARTESIAN_POINT('',(-0.6,0.585,8.E-02));
#582 = VECTOR('',#583,1.);
#583 = DIRECTION('',(1.,0.,0.));
#584 = ORIENTED_EDGE('',*,*,#585,.T.);
#585 = EDGE_CURVE('',#578,#556,#586,.T.);
#586 = CIRCLE('',#587,4.E-02);
#587 = AXIS2_PLACEMENT_3D('',#588,#589,#590);
#588 = CARTESIAN_POINT('',(0.6,0.545,8.E-02));
#589 = DIRECTION('',(-1.,0.,0.));
#590 = DIRECTION('',(0.,0.,1.));
#591 = ORIENTED_EDGE('',*,*,#563,.F.);
#592 = ORIENTED_EDGE('',*,*,#498,.F.);
#593 = CYLINDRICAL_SURFACE('',#594,4.E-02);
#594 = AXIS2_PLACEMENT_3D('',#595,#596,#597);
#595 = CARTESIAN_POINT('',(-0.6,0.545,8.E-02));
#596 = DIRECTION('',(1.,0.,0.));
#597 = DIRECTION('',(-0.,1.,0.));
#598 = ADVANCED_FACE('',(#599),#617,.T.);
#599 = FACE_BOUND('',#600,.T.);
#600 = EDGE_LOOP('',(#601,#609,#610,#611));
#601 = ORIENTED_EDGE('',*,*,#602,.F.);
#602 = EDGE_CURVE('',#578,#603,#605,.T.);
#603 = VERTEX_POINT('',#604);
#604 = CARTESIAN_POINT('',(0.6,0.585,1.17));
#605 = LINE('',#606,#607);
#606 = CARTESIAN_POINT('',(0.6,0.585,4.E-02));
#607 = VECTOR('',#608,1.);
#608 = DIRECTION('',(0.,0.,1.));
#609 = ORIENTED_EDGE('',*,*,#577,.F.);
#610 = ORIENTED_EDGE('',*,*,#490,.T.);
#611 = ORIENTED_EDGE('',*,*,#612,.T.);
#612 = EDGE_CURVE('',#482,#603,#613,.T.);
#613 = LINE('',#614,#615);
#614 = CARTESIAN_POINT('',(-0.6,0.585,1.17));
#615 = VECTOR('',#616,1.);
#616 = DIRECTION('',(1.,0.,0.));
#617 = PLANE('',#618);
#618 = AXIS2_PLACEMENT_3D('',#619,#620,#621);
#619 = CARTESIAN_POINT('',(-0.6,0.585,4.E-02));
#620 = DIRECTION('',(0.,1.,0.));
#621 = DIRECTION('',(0.,-0.,1.));
#622 = ADVANCED_FACE('',(#623),#642,.T.);
#623 = FACE_BOUND('',#624,.T.);
#624 = EDGE_LOOP('',(#625,#626,#634,#641));
#625 = ORIENTED_EDGE('',*,*,#481,.T.);
#626 = ORIENTED_EDGE('',*,*,#627,.T.);
#627 = EDGE_CURVE('',#474,#628,#630,.T.);
#628 = VERTEX_POINT('',#629);
#629 = CARTESIAN_POINT('',(0.6,0.545,1.21));
#630 = LINE('',#631,#632);
#631 = CARTESIAN_POINT('',(-0.6,0.545,1.21));
#632 = VECTOR('',#633,1.);
#633 = DIRECTION('',(1.,0.,0.));
#634 = ORIENTED_EDGE('',*,*,#635,.F.);
#635 = EDGE_CURVE('',#603,#628,#636,.T.);
#636 = CIRCLE('',#637,4.E-02);
#637 = AXIS2_PLACEMENT_3D('',#638,#639,#640);
#638 = CARTESIAN_POINT('',(0.6,0.545,1.17));
#639 = DIRECTION('',(1.,0.,-0.));
#640 = DIRECTION('',(0.,0.,1.));
#641 = ORIENTED_EDGE('',*,*,#612,.F.);
#642 = CYLINDRICAL_SURFACE('',#643,4.E-02);
#643 = AXIS2_PLACEMENT_3D('',#644,#645,#646);
#644 = CARTESIAN_POINT('',(-0.6,0.545,1.17));
#645 = DIRECTION('',(1.,0.,0.));
#646 = DIRECTION('',(-0.,1.,0.));
#647 = ADVANCED_FACE('',(#648),#666,.T.);
#648 = FACE_BOUND('',#649,.T.);
#649 = EDGE_LOOP('',(#650,#651,#659,#665));
#650 = ORIENTED_EDGE('',*,*,#473,.F.);
#651 = ORIENTED_EDGE('',*,*,#652,.T.);
#652 = EDGE_CURVE('',#465,#653,#655,.T.);
#653 = VERTEX_POINT('',#654);
#654 = CARTESIAN_POINT('',(0.6,-0.545,1.21));
#655 = LINE('',#656,#657);
#656 = CARTESIAN_POINT('',(-0.6,-0.545,1.21));
#657 = VECTOR('',#658,1.);
#658 = DIRECTION('',(1.,0.,0.));
#659 = ORIENTED_EDGE('',*,*,#660,.T.);
#660 = EDGE_CURVE('',#653,#628,#661,.T.);
#661 = LINE('',#662,#663);
#662 = CARTESIAN_POINT('',(0.6,-0.585,1.21));
#663 = VECTOR('',#664,1.);
#664 = DIRECTION('',(0.,1.,0.));
#665 = ORIENTED_EDGE('',*,*,#627,.F.);
#666 = PLANE('',#667);
#667 = AXIS2_PLACEMENT_3D('',#668,#669,#670);
#668 = CARTESIAN_POINT('',(-0.6,-0.585,1.21));
#669 = DIRECTION('',(0.,0.,1.));
#670 = DIRECTION('',(1.,0.,-0.));
#671 = ADVANCED_FACE('',(#672),#691,.T.);
#672 = FACE_BOUND('',#673,.T.);
#673 = EDGE_LOOP('',(#674,#682,#689,#690));
#674 = ORIENTED_EDGE('',*,*,#675,.T.);
#675 = EDGE_CURVE('',#457,#676,#678,.T.);
#676 = VERTEX_POINT('',#677);
#677 = CARTESIAN_POINT('',(0.6,-0.585,1.17));
#678 = LINE('',#679,#680);
#679 = CARTESIAN_POINT('',(-0.6,-0.585,1.17));
#680 = VECTOR('',#681,1.);
#681 = DIRECTION('',(1.,0.,0.));
#682 = ORIENTED_EDGE('',*,*,#683,.T.);
#683 = EDGE_CURVE('',#676,#653,#684,.T.);
#684 = CIRCLE('',#685,4.E-02);
#685 = AXIS2_PLACEMENT_3D('',#686,#687,#688);
#686 = CARTESIAN_POINT('',(0.6,-0.545,1.17));
#687 = DIRECTION('',(-1.,0.,0.));
#688 = DIRECTION('',(0.,0.,1.));
#689 = ORIENTED_EDGE('',*,*,#652,.F.);
#690 = ORIENTED_EDGE('',*,*,#464,.F.);
#691 = CYLINDRICAL_SURFACE('',#692,4.E-02);
#692 = AXIS2_PLACEMENT_3D('',#693,#694,#695);
#693 = CARTESIAN_POINT('',(-0.6,-0.545,1.17));
#694 = DIRECTION('',(1.,0.,0.));
#695 = DIRECTION('',(0.,-1.,0.));
#696 = ADVANCED_FACE('',(#697),#708,.F.);
#697 = FACE_BOUND('',#698,.F.);
#698 = EDGE_LOOP('',(#699,#705,#706,#707));
#699 = ORIENTED_EDGE('',*,*,#700,.F.);
#700 = EDGE_CURVE('',#531,#676,#701,.T.);
#701 = LINE('',#702,#703);
#702 = CARTESIAN_POINT('',(0.6,-0.585,4.E-02));
#703 = VECTOR('',#704,1.);
#704 = DIRECTION('',(0.,0.,1.));
#705 = ORIENTED_EDGE('',*,*,#539,.F.);
#706 = ORIENTED_EDGE('',*,*,#456,.T.);
#707 = ORIENTED_EDGE('',*,*,#675,.T.);
#708 = PLANE('',#709);
#709 = AXIS2_PLACEMENT_3D('',#710,#711,#712);
#710 = CARTESIAN_POINT('',(-0.6,-0.585,4.E-02));
#711 = DIRECTION('',(0.,1.,0.));
#712 = DIRECTION('',(0.,-0.,1.));
#713 = ADVANCED_FACE('',(#714,#784),#794,.F.);
#714 = FACE_BOUND('',#715,.F.);
#715 = EDGE_LOOP('',(#716,#726,#735,#743,#752,#760,#769,#777));
#716 = ORIENTED_EDGE('',*,*,#717,.F.);
#717 = EDGE_CURVE('',#718,#720,#722,.T.);
#718 = VERTEX_POINT('',#719);
#719 = CARTESIAN_POINT('',(0.6,-0.625,4.E-02));
#720 = VERTEX_POINT('',#721);
#721 = CARTESIAN_POINT('',(0.6,-0.625,1.21));
#722 = LINE('',#723,#724);
#723 = CARTESIAN_POINT('',(0.6,-0.625,0.));
#724 = VECTOR('',#725,1.);
#725 = DIRECTION('',(0.,0.,1.));
#726 = ORIENTED_EDGE('',*,*,#727,.T.);
#727 = EDGE_CURVE('',#718,#728,#730,.T.);
#728 = VERTEX_POINT('',#729);
#729 = CARTESIAN_POINT('',(0.6,-0.585,0.));
#730 = CIRCLE('',#731,4.E-02);
#731 = AXIS2_PLACEMENT_3D('',#732,#733,#734);
#732 = CARTESIAN_POINT('',(0.6,-0.585,4.E-02));
#733 = DIRECTION('',(1.,0.,-0.));
#734 = DIRECTION('',(0.,0.,1.));
#735 = ORIENTED_EDGE('',*,*,#736,.T.);
#736 = EDGE_CURVE('',#728,#737,#739,.T.);
#737 = VERTEX_POINT('',#738);
#738 = CARTESIAN_POINT('',(0.6,0.585,0.));
#739 = LINE('',#740,#741);
#740 = CARTESIAN_POINT('',(0.6,-0.625,0.));
#741 = VECTOR('',#742,1.);
#742 = DIRECTION('',(0.,1.,0.));
#743 = ORIENTED_EDGE('',*,*,#744,.F.);
#744 = EDGE_CURVE('',#745,#737,#747,.T.);
#745 = VERTEX_POINT('',#746);
#746 = CARTESIAN_POINT('',(0.6,0.625,4.E-02));
#747 = CIRCLE('',#748,4.E-02);
#748 = AXIS2_PLACEMENT_3D('',#749,#750,#751);
#749 = CARTESIAN_POINT('',(0.6,0.585,4.E-02));
#750 = DIRECTION('',(-1.,0.,0.));
#751 = DIRECTION('',(0.,0.,1.));
#752 = ORIENTED_EDGE('',*,*,#753,.T.);
#753 = EDGE_CURVE('',#745,#754,#756,.T.);
#754 = VERTEX_POINT('',#755);
#755 = CARTESIAN_POINT('',(0.6,0.625,1.21));
#756 = LINE('',#757,#758);
#757 = CARTESIAN_POINT('',(0.6,0.625,0.));
#758 = VECTOR('',#759,1.);
#759 = DIRECTION('',(0.,0.,1.));
#760 = ORIENTED_EDGE('',*,*,#761,.T.);
#761 = EDGE_CURVE('',#754,#762,#764,.T.);
#762 = VERTEX_POINT('',#763);
#763 = CARTESIAN_POINT('',(0.6,0.585,1.25));
#764 = CIRCLE('',#765,4.E-02);
#765 = AXIS2_PLACEMENT_3D('',#766,#767,#768);
#766 = CARTESIAN_POINT('',(0.6,0.585,1.21));
#767 = DIRECTION('',(1.,0.,-0.));
#768 = DIRECTION('',(0.,0.,1.));
#769 = ORIENTED_EDGE('',*,*,#770,.F.);
#770 = EDGE_CURVE('',#771,#762,#773,.T.);
#771 = VERTEX_POINT('',#772);
#772 = CARTESIAN_POINT('',(0.6,-0.585,1.25));
#773 = LINE('',#774,#775);
#774 = CARTESIAN_POINT('',(0.6,-0.625,1.25));
#775 = VECTOR('',#776,1.);
#776 = DIRECTION('',(0.,1.,0.));
#777 = ORIENTED_EDGE('',*,*,#778,.F.);
#778 = EDGE_CURVE('',#720,#771,#779,.T.);
#779 = CIRCLE('',#780,4.E-02);
#780 = AXIS2_PLACEMENT_3D('',#781,#782,#783);
#781 = CARTESIAN_POINT('',(0.6,-0.585,1.21));
#782 = DIRECTION('',(-1.,0.,0.));
#783 = DIRECTION('',(0.,0.,1.));
#784 = FACE_BOUND('',#785,.F.);
#785 = EDGE_LOOP('',(#786,#787,#788,#789,#790,#791,#792,#793));
#786 = ORIENTED_EDGE('',*,*,#530,.F.);
#787 = ORIENTED_EDGE('',*,*,#700,.T.);
#788 = ORIENTED_EDGE('',*,*,#683,.T.);
#789 = ORIENTED_EDGE('',*,*,#660,.T.);
#790 = ORIENTED_EDGE('',*,*,#635,.F.);
#791 = ORIENTED_EDGE('',*,*,#602,.F.);
#792 = ORIENTED_EDGE('',*,*,#585,.T.);
#793 = ORIENTED_EDGE('',*,*,#555,.F.);
#794 = PLANE('',#795);
#795 = AXIS2_PLACEMENT_3D('',#796,#797,#798);
#796 = CARTESIAN_POINT('',(0.6,-0.625,0.));
#797 = DIRECTION('',(1.,0.,0.));
#798 = DIRECTION('',(0.,0.,1.));
#799 = ADVANCED_FACE('',(#800),#825,.F.);
#800 = FACE_BOUND('',#801,.F.);
#801 = EDGE_LOOP('',(#802,#812,#818,#819));
#802 = ORIENTED_EDGE('',*,*,#803,.F.);
#803 = EDGE_CURVE('',#804,#806,#808,.T.);
#804 = VERTEX_POINT('',#805);
#805 = CARTESIAN_POINT('',(1.,-0.625,4.E-02));
#806 = VERTEX_POINT('',#807);
#807 = CARTESIAN_POINT('',(1.,-0.625,1.21));
#808 = LINE('',#809,#810);
#809 = CARTESIAN_POINT('',(1.,-0.625,0.));
#810 = VECTOR('',#811,1.);
#811 = DIRECTION('',(0.,0.,1.));
#812 = ORIENTED_EDGE('',*,*,#813,.F.);
#813 = EDGE_CURVE('',#718,#804,#814,.T.);
#814 = LINE('',#815,#816);
#815 = CARTESIAN_POINT('',(0.6,-0.625,4.E-02));
#816 = VECTOR('',#817,1.);
#817 = DIRECTION('',(1.,0.,0.));
#818 = ORIENTED_EDGE('',*,*,#717,.T.);
#819 = ORIENTED_EDGE('',*,*,#820,.T.);
#820 = EDGE_CURVE('',#720,#806,#821,.T.);
#821 = LINE('',#822,#823);
#822 = CARTESIAN_POINT('',(0.6,-0.625,1.21));
#823 = VECTOR('',#824,1.);
#824 = DIRECTION('',(1.,0.,0.));
#825 = PLANE('',#826);
#826 = AXIS2_PLACEMENT_3D('',#827,#828,#829);
#827 = CARTESIAN_POINT('',(0.6,-0.625,0.));
#828 = DIRECTION('',(0.,1.,0.));
#829 = DIRECTION('',(0.,-0.,1.));
#830 = ADVANCED_FACE('',(#831),#850,.T.);
#831 = FACE_BOUND('',#832,.T.);
#832 = EDGE_LOOP('',(#833,#834,#842,#849));
#833 = ORIENTED_EDGE('',*,*,#727,.T.);
#834 = ORIENTED_EDGE('',*,*,#835,.T.);
#835 = EDGE_CURVE('',#728,#836,#838,.T.);
#836 = VERTEX_POINT('',#837);
#837 = CARTESIAN_POINT('',(1.,-0.585,0.));
#838 = LINE('',#839,#840);
#839 = CARTESIAN_POINT('',(0.6,-0.585,0.));
#840 = VECTOR('',#841,1.);
#841 = DIRECTION('',(1.,0.,0.));
#842 = ORIENTED_EDGE('',*,*,#843,.F.);
#843 = EDGE_CURVE('',#804,#836,#844,.T.);
#844 = CIRCLE('',#845,4.E-02);
#845 = AXIS2_PLACEMENT_3D('',#846,#847,#848);
#846 = CARTESIAN_POINT('',(1.,-0.585,4.E-02));
#847 = DIRECTION('',(1.,0.,-0.));
#848 = DIRECTION('',(0.,0.,1.));
#849 = ORIENTED_EDGE('',*,*,#813,.F.);
#850 = CYLINDRICAL_SURFACE('',#851,4.E-02);
#851 = AXIS2_PLACEMENT_3D('',#852,#853,#854);
#852 = CARTESIAN_POINT('',(0.6,-0.585,4.E-02));
#853 = DIRECTION('',(1.,0.,0.));
#854 = DIRECTION('',(0.,-1.,0.));
#855 = ADVANCED_FACE('',(#856),#875,.T.);
#856 = FACE_BOUND('',#857,.T.);
#857 = EDGE_LOOP('',(#858,#859,#868,#874));
#858 = ORIENTED_EDGE('',*,*,#820,.T.);
#859 = ORIENTED_EDGE('',*,*,#860,.T.);
#860 = EDGE_CURVE('',#806,#861,#863,.T.);
#861 = VERTEX_POINT('',#862);
#862 = CARTESIAN_POINT('',(1.,-0.585,1.25));
#863 = CIRCLE('',#864,4.E-02);
#864 = AXIS2_PLACEMENT_3D('',#865,#866,#867);
#865 = CARTESIAN_POINT('',(1.,-0.585,1.21));
#866 = DIRECTION('',(-1.,0.,0.));
#867 = DIRECTION('',(0.,0.,1.));
#868 = ORIENTED_EDGE('',*,*,#869,.F.);
#869 = EDGE_CURVE('',#771,#861,#870,.T.);
#870 = LINE('',#871,#872);
#871 = CARTESIAN_POINT('',(0.6,-0.585,1.25));
#872 = VECTOR('',#873,1.);
#873 = DIRECTION('',(1.,0.,0.));
#874 = ORIENTED_EDGE('',*,*,#778,.F.);
#875 = CYLINDRICAL_SURFACE('',#876,4.E-02);
#876 = AXIS2_PLACEMENT_3D('',#877,#878,#879);
#877 = CARTESIAN_POINT('',(0.6,-0.585,1.21));
#878 = DIRECTION('',(1.,0.,0.));
#879 = DIRECTION('',(0.,-1.,0.));
#880 = ADVANCED_FACE('',(#881),#899,.F.);
#881 = FACE_BOUND('',#882,.F.);
#882 = EDGE_LOOP('',(#883,#884,#885,#893));
#883 = ORIENTED_EDGE('',*,*,#736,.F.);
#884 = ORIENTED_EDGE('',*,*,#835,.T.);
#885 = ORIENTED_EDGE('',*,*,#886,.T.);
#886 = EDGE_CURVE('',#836,#887,#889,.T.);
#887 = VERTEX_POINT('',#888);
#888 = CARTESIAN_POINT('',(1.,0.585,0.));
#889 = LINE('',#890,#891);
#890 = CARTESIAN_POINT('',(1.,-0.625,0.));
#891 = VECTOR('',#892,1.);
#892 = DIRECTION('',(0.,1.,0.));
#893 = ORIENTED_EDGE('',*,*,#894,.F.);
#894 = EDGE_CURVE('',#737,#887,#895,.T.);
#895 = LINE('',#896,#897);
#896 = CARTESIAN_POINT('',(0.6,0.585,0.));
#897 = VECTOR('',#898,1.);
#898 = DIRECTION('',(1.,0.,0.));
#899 = PLANE('',#900);
#900 = AXIS2_PLACEMENT_3D('',#901,#902,#903);
#901 = CARTESIAN_POINT('',(0.6,-0.625,0.));
#902 = DIRECTION('',(0.,0.,1.));
#903 = DIRECTION('',(1.,0.,-0.));
#904 = ADVANCED_FACE('',(#905),#923,.T.);
#905 = FACE_BOUND('',#906,.T.);
#906 = EDGE_LOOP('',(#907,#908,#909,#917));
#907 = ORIENTED_EDGE('',*,*,#770,.F.);
#908 = ORIENTED_EDGE('',*,*,#869,.T.);
#909 = ORIENTED_EDGE('',*,*,#910,.T.);
#910 = EDGE_CURVE('',#861,#911,#913,.T.);
#911 = VERTEX_POINT('',#912);
#912 = CARTESIAN_POINT('',(1.,0.585,1.25));
#913 = LINE('',#914,#915);
#914 = CARTESIAN_POINT('',(1.,-0.625,1.25));
#915 = VECTOR('',#916,1.);
#916 = DIRECTION('',(0.,1.,0.));
#917 = ORIENTED_EDGE('',*,*,#918,.F.);
#918 = EDGE_CURVE('',#762,#911,#919,.T.);
#919 = LINE('',#920,#921);
#920 = CARTESIAN_POINT('',(0.6,0.585,1.25));
#921 = VECTOR('',#922,1.);
#922 = DIRECTION('',(1.,0.,0.));
#923 = PLANE('',#924);
#924 = AXIS2_PLACEMENT_3D('',#925,#926,#927);
#925 = CARTESIAN_POINT('',(0.6,-0.625,1.25));
#926 = DIRECTION('',(0.,0.,1.));
#927 = DIRECTION('',(1.,0.,-0.));
#928 = ADVANCED_FACE('',(#929),#948,.T.);
#929 = FACE_BOUND('',#930,.T.);
#930 = EDGE_LOOP('',(#931,#939,#946,#947));
#931 = ORIENTED_EDGE('',*,*,#932,.T.);
#932 = EDGE_CURVE('',#745,#933,#935,.T.);
#933 = VERTEX_POINT('',#934);
#934 = CARTESIAN_POINT('',(1.,0.625,4.E-02));
#935 = LINE('',#936,#937);
#936 = CARTESIAN_POINT('',(0.6,0.625,4.E-02));
#937 = VECTOR('',#938,1.);
#938 = DIRECTION('',(1.,0.,0.));
#939 = ORIENTED_EDGE('',*,*,#940,.T.);
#940 = EDGE_CURVE('',#933,#887,#941,.T.);
#941 = CIRCLE('',#942,4.E-02);
#942 = AXIS2_PLACEMENT_3D('',#943,#944,#945);
#943 = CARTESIAN_POINT('',(1.,0.585,4.E-02));
#944 = DIRECTION('',(-1.,0.,0.));
#945 = DIRECTION('',(0.,0.,1.));
#946 = ORIENTED_EDGE('',*,*,#894,.F.);
#947 = ORIENTED_EDGE('',*,*,#744,.F.);
#948 = CYLINDRICAL_SURFACE('',#949,4.E-02);
#949 = AXIS2_PLACEMENT_3D('',#950,#951,#952);
#950 = CARTESIAN_POINT('',(0.6,0.585,4.E-02));
#951 = DIRECTION('',(1.,0.,0.));
#952 = DIRECTION('',(-0.,1.,0.));
#953 = ADVANCED_FACE('',(#954),#973,.T.);
#954 = FACE_BOUND('',#955,.T.);
#955 = EDGE_LOOP('',(#956,#957,#958,#967));
#956 = ORIENTED_EDGE('',*,*,#761,.T.);
#957 = ORIENTED_EDGE('',*,*,#918,.T.);
#958 = ORIENTED_EDGE('',*,*,#959,.F.);
#959 = EDGE_CURVE('',#960,#911,#962,.T.);
#960 = VERTEX_POINT('',#961);
#961 = CARTESIAN_POINT('',(1.,0.625,1.21));
#962 = CIRCLE('',#963,4.E-02);
#963 = AXIS2_PLACEMENT_3D('',#964,#965,#966);
#964 = CARTESIAN_POINT('',(1.,0.585,1.21));
#965 = DIRECTION('',(1.,0.,-0.));
#966 = DIRECTION('',(0.,0.,1.));
#967 = ORIENTED_EDGE('',*,*,#968,.F.);
#968 = EDGE_CURVE('',#754,#960,#969,.T.);
#969 = LINE('',#970,#971);
#970 = CARTESIAN_POINT('',(0.6,0.625,1.21));
#971 = VECTOR('',#972,1.);
#972 = DIRECTION('',(1.,0.,0.));
#973 = CYLINDRICAL_SURFACE('',#974,4.E-02);
#974 = AXIS2_PLACEMENT_3D('',#975,#976,#977);
#975 = CARTESIAN_POINT('',(0.6,0.585,1.21));
#976 = DIRECTION('',(1.,0.,0.));
#977 = DIRECTION('',(-0.,1.,0.));
#978 = ADVANCED_FACE('',(#979),#990,.T.);
#979 = FACE_BOUND('',#980,.T.);
#980 = EDGE_LOOP('',(#981,#987,#988,#989));
#981 = ORIENTED_EDGE('',*,*,#982,.F.);
#982 = EDGE_CURVE('',#933,#960,#983,.T.);
#983 = LINE('',#984,#985);
#984 = CARTESIAN_POINT('',(1.,0.625,0.));
#985 = VECTOR('',#986,1.);
#986 = DIRECTION('',(0.,0.,1.));
#987 = ORIENTED_EDGE('',*,*,#932,.F.);
#988 = ORIENTED_EDGE('',*,*,#753,.T.);
#989 = ORIENTED_EDGE('',*,*,#968,.T.);
#990 = PLANE('',#991);
#991 = AXIS2_PLACEMENT_3D('',#992,#993,#994);
#992 = CARTESIAN_POINT('',(0.6,0.625,0.));
#993 = DIRECTION('',(0.,1.,0.));
#994 = DIRECTION('',(0.,-0.,1.));
#995 = ADVANCED_FACE('',(#996),#1006,.T.);
#996 = FACE_BOUND('',#997,.T.);
#997 = EDGE_LOOP('',(#998,#999,#1000,#1001,#1002,#1003,#1004,#1005));
#998 = ORIENTED_EDGE('',*,*,#803,.F.);
#999 = ORIENTED_EDGE('',*,*,#843,.T.);
#1000 = ORIENTED_EDGE('',*,*,#886,.T.);
#1001 = ORIENTED_EDGE('',*,*,#940,.F.);
#1002 = ORIENTED_EDGE('',*,*,#982,.T.);
#1003 = ORIENTED_EDGE('',*,*,#959,.T.);
#1004 = ORIENTED_EDGE('',*,*,#910,.F.);
#1005 = ORIENTED_EDGE('',*,*,#860,.F.);
#1006 = PLANE('',#1007);
#1007 = AXIS2_PLACEMENT_3D('',#1008,#1009,#1010);
#1008 = CARTESIAN_POINT('',(1.,-0.625,0.));
#1009 = DIRECTION('',(1.,0.,0.));
#1010 = DIRECTION('',(0.,0.,1.));
#1011 = ( GEOMETRIC_REPRESENTATION_CONTEXT(3) 
GLOBAL_UNCERTAINTY_ASSIGNED_CONTEXT((#1015)) 
GLOBAL_UNIT_ASSIGNED_CONTEXT((#1012,#1013,#1014)) REPRESENTATION_CONTEXT
('Context #1','3D Context with UNIT and UNCERTAINTY') );
#1012 = ( LENGTH_UNIT() NAMED_UNIT(*) SI_UNIT(.MILLI.,.METRE.) );
#1013 = ( NAMED_UNIT(*) PLANE_ANGLE_UNIT() SI_UNIT($,.RADIAN.) );
#1014 = ( NAMED_UNIT(*) SI_UNIT($,.STERADIAN.) SOLID_ANGLE_UNIT() );
#1015 = UNCERTAINTY_MEASURE_WITH_UNIT(LENGTH_MEASURE(1.E-07),#1012,
  'distance_accuracy_value','confusion accuracy');
#1016 = CONTEXT_DEPENDENT_SHAPE_REPRESENTATION(#1017,#1019);
#1017 = ( REPRESENTATION_RELATIONSHIP('','',#156,#10) 
REPRESENTATION_RELATIONSHIP_WITH_TRANSFORMATION(#1018) 
SHAPE_REPRESENTATION_RELATIONSHIP() );
#1018 = ITEM_DEFINED_TRANSFORMATION('','',#11,#15);
#1019 = PRODUCT_DEFINITION_SHAPE('Placement','Placement of an item',
  #1020);
#1020 = NEXT_ASSEMBLY_USAGE_OCCURRENCE('1','C10','',#5,#151,$);
#1021 = PRODUCT_RELATED_PRODUCT_CATEGORY('part',$,(#153));
#1022 = CONTEXT_DEPENDENT_SHAPE_REPRESENTATION(#1023,#1025);
#1023 = ( REPRESENTATION_RELATIONSHIP('','',#156,#10) 
REPRESENTATION_RELATIONSHIP_WITH_TRANSFORMATION(#1024) 
SHAPE_REPRESENTATION_RELATIONSHIP() );
#1024 = ITEM_DEFINED_TRANSFORMATION('','',#11,#19);
#1025 = PRODUCT_DEFINITION_SHAPE('Placement','Placement of an item',
  #1026);
#1026 = NEXT_ASSEMBLY_USAGE_OCCURRENCE('2','C12','',#5,#151,$);
#1027 = SHAPE_DEFINITION_REPRESENTATION(#1028,#1034);
#1028 = PRODUCT_DEFINITION_SHAPE('','',#1029);
#1029 = PRODUCT_DEFINITION('design','',#1030,#1033);
#1030 = PRODUCT_DEFINITION_FORMATION('','',#1031);
#1031 = PRODUCT('LED_0805_2012Metric','LED_0805_2012Metric','',(#1032));
#1032 = PRODUCT_CONTEXT('',#2,'mechanical');
#1033 = PRODUCT_DEFINITION_CONTEXT('part definition',#2,'design');
#1034 = ADVANCED_BREP_SHAPE_REPRESENTATION('',(#11,#1035),#2558);
#1035 = MANIFOLD_SOLID_BREP('',#1036);
#1036 = CLOSED_SHELL('',(#1037,#1077,#1124,#1203,#1227,#1267,#1298,#1315
    ,#1348,#1372,#1439,#1560,#1627,#1651,#1682,#1715,#1771,#1795,#1819,
    #1843,#1876,#1888,#1951,#1976,#1993,#2017,#2035,#2053,#2071,#2088,
    #2105,#2136,#2161,#2186,#2210,#2227,#2258,#2282,#2299,#2327,#2352,
    #2376,#2401,#2448,#2465,#2477,#2499,#2511,#2529,#2547));
#1037 = ADVANCED_FACE('',(#1038),#1072,.F.);
#1038 = FACE_BOUND('',#1039,.F.);
#1039 = EDGE_LOOP('',(#1040,#1050,#1058,#1066));
#1040 = ORIENTED_EDGE('',*,*,#1041,.T.);
#1041 = EDGE_CURVE('',#1042,#1044,#1046,.T.);
#1042 = VERTEX_POINT('',#1043);
#1043 = CARTESIAN_POINT('',(-0.65,-0.625,0.465));
#1044 = VERTEX_POINT('',#1045);
#1045 = CARTESIAN_POINT('',(-0.585,-0.625,1.1));
#1046 = LINE('',#1047,#1048);
#1047 = CARTESIAN_POINT('',(-0.65,-0.625,0.465));
#1048 = VECTOR('',#1049,1.);
#1049 = DIRECTION('',(0.101830105936,0.,0.994801804142));
#1050 = ORIENTED_EDGE('',*,*,#1051,.T.);
#1051 = EDGE_CURVE('',#1044,#1052,#1054,.T.);
#1052 = VERTEX_POINT('',#1053);
#1053 = CARTESIAN_POINT('',(0.585,-0.625,1.1));
#1054 = LINE('',#1055,#1056);
#1055 = CARTESIAN_POINT('',(-0.585,-0.625,1.1));
#1056 = VECTOR('',#1057,1.);
#1057 = DIRECTION('',(1.,0.,0.));
#1058 = ORIENTED_EDGE('',*,*,#1059,.T.);
#1059 = EDGE_CURVE('',#1052,#1060,#1062,.T.);
#1060 = VERTEX_POINT('',#1061);
#1061 = CARTESIAN_POINT('',(0.65,-0.625,0.465));
#1062 = LINE('',#1063,#1064);
#1063 = CARTESIAN_POINT('',(0.585,-0.625,1.1));
#1064 = VECTOR('',#1065,1.);
#1065 = DIRECTION('',(0.101830105936,0.,-0.994801804142));
#1066 = ORIENTED_EDGE('',*,*,#1067,.T.);
#1067 = EDGE_CURVE('',#1060,#1042,#1068,.T.);
#1068 = LINE('',#1069,#1070);
#1069 = CARTESIAN_POINT('',(0.65,-0.625,0.465));
#1070 = VECTOR('',#1071,1.);
#1071 = DIRECTION('',(-1.,0.,-4.270088556251E-17));
#1072 = PLANE('',#1073);
#1073 = AXIS2_PLACEMENT_3D('',#1074,#1075,#1076);
#1074 = CARTESIAN_POINT('',(1.481626402817E-17,-0.625,0.771483451357));
#1075 = DIRECTION('',(-5.57234551408E-33,1.,3.18580557984E-32));
#1076 = DIRECTION('',(0.,-3.18580557984E-32,1.));
#1077 = ADVANCED_FACE('',(#1078),#1119,.T.);
#1078 = FACE_BOUND('',#1079,.T.);
#1079 = EDGE_LOOP('',(#1080,#1090,#1098,#1104,#1105,#1113));
#1080 = ORIENTED_EDGE('',*,*,#1081,.T.);
#1081 = EDGE_CURVE('',#1082,#1084,#1086,.T.);
#1082 = VERTEX_POINT('',#1083);
#1083 = CARTESIAN_POINT('',(-0.65,0.625,0.465));
#1084 = VERTEX_POINT('',#1085);
#1085 = CARTESIAN_POINT('',(-0.65,0.46875,0.465));
#1086 = LINE('',#1087,#1088);
#1087 = CARTESIAN_POINT('',(-0.65,0.625,0.465));
#1088 = VECTOR('',#1089,1.);
#1089 = DIRECTION('',(0.,-1.,0.));
#1090 = ORIENTED_EDGE('',*,*,#1091,.F.);
#1091 = EDGE_CURVE('',#1092,#1084,#1094,.T.);
#1092 = VERTEX_POINT('',#1093);
#1093 = CARTESIAN_POINT('',(-0.65,-0.46875,0.465));
#1094 = LINE('',#1095,#1096);
#1095 = CARTESIAN_POINT('',(-0.65,-0.625,0.465));
#1096 = VECTOR('',#1097,1.);
#1097 = DIRECTION('',(0.,1.,0.));
#1098 = ORIENTED_EDGE('',*,*,#1099,.T.);
#1099 = EDGE_CURVE('',#1092,#1042,#1100,.T.);
#1100 = LINE('',#1101,#1102);
#1101 = CARTESIAN_POINT('',(-0.65,0.625,0.465));
#1102 = VECTOR('',#1103,1.);
#1103 = DIRECTION('',(0.,-1.,0.));
#1104 = ORIENTED_EDGE('',*,*,#1041,.T.);
#1105 = ORIENTED_EDGE('',*,*,#1106,.F.);
#1106 = EDGE_CURVE('',#1107,#1044,#1109,.T.);
#1107 = VERTEX_POINT('',#1108);
#1108 = CARTESIAN_POINT('',(-0.585,0.625,1.1));
#1109 = LINE('',#1110,#1111);
#1110 = CARTESIAN_POINT('',(-0.585,0.625,1.1));
#1111 = VECTOR('',#1112,1.);
#1112 = DIRECTION('',(0.,-1.,0.));
#1113 = ORIENTED_EDGE('',*,*,#1114,.F.);
#1114 = EDGE_CURVE('',#1082,#1107,#1115,.T.);
#1115 = LINE('',#1116,#1117);
#1116 = CARTESIAN_POINT('',(-0.65,0.625,0.465));
#1117 = VECTOR('',#1118,1.);
#1118 = DIRECTION('',(0.101830105936,0.,0.994801804142));
#1119 = PLANE('',#1120);
#1120 = AXIS2_PLACEMENT_3D('',#1121,#1122,#1123);
#1121 = CARTESIAN_POINT('',(-0.65,0.625,0.465));
#1122 = DIRECTION('',(-0.994801804142,0.,0.101830105936));
#1123 = DIRECTION('',(0.101830105936,0.,0.994801804142));
#1124 = ADVANCED_FACE('',(#1125),#1198,.F.);
#1125 = FACE_BOUND('',#1126,.F.);
#1126 = EDGE_LOOP('',(#1127,#1137,#1145,#1153,#1159,#1160,#1168,#1176,
    #1184,#1192));
#1127 = ORIENTED_EDGE('',*,*,#1128,.F.);
#1128 = EDGE_CURVE('',#1129,#1131,#1133,.T.);
#1129 = VERTEX_POINT('',#1130);
#1130 = CARTESIAN_POINT('',(-0.965,-0.625,3.5E-02));
#1131 = VERTEX_POINT('',#1132);
#1132 = CARTESIAN_POINT('',(-0.9125,-0.625,3.5E-02));
#1133 = LINE('',#1134,#1135);
#1134 = CARTESIAN_POINT('',(-0.965,-0.625,3.5E-02));
#1135 = VECTOR('',#1136,1.);
#1136 = DIRECTION('',(1.,0.,0.));
#1137 = ORIENTED_EDGE('',*,*,#1138,.T.);
#1138 = EDGE_CURVE('',#1129,#1139,#1141,.T.);
#1139 = VERTEX_POINT('',#1140);
#1140 = CARTESIAN_POINT('',(-0.965,-0.625,0.465));
#1141 = LINE('',#1142,#1143);
#1142 = CARTESIAN_POINT('',(-0.965,-0.625,3.5E-02));
#1143 = VECTOR('',#1144,1.);
#1144 = DIRECTION('',(0.,0.,1.));
#1145 = ORIENTED_EDGE('',*,*,#1146,.T.);
#1146 = EDGE_CURVE('',#1139,#1147,#1149,.T.);
#1147 = VERTEX_POINT('',#1148);
#1148 = CARTESIAN_POINT('',(-0.9125,-0.625,0.465));
#1149 = LINE('',#1150,#1151);
#1150 = CARTESIAN_POINT('',(-0.965,-0.625,0.465));
#1151 = VECTOR('',#1152,1.);
#1152 = DIRECTION('',(1.,0.,0.));
#1153 = ORIENTED_EDGE('',*,*,#1154,.T.);
#1154 = EDGE_CURVE('',#1147,#1042,#1155,.T.);
#1155 = LINE('',#1156,#1157);
#1156 = CARTESIAN_POINT('',(-0.965,-0.625,0.465));
#1157 = VECTOR('',#1158,1.);
#1158 = DIRECTION('',(1.,0.,0.));
#1159 = ORIENTED_EDGE('',*,*,#1067,.F.);
#1160 = ORIENTED_EDGE('',*,*,#1161,.T.);
#1161 = EDGE_CURVE('',#1060,#1162,#1164,.T.);
#1162 = VERTEX_POINT('',#1163);
#1163 = CARTESIAN_POINT('',(0.9125,-0.625,0.465));
#1164 = LINE('',#1165,#1166);
#1165 = CARTESIAN_POINT('',(-0.965,-0.625,0.465));
#1166 = VECTOR('',#1167,1.);
#1167 = DIRECTION('',(1.,0.,0.));
#1168 = ORIENTED_EDGE('',*,*,#1169,.T.);
#1169 = EDGE_CURVE('',#1162,#1170,#1172,.T.);
#1170 = VERTEX_POINT('',#1171);
#1171 = CARTESIAN_POINT('',(0.965,-0.625,0.465));
#1172 = LINE('',#1173,#1174);
#1173 = CARTESIAN_POINT('',(-0.965,-0.625,0.465));
#1174 = VECTOR('',#1175,1.);
#1175 = DIRECTION('',(1.,0.,0.));
#1176 = ORIENTED_EDGE('',*,*,#1177,.F.);
#1177 = EDGE_CURVE('',#1178,#1170,#1180,.T.);
#1178 = VERTEX_POINT('',#1179);
#1179 = CARTESIAN_POINT('',(0.965,-0.625,3.5E-02));
#1180 = LINE('',#1181,#1182);
#1181 = CARTESIAN_POINT('',(0.965,-0.625,3.5E-02));
#1182 = VECTOR('',#1183,1.);
#1183 = DIRECTION('',(0.,0.,1.));
#1184 = ORIENTED_EDGE('',*,*,#1185,.F.);
#1185 = EDGE_CURVE('',#1186,#1178,#1188,.T.);
#1186 = VERTEX_POINT('',#1187);
#1187 = CARTESIAN_POINT('',(0.9125,-0.625,3.5E-02));
#1188 = LINE('',#1189,#1190);
#1189 = CARTESIAN_POINT('',(-0.965,-0.625,3.5E-02));
#1190 = VECTOR('',#1191,1.);
#1191 = DIRECTION('',(1.,0.,0.));
#1192 = ORIENTED_EDGE('',*,*,#1193,.F.);
#1193 = EDGE_CURVE('',#1131,#1186,#1194,.T.);
#1194 = LINE('',#1195,#1196);
#1195 = CARTESIAN_POINT('',(-0.965,-0.625,3.5E-02));
#1196 = VECTOR('',#1197,1.);
#1197 = DIRECTION('',(1.,0.,0.));
#1198 = PLANE('',#1199);
#1199 = AXIS2_PLACEMENT_3D('',#1200,#1201,#1202);
#1200 = CARTESIAN_POINT('',(-0.965,-0.625,3.5E-02));
#1201 = DIRECTION('',(0.,1.,0.));
#1202 = DIRECTION('',(0.,-0.,1.));
#1203 = ADVANCED_FACE('',(#1204),#1222,.T.);
#1204 = FACE_BOUND('',#1205,.T.);
#1205 = EDGE_LOOP('',(#1206,#1207,#1208,#1216));
#1206 = ORIENTED_EDGE('',*,*,#1106,.T.);
#1207 = ORIENTED_EDGE('',*,*,#1051,.T.);
#1208 = ORIENTED_EDGE('',*,*,#1209,.F.);
#1209 = EDGE_CURVE('',#1210,#1052,#1212,.T.);
#1210 = VERTEX_POINT('',#1211);
#1211 = CARTESIAN_POINT('',(0.585,0.625,1.1));
#1212 = LINE('',#1213,#1214);
#1213 = CARTESIAN_POINT('',(0.585,0.625,1.1));
#1214 = VECTOR('',#1215,1.);
#1215 = DIRECTION('',(0.,-1.,0.));
#1216 = ORIENTED_EDGE('',*,*,#1217,.F.);
#1217 = EDGE_CURVE('',#1107,#1210,#1218,.T.);
#1218 = LINE('',#1219,#1220);
#1219 = CARTESIAN_POINT('',(-0.585,0.625,1.1));
#1220 = VECTOR('',#1221,1.);
#1221 = DIRECTION('',(1.,0.,0.));
#1222 = PLANE('',#1223);
#1223 = AXIS2_PLACEMENT_3D('',#1224,#1225,#1226);
#1224 = CARTESIAN_POINT('',(-0.585,0.625,1.1));
#1225 = DIRECTION('',(0.,0.,1.));
#1226 = DIRECTION('',(1.,0.,-0.));
#1227 = ADVANCED_FACE('',(#1228),#1262,.T.);
#1228 = FACE_BOUND('',#1229,.T.);
#1229 = EDGE_LOOP('',(#1230,#1231,#1232,#1240,#1248,#1256));
#1230 = ORIENTED_EDGE('',*,*,#1209,.T.);
#1231 = ORIENTED_EDGE('',*,*,#1059,.T.);
#1232 = ORIENTED_EDGE('',*,*,#1233,.F.);
#1233 = EDGE_CURVE('',#1234,#1060,#1236,.T.);
#1234 = VERTEX_POINT('',#1235);
#1235 = CARTESIAN_POINT('',(0.65,-0.46875,0.465));
#1236 = LINE('',#1237,#1238);
#1237 = CARTESIAN_POINT('',(0.65,0.625,0.465));
#1238 = VECTOR('',#1239,1.);
#1239 = DIRECTION('',(0.,-1.,0.));
#1240 = ORIENTED_EDGE('',*,*,#1241,.F.);
#1241 = EDGE_CURVE('',#1242,#1234,#1244,.T.);
#1242 = VERTEX_POINT('',#1243);
#1243 = CARTESIAN_POINT('',(0.65,0.46875,0.465));
#1244 = LINE('',#1245,#1246);
#1245 = CARTESIAN_POINT('',(0.65,0.625,0.465));
#1246 = VECTOR('',#1247,1.);
#1247 = DIRECTION('',(0.,-1.,0.));
#1248 = ORIENTED_EDGE('',*,*,#1249,.F.);
#1249 = EDGE_CURVE('',#1250,#1242,#1252,.T.);
#1250 = VERTEX_POINT('',#1251);
#1251 = CARTESIAN_POINT('',(0.65,0.625,0.465));
#1252 = LINE('',#1253,#1254);
#1253 = CARTESIAN_POINT('',(0.65,0.625,0.465));
#1254 = VECTOR('',#1255,1.);
#1255 = DIRECTION('',(0.,-1.,0.));
#1256 = ORIENTED_EDGE('',*,*,#1257,.F.);
#1257 = EDGE_CURVE('',#1210,#1250,#1258,.T.);
#1258 = LINE('',#1259,#1260);
#1259 = CARTESIAN_POINT('',(0.585,0.625,1.1));
#1260 = VECTOR('',#1261,1.);
#1261 = DIRECTION('',(0.101830105936,0.,-0.994801804142));
#1262 = PLANE('',#1263);
#1263 = AXIS2_PLACEMENT_3D('',#1264,#1265,#1266);
#1264 = CARTESIAN_POINT('',(0.585,0.625,1.1));
#1265 = DIRECTION('',(0.994801804142,0.,0.101830105936));
#1266 = DIRECTION('',(0.101830105936,0.,-0.994801804142));
#1267 = ADVANCED_FACE('',(#1268),#1293,.T.);
#1268 = FACE_BOUND('',#1269,.T.);
#1269 = EDGE_LOOP('',(#1270,#1278,#1286,#1292));
#1270 = ORIENTED_EDGE('',*,*,#1271,.F.);
#1271 = EDGE_CURVE('',#1272,#1082,#1274,.T.);
#1272 = VERTEX_POINT('',#1273);
#1273 = CARTESIAN_POINT('',(-0.9125,0.625,0.465));
#1274 = LINE('',#1275,#1276);
#1275 = CARTESIAN_POINT('',(-0.965,0.625,0.465));
#1276 = VECTOR('',#1277,1.);
#1277 = DIRECTION('',(1.,0.,0.));
#1278 = ORIENTED_EDGE('',*,*,#1279,.F.);
#1279 = EDGE_CURVE('',#1280,#1272,#1282,.T.);
#1280 = VERTEX_POINT('',#1281);
#1281 = CARTESIAN_POINT('',(-0.9125,0.46875,0.465));
#1282 = LINE('',#1283,#1284);
#1283 = CARTESIAN_POINT('',(-0.9125,7.8125E-02,0.465));
#1284 = VECTOR('',#1285,1.);
#1285 = DIRECTION('',(0.,1.,0.));
#1286 = ORIENTED_EDGE('',*,*,#1287,.F.);
#1287 = EDGE_CURVE('',#1084,#1280,#1288,.T.);
#1288 = LINE('',#1289,#1290);
#1289 = CARTESIAN_POINT('',(-0.93875,0.46875,0.465));
#1290 = VECTOR('',#1291,1.);
#1291 = DIRECTION('',(-1.,0.,0.));
#1292 = ORIENTED_EDGE('',*,*,#1081,.F.);
#1293 = PLANE('',#1294);
#1294 = AXIS2_PLACEMENT_3D('',#1295,#1296,#1297);
#1295 = CARTESIAN_POINT('',(-0.965,-0.625,0.465));
#1296 = DIRECTION('',(0.,0.,1.));
#1297 = DIRECTION('',(1.,0.,-0.));
#1298 = ADVANCED_FACE('',(#1299),#1310,.T.);
#1299 = FACE_BOUND('',#1300,.T.);
#1300 = EDGE_LOOP('',(#1301,#1302,#1303,#1304));
#1301 = ORIENTED_EDGE('',*,*,#1114,.T.);
#1302 = ORIENTED_EDGE('',*,*,#1217,.T.);
#1303 = ORIENTED_EDGE('',*,*,#1257,.T.);
#1304 = ORIENTED_EDGE('',*,*,#1305,.T.);
#1305 = EDGE_CURVE('',#1250,#1082,#1306,.T.);
#1306 = LINE('',#1307,#1308);
#1307 = CARTESIAN_POINT('',(0.65,0.625,0.465));
#1308 = VECTOR('',#1309,1.);
#1309 = DIRECTION('',(-1.,0.,-4.270088556251E-17));
#1310 = PLANE('',#1311);
#1311 = AXIS2_PLACEMENT_3D('',#1312,#1313,#1314);
#1312 = CARTESIAN_POINT('',(1.481626402817E-17,0.625,0.771483451357));
#1313 = DIRECTION('',(-5.57234551408E-33,1.,3.18580557984E-32));
#1314 = DIRECTION('',(0.,-3.18580557984E-32,1.));
#1315 = ADVANCED_FACE('',(#1316),#1343,.T.);
#1316 = FACE_BOUND('',#1317,.T.);
#1317 = EDGE_LOOP('',(#1318,#1327,#1335,#1342));
#1318 = ORIENTED_EDGE('',*,*,#1319,.F.);
#1319 = EDGE_CURVE('',#1320,#1084,#1322,.T.);
#1320 = VERTEX_POINT('',#1321);
#1321 = CARTESIAN_POINT('',(-0.685,0.46875,0.5));
#1322 = CIRCLE('',#1323,3.5E-02);
#1323 = AXIS2_PLACEMENT_3D('',#1324,#1325,#1326);
#1324 = CARTESIAN_POINT('',(-0.685,0.46875,0.465));
#1325 = DIRECTION('',(-0.,1.,0.));
#1326 = DIRECTION('',(1.,0.,0.));
#1327 = ORIENTED_EDGE('',*,*,#1328,.F.);
#1328 = EDGE_CURVE('',#1329,#1320,#1331,.T.);
#1329 = VERTEX_POINT('',#1330);
#1330 = CARTESIAN_POINT('',(-0.685,-0.46875,0.5));
#1331 = LINE('',#1332,#1333);
#1332 = CARTESIAN_POINT('',(-0.685,-0.625,0.5));
#1333 = VECTOR('',#1334,1.);
#1334 = DIRECTION('',(0.,1.,0.));
#1335 = ORIENTED_EDGE('',*,*,#1336,.T.);
#1336 = EDGE_CURVE('',#1329,#1092,#1337,.T.);
#1337 = CIRCLE('',#1338,3.5E-02);
#1338 = AXIS2_PLACEMENT_3D('',#1339,#1340,#1341);
#1339 = CARTESIAN_POINT('',(-0.685,-0.46875,0.465));
#1340 = DIRECTION('',(-0.,1.,0.));
#1341 = DIRECTION('',(1.,0.,0.));
#1342 = ORIENTED_EDGE('',*,*,#1091,.T.);
#1343 = CYLINDRICAL_SURFACE('',#1344,3.5E-02);
#1344 = AXIS2_PLACEMENT_3D('',#1345,#1346,#1347);
#1345 = CARTESIAN_POINT('',(-0.685,-0.625,0.465));
#1346 = DIRECTION('',(0.,1.,0.));
#1347 = DIRECTION('',(1.,0.,0.));
#1348 = ADVANCED_FACE('',(#1349),#1367,.T.);
#1349 = FACE_BOUND('',#1350,.T.);
#1350 = EDGE_LOOP('',(#1351,#1359,#1360,#1361));
#1351 = ORIENTED_EDGE('',*,*,#1352,.F.);
#1352 = EDGE_CURVE('',#1147,#1353,#1355,.T.);
#1353 = VERTEX_POINT('',#1354);
#1354 = CARTESIAN_POINT('',(-0.9125,-0.46875,0.465));
#1355 = LINE('',#1356,#1357);
#1356 = CARTESIAN_POINT('',(-0.9125,-0.546875,0.465));
#1357 = VECTOR('',#1358,1.);
#1358 = DIRECTION('',(0.,1.,0.));
#1359 = ORIENTED_EDGE('',*,*,#1154,.T.);
#1360 = ORIENTED_EDGE('',*,*,#1099,.F.);
#1361 = ORIENTED_EDGE('',*,*,#1362,.F.);
#1362 = EDGE_CURVE('',#1353,#1092,#1363,.T.);
#1363 = LINE('',#1364,#1365);
#1364 = CARTESIAN_POINT('',(-2.625E-02,-0.46875,0.465));
#1365 = VECTOR('',#1366,1.);
#1366 = DIRECTION('',(1.,0.,0.));
#1367 = PLANE('',#1368);
#1368 = AXIS2_PLACEMENT_3D('',#1369,#1370,#1371);
#1369 = CARTESIAN_POINT('',(-0.965,-0.625,0.465));
#1370 = DIRECTION('',(0.,0.,1.));
#1371 = DIRECTION('',(1.,0.,-0.));
#1372 = ADVANCED_FACE('',(#1373),#1434,.F.);
#1373 = FACE_BOUND('',#1374,.F.);
#1374 = EDGE_LOOP('',(#1375,#1385,#1394,#1402,#1411,#1419,#1425,#1426,
    #1427,#1428));
#1375 = ORIENTED_EDGE('',*,*,#1376,.F.);
#1376 = EDGE_CURVE('',#1377,#1379,#1381,.T.);
#1377 = VERTEX_POINT('',#1378);
#1378 = CARTESIAN_POINT('',(-0.965,-0.625,-6.938893903907E-18));
#1379 = VERTEX_POINT('',#1380);
#1380 = CARTESIAN_POINT('',(-0.9125,-0.625,0.));
#1381 = LINE('',#1382,#1383);
#1382 = CARTESIAN_POINT('',(-1.,-0.625,0.));
#1383 = VECTOR('',#1384,1.);
#1384 = DIRECTION('',(1.,0.,0.));
#1385 = ORIENTED_EDGE('',*,*,#1386,.F.);
#1386 = EDGE_CURVE('',#1387,#1377,#1389,.T.);
#1387 = VERTEX_POINT('',#1388);
#1388 = CARTESIAN_POINT('',(-1.,-0.625,3.5E-02));
#1389 = CIRCLE('',#1390,3.5E-02);
#1390 = AXIS2_PLACEMENT_3D('',#1391,#1392,#1393);
#1391 = CARTESIAN_POINT('',(-0.965,-0.625,3.5E-02));
#1392 = DIRECTION('',(0.,-1.,0.));
#1393 = DIRECTION('',(0.,0.,1.));
#1394 = ORIENTED_EDGE('',*,*,#1395,.T.);
#1395 = EDGE_CURVE('',#1387,#1396,#1398,.T.);
#1396 = VERTEX_POINT('',#1397);
#1397 = CARTESIAN_POINT('',(-1.,-0.625,0.465));
#1398 = LINE('',#1399,#1400);
#1399 = CARTESIAN_POINT('',(-1.,-0.625,0.));
#1400 = VECTOR('',#1401,1.);
#1401 = DIRECTION('',(0.,0.,1.));
#1402 = ORIENTED_EDGE('',*,*,#1403,.T.);
#1403 = EDGE_CURVE('',#1396,#1404,#1406,.T.);
#1404 = VERTEX_POINT('',#1405);
#1405 = CARTESIAN_POINT('',(-0.965,-0.625,0.5));
#1406 = CIRCLE('',#1407,3.5E-02);
#1407 = AXIS2_PLACEMENT_3D('',#1408,#1409,#1410);
#1408 = CARTESIAN_POINT('',(-0.965,-0.625,0.465));
#1409 = DIRECTION('',(0.,1.,0.));
#1410 = DIRECTION('',(0.,-0.,1.));
#1411 = ORIENTED_EDGE('',*,*,#1412,.T.);
#1412 = EDGE_CURVE('',#1404,#1413,#1415,.T.);
#1413 = VERTEX_POINT('',#1414);
#1414 = CARTESIAN_POINT('',(-0.9125,-0.625,0.5));
#1415 = LINE('',#1416,#1417);
#1416 = CARTESIAN_POINT('',(-1.,-0.625,0.5));
#1417 = VECTOR('',#1418,1.);
#1418 = DIRECTION('',(1.,0.,0.));
#1419 = ORIENTED_EDGE('',*,*,#1420,.F.);
#1420 = EDGE_CURVE('',#1147,#1413,#1421,.T.);
#1421 = LINE('',#1422,#1423);
#1422 = CARTESIAN_POINT('',(-0.9125,-0.625,0.375));
#1423 = VECTOR('',#1424,1.);
#1424 = DIRECTION('',(0.,0.,1.));
#1425 = ORIENTED_EDGE('',*,*,#1146,.F.);
#1426 = ORIENTED_EDGE('',*,*,#1138,.F.);
#1427 = ORIENTED_EDGE('',*,*,#1128,.T.);
#1428 = ORIENTED_EDGE('',*,*,#1429,.F.);
#1429 = EDGE_CURVE('',#1379,#1131,#1430,.T.);
#1430 = LINE('',#1431,#1432);
#1431 = CARTESIAN_POINT('',(-0.9125,-0.625,0.375));
#1432 = VECTOR('',#1433,1.);
#1433 = DIRECTION('',(0.,0.,1.));
#1434 = PLANE('',#1435);
#1435 = AXIS2_PLACEMENT_3D('',#1436,#1437,#1438);
#1436 = CARTESIAN_POINT('',(-1.,-0.625,0.));
#1437 = DIRECTION('',(0.,1.,0.));
#1438 = DIRECTION('',(0.,-0.,1.));
#1439 = ADVANCED_FACE('',(#1440,#1529),#1555,.F.);
#1440 = FACE_BOUND('',#1441,.F.);
#1441 = EDGE_LOOP('',(#1442,#1450,#1451,#1459,#1467,#1475,#1483,#1491,
    #1499,#1507,#1515,#1523));
#1442 = ORIENTED_EDGE('',*,*,#1443,.F.);
#1443 = EDGE_CURVE('',#1131,#1444,#1446,.T.);
#1444 = VERTEX_POINT('',#1445);
#1445 = CARTESIAN_POINT('',(-0.9125,-0.46875,3.5E-02));
#1446 = LINE('',#1447,#1448);
#1447 = CARTESIAN_POINT('',(-0.9125,-0.546875,3.5E-02));
#1448 = VECTOR('',#1449,1.);
#1449 = DIRECTION('',(0.,1.,0.));
#1450 = ORIENTED_EDGE('',*,*,#1193,.T.);
#1451 = ORIENTED_EDGE('',*,*,#1452,.F.);
#1452 = EDGE_CURVE('',#1453,#1186,#1455,.T.);
#1453 = VERTEX_POINT('',#1454);
#1454 = CARTESIAN_POINT('',(0.9125,-0.46875,3.5E-02));
#1455 = LINE('',#1456,#1457);
#1456 = CARTESIAN_POINT('',(0.9125,-0.703125,3.5E-02));
#1457 = VECTOR('',#1458,1.);
#1458 = DIRECTION('',(0.,-1.,0.));
#1459 = ORIENTED_EDGE('',*,*,#1460,.F.);
#1460 = EDGE_CURVE('',#1461,#1453,#1463,.T.);
#1461 = VERTEX_POINT('',#1462);
#1462 = CARTESIAN_POINT('',(0.65,-0.46875,3.5E-02));
#1463 = LINE('',#1464,#1465);
#1464 = CARTESIAN_POINT('',(-2.625E-02,-0.46875,3.5E-02));
#1465 = VECTOR('',#1466,1.);
#1466 = DIRECTION('',(1.,0.,0.));
#1467 = ORIENTED_EDGE('',*,*,#1468,.T.);
#1468 = EDGE_CURVE('',#1461,#1469,#1471,.T.);
#1469 = VERTEX_POINT('',#1470);
#1470 = CARTESIAN_POINT('',(0.65,0.46875,3.5E-02));
#1471 = LINE('',#1472,#1473);
#1472 = CARTESIAN_POINT('',(0.65,-0.625,3.5E-02));
#1473 = VECTOR('',#1474,1.);
#1474 = DIRECTION('',(0.,1.,0.));
#1475 = ORIENTED_EDGE('',*,*,#1476,.F.);
#1476 = EDGE_CURVE('',#1477,#1469,#1479,.T.);
#1477 = VERTEX_POINT('',#1478);
#1478 = CARTESIAN_POINT('',(0.9125,0.46875,3.5E-02));
#1479 = LINE('',#1480,#1481);
#1480 = CARTESIAN_POINT('',(-0.93875,0.46875,3.5E-02));
#1481 = VECTOR('',#1482,1.);
#1482 = DIRECTION('',(-1.,0.,0.));
#1483 = ORIENTED_EDGE('',*,*,#1484,.F.);
#1484 = EDGE_CURVE('',#1485,#1477,#1487,.T.);
#1485 = VERTEX_POINT('',#1486);
#1486 = CARTESIAN_POINT('',(0.9125,0.625,3.5E-02));
#1487 = LINE('',#1488,#1489);
#1488 = CARTESIAN_POINT('',(0.9125,-7.8125E-02,3.5E-02));
#1489 = VECTOR('',#1490,1.);
#1490 = DIRECTION('',(0.,-1.,0.));
#1491 = ORIENTED_EDGE('',*,*,#1492,.F.);
#1492 = EDGE_CURVE('',#1493,#1485,#1495,.T.);
#1493 = VERTEX_POINT('',#1494);
#1494 = CARTESIAN_POINT('',(-0.9125,0.625,3.5E-02));
#1495 = LINE('',#1496,#1497);
#1496 = CARTESIAN_POINT('',(-0.965,0.625,3.5E-02));
#1497 = VECTOR('',#1498,1.);
#1498 = DIRECTION('',(1.,0.,0.));
#1499 = ORIENTED_EDGE('',*,*,#1500,.F.);
#1500 = EDGE_CURVE('',#1501,#1493,#1503,.T.);
#1501 = VERTEX_POINT('',#1502);
#1502 = CARTESIAN_POINT('',(-0.9125,0.46875,3.5E-02));
#1503 = LINE('',#1504,#1505);
#1504 = CARTESIAN_POINT('',(-0.9125,7.8125E-02,3.5E-02));
#1505 = VECTOR('',#1506,1.);
#1506 = DIRECTION('',(0.,1.,0.));
#1507 = ORIENTED_EDGE('',*,*,#1508,.F.);
#1508 = EDGE_CURVE('',#1509,#1501,#1511,.T.);
#1509 = VERTEX_POINT('',#1510);
#1510 = CARTESIAN_POINT('',(-0.65,0.46875,3.5E-02));
#1511 = LINE('',#1512,#1513);
#1512 = CARTESIAN_POINT('',(-0.93875,0.46875,3.5E-02));
#1513 = VECTOR('',#1514,1.);
#1514 = DIRECTION('',(-1.,0.,0.));
#1515 = ORIENTED_EDGE('',*,*,#1516,.F.);
#1516 = EDGE_CURVE('',#1517,#1509,#1519,.T.);
#1517 = VERTEX_POINT('',#1518);
#1518 = CARTESIAN_POINT('',(-0.65,-0.46875,3.5E-02));
#1519 = LINE('',#1520,#1521);
#1520 = CARTESIAN_POINT('',(-0.65,-0.625,3.5E-02));
#1521 = VECTOR('',#1522,1.);
#1522 = DIRECTION('',(0.,1.,0.));
#1523 = ORIENTED_EDGE('',*,*,#1524,.F.);
#1524 = EDGE_CURVE('',#1444,#1517,#1525,.T.);
#1525 = LINE('',#1526,#1527);
#1526 = CARTESIAN_POINT('',(-2.625E-02,-0.46875,3.5E-02));
#1527 = VECTOR('',#1528,1.);
#1528 = DIRECTION('',(1.,0.,0.));
#1529 = FACE_BOUND('',#1530,.F.);
#1530 = EDGE_LOOP('',(#1531,#1541,#1549));
#1531 = ORIENTED_EDGE('',*,*,#1532,.T.);
#1532 = EDGE_CURVE('',#1533,#1535,#1537,.T.);
#1533 = VERTEX_POINT('',#1534);
#1534 = CARTESIAN_POINT('',(0.433012701892,0.5,3.5E-02));
#1535 = VERTEX_POINT('',#1536);
#1536 = CARTESIAN_POINT('',(0.433012701892,-0.5,3.5E-02));
#1537 = LINE('',#1538,#1539);
#1538 = CARTESIAN_POINT('',(0.433012701892,0.5,3.5E-02));
#1539 = VECTOR('',#1540,1.);
#1540 = DIRECTION('',(0.,-1.,0.));
#1541 = ORIENTED_EDGE('',*,*,#1542,.T.);
#1542 = EDGE_CURVE('',#1535,#1543,#1545,.T.);
#1543 = VERTEX_POINT('',#1544);
#1544 = CARTESIAN_POINT('',(-0.433012701892,0.,3.5E-02));
#1545 = LINE('',#1546,#1547);
#1546 = CARTESIAN_POINT('',(0.433012701892,-0.5,3.5E-02));
#1547 = VECTOR('',#1548,1.);
#1548 = DIRECTION('',(-0.866025403784,0.5,0.));
#1549 = ORIENTED_EDGE('',*,*,#1550,.T.);
#1550 = EDGE_CURVE('',#1543,#1533,#1551,.T.);
#1551 = LINE('',#1552,#1553);
#1552 = CARTESIAN_POINT('',(-0.433012701892,0.,3.5E-02));
#1553 = VECTOR('',#1554,1.);
#1554 = DIRECTION('',(0.866025403784,0.5,0.));
#1555 = PLANE('',#1556);
#1556 = AXIS2_PLACEMENT_3D('',#1557,#1558,#1559);
#1557 = CARTESIAN_POINT('',(-0.965,-0.625,3.5E-02));
#1558 = DIRECTION('',(0.,0.,1.));
#1559 = DIRECTION('',(1.,0.,-0.));
#1560 = ADVANCED_FACE('',(#1561),#1622,.F.);
#1561 = FACE_BOUND('',#1562,.F.);
#1562 = EDGE_LOOP('',(#1563,#1573,#1579,#1580,#1581,#1582,#1590,#1598,
    #1607,#1615));
#1563 = ORIENTED_EDGE('',*,*,#1564,.F.);
#1564 = EDGE_CURVE('',#1565,#1567,#1569,.T.);
#1565 = VERTEX_POINT('',#1566);
#1566 = CARTESIAN_POINT('',(0.9125,-0.625,0.));
#1567 = VERTEX_POINT('',#1568);
#1568 = CARTESIAN_POINT('',(0.965,-0.625,-6.938893903907E-18));
#1569 = LINE('',#1570,#1571);
#1570 = CARTESIAN_POINT('',(0.65,-0.625,0.));
#1571 = VECTOR('',#1572,1.);
#1572 = DIRECTION('',(1.,0.,0.));
#1573 = ORIENTED_EDGE('',*,*,#1574,.F.);
#1574 = EDGE_CURVE('',#1186,#1565,#1575,.T.);
#1575 = LINE('',#1576,#1577);
#1576 = CARTESIAN_POINT('',(0.9125,-0.625,0.375));
#1577 = VECTOR('',#1578,1.);
#1578 = DIRECTION('',(0.,0.,-1.));
#1579 = ORIENTED_EDGE('',*,*,#1185,.T.);
#1580 = ORIENTED_EDGE('',*,*,#1177,.T.);
#1581 = ORIENTED_EDGE('',*,*,#1169,.F.);
#1582 = ORIENTED_EDGE('',*,*,#1583,.F.);
#1583 = EDGE_CURVE('',#1584,#1162,#1586,.T.);
#1584 = VERTEX_POINT('',#1585);
#1585 = CARTESIAN_POINT('',(0.9125,-0.625,0.5));
#1586 = LINE('',#1587,#1588);
#1587 = CARTESIAN_POINT('',(0.9125,-0.625,0.375));
#1588 = VECTOR('',#1589,1.);
#1589 = DIRECTION('',(0.,0.,-1.));
#1590 = ORIENTED_EDGE('',*,*,#1591,.T.);
#1591 = EDGE_CURVE('',#1584,#1592,#1594,.T.);
#1592 = VERTEX_POINT('',#1593);
#1593 = CARTESIAN_POINT('',(0.965,-0.625,0.5));
#1594 = LINE('',#1595,#1596);
#1595 = CARTESIAN_POINT('',(0.65,-0.625,0.5));
#1596 = VECTOR('',#1597,1.);
#1597 = DIRECTION('',(1.,0.,0.));
#1598 = ORIENTED_EDGE('',*,*,#1599,.F.);
#1599 = EDGE_CURVE('',#1600,#1592,#1602,.T.);
#1600 = VERTEX_POINT('',#1601);
#1601 = CARTESIAN_POINT('',(1.,-0.625,0.465));
#1602 = CIRCLE('',#1603,3.5E-02);
#1603 = AXIS2_PLACEMENT_3D('',#1604,#1605,#1606);
#1604 = CARTESIAN_POINT('',(0.965,-0.625,0.465));
#1605 = DIRECTION('',(0.,-1.,0.));
#1606 = DIRECTION('',(0.,0.,1.));
#1607 = ORIENTED_EDGE('',*,*,#1608,.F.);
#1608 = EDGE_CURVE('',#1609,#1600,#1611,.T.);
#1609 = VERTEX_POINT('',#1610);
#1610 = CARTESIAN_POINT('',(1.,-0.625,3.5E-02));
#1611 = LINE('',#1612,#1613);
#1612 = CARTESIAN_POINT('',(1.,-0.625,0.));
#1613 = VECTOR('',#1614,1.);
#1614 = DIRECTION('',(0.,0.,1.));
#1615 = ORIENTED_EDGE('',*,*,#1616,.T.);
#1616 = EDGE_CURVE('',#1609,#1567,#1617,.T.);
#1617 = CIRCLE('',#1618,3.5E-02);
#1618 = AXIS2_PLACEMENT_3D('',#1619,#1620,#1621);
#1619 = CARTESIAN_POINT('',(0.965,-0.625,3.5E-02));
#1620 = DIRECTION('',(0.,1.,0.));
#1621 = DIRECTION('',(0.,-0.,1.));
#1622 = PLANE('',#1623);
#1623 = AXIS2_PLACEMENT_3D('',#1624,#1625,#1626);
#1624 = CARTESIAN_POINT('',(0.65,-0.625,0.));
#1625 = DIRECTION('',(0.,1.,0.));
#1626 = DIRECTION('',(0.,-0.,1.));
#1627 = ADVANCED_FACE('',(#1628),#1646,.T.);
#1628 = FACE_BOUND('',#1629,.T.);
#1629 = EDGE_LOOP('',(#1630,#1638,#1639,#1640));
#1630 = ORIENTED_EDGE('',*,*,#1631,.F.);
#1631 = EDGE_CURVE('',#1234,#1632,#1634,.T.);
#1632 = VERTEX_POINT('',#1633);
#1633 = CARTESIAN_POINT('',(0.9125,-0.46875,0.465));
#1634 = LINE('',#1635,#1636);
#1635 = CARTESIAN_POINT('',(-2.625E-02,-0.46875,0.465));
#1636 = VECTOR('',#1637,1.);
#1637 = DIRECTION('',(1.,0.,0.));
#1638 = ORIENTED_EDGE('',*,*,#1233,.T.);
#1639 = ORIENTED_EDGE('',*,*,#1161,.T.);
#1640 = ORIENTED_EDGE('',*,*,#1641,.F.);
#1641 = EDGE_CURVE('',#1632,#1162,#1642,.T.);
#1642 = LINE('',#1643,#1644);
#1643 = CARTESIAN_POINT('',(0.9125,-0.703125,0.465));
#1644 = VECTOR('',#1645,1.);
#1645 = DIRECTION('',(0.,-1.,0.));
#1646 = PLANE('',#1647);
#1647 = AXIS2_PLACEMENT_3D('',#1648,#1649,#1650);
#1648 = CARTESIAN_POINT('',(-0.965,-0.625,0.465));
#1649 = DIRECTION('',(0.,0.,1.));
#1650 = DIRECTION('',(1.,0.,-0.));
#1651 = ADVANCED_FACE('',(#1652),#1677,.T.);
#1652 = FACE_BOUND('',#1653,.T.);
#1653 = EDGE_LOOP('',(#1654,#1662,#1663,#1671));
#1654 = ORIENTED_EDGE('',*,*,#1655,.F.);
#1655 = EDGE_CURVE('',#1250,#1656,#1658,.T.);
#1656 = VERTEX_POINT('',#1657);
#1657 = CARTESIAN_POINT('',(0.9125,0.625,0.465));
#1658 = LINE('',#1659,#1660);
#1659 = CARTESIAN_POINT('',(-0.965,0.625,0.465));
#1660 = VECTOR('',#1661,1.);
#1661 = DIRECTION('',(1.,0.,0.));
#1662 = ORIENTED_EDGE('',*,*,#1249,.T.);
#1663 = ORIENTED_EDGE('',*,*,#1664,.F.);
#1664 = EDGE_CURVE('',#1665,#1242,#1667,.T.);
#1665 = VERTEX_POINT('',#1666);
#1666 = CARTESIAN_POINT('',(0.9125,0.46875,0.465));
#1667 = LINE('',#1668,#1669);
#1668 = CARTESIAN_POINT('',(-0.93875,0.46875,0.465));
#1669 = VECTOR('',#1670,1.);
#1670 = DIRECTION('',(-1.,0.,0.));
#1671 = ORIENTED_EDGE('',*,*,#1672,.F.);
#1672 = EDGE_CURVE('',#1656,#1665,#1673,.T.);
#1673 = LINE('',#1674,#1675);
#1674 = CARTESIAN_POINT('',(0.9125,-7.8125E-02,0.465));
#1675 = VECTOR('',#1676,1.);
#1676 = DIRECTION('',(0.,-1.,0.));
#1677 = PLANE('',#1678);
#1678 = AXIS2_PLACEMENT_3D('',#1679,#1680,#1681);
#1679 = CARTESIAN_POINT('',(-0.965,-0.625,0.465));
#1680 = DIRECTION('',(0.,0.,1.));
#1681 = DIRECTION('',(1.,0.,-0.));
#1682 = ADVANCED_FACE('',(#1683),#1710,.T.);
#1683 = FACE_BOUND('',#1684,.T.);
#1684 = EDGE_LOOP('',(#1685,#1686,#1695,#1703));
#1685 = ORIENTED_EDGE('',*,*,#1241,.T.);
#1686 = ORIENTED_EDGE('',*,*,#1687,.T.);
#1687 = EDGE_CURVE('',#1234,#1688,#1690,.T.);
#1688 = VERTEX_POINT('',#1689);
#1689 = CARTESIAN_POINT('',(0.685,-0.46875,0.5));
#1690 = CIRCLE('',#1691,3.5E-02);
#1691 = AXIS2_PLACEMENT_3D('',#1692,#1693,#1694);
#1692 = CARTESIAN_POINT('',(0.685,-0.46875,0.465));
#1693 = DIRECTION('',(0.,1.,-0.));
#1694 = DIRECTION('',(-1.,0.,0.));
#1695 = ORIENTED_EDGE('',*,*,#1696,.T.);
#1696 = EDGE_CURVE('',#1688,#1697,#1699,.T.);
#1697 = VERTEX_POINT('',#1698);
#1698 = CARTESIAN_POINT('',(0.685,0.46875,0.5));
#1699 = LINE('',#1700,#1701);
#1700 = CARTESIAN_POINT('',(0.685,-0.625,0.5));
#1701 = VECTOR('',#1702,1.);
#1702 = DIRECTION('',(0.,1.,0.));
#1703 = ORIENTED_EDGE('',*,*,#1704,.F.);
#1704 = EDGE_CURVE('',#1242,#1697,#1705,.T.);
#1705 = CIRCLE('',#1706,3.5E-02);
#1706 = AXIS2_PLACEMENT_3D('',#1707,#1708,#1709);
#1707 = CARTESIAN_POINT('',(0.685,0.46875,0.465));
#1708 = DIRECTION('',(0.,1.,-0.));
#1709 = DIRECTION('',(-1.,0.,0.));
#1710 = CYLINDRICAL_SURFACE('',#1711,3.5E-02);
#1711 = AXIS2_PLACEMENT_3D('',#1712,#1713,#1714);
#1712 = CARTESIAN_POINT('',(0.685,-0.625,0.465));
#1713 = DIRECTION('',(0.,1.,0.));
#1714 = DIRECTION('',(-1.,0.,0.));
#1715 = ADVANCED_FACE('',(#1716),#1766,.T.);
#1716 = FACE_BOUND('',#1717,.T.);
#1717 = EDGE_LOOP('',(#1718,#1726,#1734,#1740,#1741,#1742,#1743,#1751,
    #1759,#1765));
#1718 = ORIENTED_EDGE('',*,*,#1719,.F.);
#1719 = EDGE_CURVE('',#1720,#1493,#1722,.T.);
#1720 = VERTEX_POINT('',#1721);
#1721 = CARTESIAN_POINT('',(-0.965,0.625,3.5E-02));
#1722 = LINE('',#1723,#1724);
#1723 = CARTESIAN_POINT('',(-0.965,0.625,3.5E-02));
#1724 = VECTOR('',#1725,1.);
#1725 = DIRECTION('',(1.,0.,0.));
#1726 = ORIENTED_EDGE('',*,*,#1727,.T.);
#1727 = EDGE_CURVE('',#1720,#1728,#1730,.T.);
#1728 = VERTEX_POINT('',#1729);
#1729 = CARTESIAN_POINT('',(-0.965,0.625,0.465));
#1730 = LINE('',#1731,#1732);
#1731 = CARTESIAN_POINT('',(-0.965,0.625,3.5E-02));
#1732 = VECTOR('',#1733,1.);
#1733 = DIRECTION('',(0.,0.,1.));
#1734 = ORIENTED_EDGE('',*,*,#1735,.T.);
#1735 = EDGE_CURVE('',#1728,#1272,#1736,.T.);
#1736 = LINE('',#1737,#1738);
#1737 = CARTESIAN_POINT('',(-0.965,0.625,0.465));
#1738 = VECTOR('',#1739,1.);
#1739 = DIRECTION('',(1.,0.,0.));
#1740 = ORIENTED_EDGE('',*,*,#1271,.T.);
#1741 = ORIENTED_EDGE('',*,*,#1305,.F.);
#1742 = ORIENTED_EDGE('',*,*,#1655,.T.);
#1743 = ORIENTED_EDGE('',*,*,#1744,.T.);
#1744 = EDGE_CURVE('',#1656,#1745,#1747,.T.);
#1745 = VERTEX_POINT('',#1746);
#1746 = CARTESIAN_POINT('',(0.965,0.625,0.465));
#1747 = LINE('',#1748,#1749);
#1748 = CARTESIAN_POINT('',(-0.965,0.625,0.465));
#1749 = VECTOR('',#1750,1.);
#1750 = DIRECTION('',(1.,0.,0.));
#1751 = ORIENTED_EDGE('',*,*,#1752,.F.);
#1752 = EDGE_CURVE('',#1753,#1745,#1755,.T.);
#1753 = VERTEX_POINT('',#1754);
#1754 = CARTESIAN_POINT('',(0.965,0.625,3.5E-02));
#1755 = LINE('',#1756,#1757);
#1756 = CARTESIAN_POINT('',(0.965,0.625,3.5E-02));
#1757 = VECTOR('',#1758,1.);
#1758 = DIRECTION('',(0.,0.,1.));
#1759 = ORIENTED_EDGE('',*,*,#1760,.F.);
#1760 = EDGE_CURVE('',#1485,#1753,#1761,.T.);
#1761 = LINE('',#1762,#1763);
#1762 = CARTESIAN_POINT('',(-0.965,0.625,3.5E-02));
#1763 = VECTOR('',#1764,1.);
#1764 = DIRECTION('',(1.,0.,0.));
#1765 = ORIENTED_EDGE('',*,*,#1492,.F.);
#1766 = PLANE('',#1767);
#1767 = AXIS2_PLACEMENT_3D('',#1768,#1769,#1770);
#1768 = CARTESIAN_POINT('',(-0.965,0.625,3.5E-02));
#1769 = DIRECTION('',(0.,1.,0.));
#1770 = DIRECTION('',(0.,-0.,1.));
#1771 = ADVANCED_FACE('',(#1772),#1790,.F.);
#1772 = FACE_BOUND('',#1773,.F.);
#1773 = EDGE_LOOP('',(#1774,#1782,#1788,#1789));
#1774 = ORIENTED_EDGE('',*,*,#1775,.F.);
#1775 = EDGE_CURVE('',#1776,#1320,#1778,.T.);
#1776 = VERTEX_POINT('',#1777);
#1777 = CARTESIAN_POINT('',(-0.9125,0.46875,0.5));
#1778 = LINE('',#1779,#1780);
#1779 = CARTESIAN_POINT('',(-0.95625,0.46875,0.5));
#1780 = VECTOR('',#1781,1.);
#1781 = DIRECTION('',(1.,0.,0.));
#1782 = ORIENTED_EDGE('',*,*,#1783,.T.);
#1783 = EDGE_CURVE('',#1776,#1280,#1784,.T.);
#1784 = LINE('',#1785,#1786);
#1785 = CARTESIAN_POINT('',(-0.9125,0.46875,0.75));
#1786 = VECTOR('',#1787,1.);
#1787 = DIRECTION('',(-0.,-0.,-1.));
#1788 = ORIENTED_EDGE('',*,*,#1287,.F.);
#1789 = ORIENTED_EDGE('',*,*,#1319,.F.);
#1790 = PLANE('',#1791);
#1791 = AXIS2_PLACEMENT_3D('',#1792,#1793,#1794);
#1792 = CARTESIAN_POINT('',(-0.9125,0.46875,0.75));
#1793 = DIRECTION('',(0.,-1.,0.));
#1794 = DIRECTION('',(1.,0.,0.));
#1795 = ADVANCED_FACE('',(#1796),#1814,.F.);
#1796 = FACE_BOUND('',#1797,.F.);
#1797 = EDGE_LOOP('',(#1798,#1799,#1807,#1813));
#1798 = ORIENTED_EDGE('',*,*,#1783,.F.);
#1799 = ORIENTED_EDGE('',*,*,#1800,.F.);
#1800 = EDGE_CURVE('',#1801,#1776,#1803,.T.);
#1801 = VERTEX_POINT('',#1802);
#1802 = CARTESIAN_POINT('',(-0.9125,0.625,0.5));
#1803 = LINE('',#1804,#1805);
#1804 = CARTESIAN_POINT('',(-0.9125,7.8125E-02,0.5));
#1805 = VECTOR('',#1806,1.);
#1806 = DIRECTION('',(0.,-1.,0.));
#1807 = ORIENTED_EDGE('',*,*,#1808,.F.);
#1808 = EDGE_CURVE('',#1272,#1801,#1809,.T.);
#1809 = LINE('',#1810,#1811);
#1810 = CARTESIAN_POINT('',(-0.9125,0.625,0.375));
#1811 = VECTOR('',#1812,1.);
#1812 = DIRECTION('',(0.,0.,1.));
#1813 = ORIENTED_EDGE('',*,*,#1279,.F.);
#1814 = PLANE('',#1815);
#1815 = AXIS2_PLACEMENT_3D('',#1816,#1817,#1818);
#1816 = CARTESIAN_POINT('',(-0.9125,0.78125,0.75));
#1817 = DIRECTION('',(-1.,0.,0.));
#1818 = DIRECTION('',(0.,-1.,0.));
#1819 = ADVANCED_FACE('',(#1820),#1838,.F.);
#1820 = FACE_BOUND('',#1821,.F.);
#1821 = EDGE_LOOP('',(#1822,#1830,#1836,#1837));
#1822 = ORIENTED_EDGE('',*,*,#1823,.F.);
#1823 = EDGE_CURVE('',#1824,#1353,#1826,.T.);
#1824 = VERTEX_POINT('',#1825);
#1825 = CARTESIAN_POINT('',(-0.9125,-0.46875,0.5));
#1826 = LINE('',#1827,#1828);
#1827 = CARTESIAN_POINT('',(-0.9125,-0.46875,0.75));
#1828 = VECTOR('',#1829,1.);
#1829 = DIRECTION('',(-0.,-0.,-1.));
#1830 = ORIENTED_EDGE('',*,*,#1831,.F.);
#1831 = EDGE_CURVE('',#1329,#1824,#1832,.T.);
#1832 = LINE('',#1833,#1834);
#1833 = CARTESIAN_POINT('',(-4.375E-02,-0.46875,0.5));
#1834 = VECTOR('',#1835,1.);
#1835 = DIRECTION('',(-1.,0.,0.));
#1836 = ORIENTED_EDGE('',*,*,#1336,.T.);
#1837 = ORIENTED_EDGE('',*,*,#1362,.F.);
#1838 = PLANE('',#1839);
#1839 = AXIS2_PLACEMENT_3D('',#1840,#1841,#1842);
#1840 = CARTESIAN_POINT('',(0.9125,-0.46875,0.75));
#1841 = DIRECTION('',(0.,1.,0.));
#1842 = DIRECTION('',(-1.,0.,0.));
#1843 = ADVANCED_FACE('',(#1844),#1871,.T.);
#1844 = FACE_BOUND('',#1845,.T.);
#1845 = EDGE_LOOP('',(#1846,#1854,#1860,#1861,#1867,#1868,#1869,#1870));
#1846 = ORIENTED_EDGE('',*,*,#1847,.F.);
#1847 = EDGE_CURVE('',#1848,#1801,#1850,.T.);
#1848 = VERTEX_POINT('',#1849);
#1849 = CARTESIAN_POINT('',(-0.965,0.625,0.5));
#1850 = LINE('',#1851,#1852);
#1851 = CARTESIAN_POINT('',(-1.,0.625,0.5));
#1852 = VECTOR('',#1853,1.);
#1853 = DIRECTION('',(1.,0.,0.));
#1854 = ORIENTED_EDGE('',*,*,#1855,.F.);
#1855 = EDGE_CURVE('',#1404,#1848,#1856,.T.);
#1856 = LINE('',#1857,#1858);
#1857 = CARTESIAN_POINT('',(-0.965,-0.625,0.5));
#1858 = VECTOR('',#1859,1.);
#1859 = DIRECTION('',(0.,1.,0.));
#1860 = ORIENTED_EDGE('',*,*,#1412,.T.);
#1861 = ORIENTED_EDGE('',*,*,#1862,.F.);
#1862 = EDGE_CURVE('',#1824,#1413,#1863,.T.);
#1863 = LINE('',#1864,#1865);
#1864 = CARTESIAN_POINT('',(-0.9125,-0.546875,0.5));
#1865 = VECTOR('',#1866,1.);
#1866 = DIRECTION('',(0.,-1.,0.));
#1867 = ORIENTED_EDGE('',*,*,#1831,.F.);
#1868 = ORIENTED_EDGE('',*,*,#1328,.T.);
#1869 = ORIENTED_EDGE('',*,*,#1775,.F.);
#1870 = ORIENTED_EDGE('',*,*,#1800,.F.);
#1871 = PLANE('',#1872);
#1872 = AXIS2_PLACEMENT_3D('',#1873,#1874,#1875);
#1873 = CARTESIAN_POINT('',(-1.,-0.625,0.5));
#1874 = DIRECTION('',(0.,0.,1.));
#1875 = DIRECTION('',(1.,0.,-0.));
#1876 = ADVANCED_FACE('',(#1877),#1883,.F.);
#1877 = FACE_BOUND('',#1878,.F.);
#1878 = EDGE_LOOP('',(#1879,#1880,#1881,#1882));
#1879 = ORIENTED_EDGE('',*,*,#1862,.F.);
#1880 = ORIENTED_EDGE('',*,*,#1823,.T.);
#1881 = ORIENTED_EDGE('',*,*,#1352,.F.);
#1882 = ORIENTED_EDGE('',*,*,#1420,.T.);
#1883 = PLANE('',#1884);
#1884 = AXIS2_PLACEMENT_3D('',#1885,#1886,#1887);
#1885 = CARTESIAN_POINT('',(-0.9125,-0.46875,0.75));
#1886 = DIRECTION('',(-1.,0.,0.));
#1887 = DIRECTION('',(0.,-1.,0.));
#1888 = ADVANCED_FACE('',(#1889),#1946,.F.);
#1889 = FACE_BOUND('',#1890,.F.);
#1890 = EDGE_LOOP('',(#1891,#1901,#1907,#1908,#1916,#1924,#1932,#1940));
#1891 = ORIENTED_EDGE('',*,*,#1892,.F.);
#1892 = EDGE_CURVE('',#1893,#1895,#1897,.T.);
#1893 = VERTEX_POINT('',#1894);
#1894 = CARTESIAN_POINT('',(-0.965,0.625,-6.938893903907E-18));
#1895 = VERTEX_POINT('',#1896);
#1896 = CARTESIAN_POINT('',(-0.9125,0.625,0.));
#1897 = LINE('',#1898,#1899);
#1898 = CARTESIAN_POINT('',(-1.,0.625,0.));
#1899 = VECTOR('',#1900,1.);
#1900 = DIRECTION('',(1.,0.,0.));
#1901 = ORIENTED_EDGE('',*,*,#1902,.F.);
#1902 = EDGE_CURVE('',#1377,#1893,#1903,.T.);
#1903 = LINE('',#1904,#1905);
#1904 = CARTESIAN_POINT('',(-0.965,-0.625,-6.938893903907E-18));
#1905 = VECTOR('',#1906,1.);
#1906 = DIRECTION('',(0.,1.,0.));
#1907 = ORIENTED_EDGE('',*,*,#1376,.T.);
#1908 = ORIENTED_EDGE('',*,*,#1909,.F.);
#1909 = EDGE_CURVE('',#1910,#1379,#1912,.T.);
#1910 = VERTEX_POINT('',#1911);
#1911 = CARTESIAN_POINT('',(-0.9125,-0.46875,0.));
#1912 = LINE('',#1913,#1914);
#1913 = CARTESIAN_POINT('',(-0.9125,-0.546875,0.));
#1914 = VECTOR('',#1915,1.);
#1915 = DIRECTION('',(0.,-1.,0.));
#1916 = ORIENTED_EDGE('',*,*,#1917,.F.);
#1917 = EDGE_CURVE('',#1918,#1910,#1920,.T.);
#1918 = VERTEX_POINT('',#1919);
#1919 = CARTESIAN_POINT('',(-0.685,-0.46875,-6.938893903907E-18));
#1920 = LINE('',#1921,#1922);
#1921 = CARTESIAN_POINT('',(-4.375E-02,-0.46875,0.));
#1922 = VECTOR('',#1923,1.);
#1923 = DIRECTION('',(-1.,0.,0.));
#1924 = ORIENTED_EDGE('',*,*,#1925,.T.);
#1925 = EDGE_CURVE('',#1918,#1926,#1928,.T.);
#1926 = VERTEX_POINT('',#1927);
#1927 = CARTESIAN_POINT('',(-0.685,0.46875,-6.938893903907E-18));
#1928 = LINE('',#1929,#1930);
#1929 = CARTESIAN_POINT('',(-0.685,-0.625,-6.938893903907E-18));
#1930 = VECTOR('',#1931,1.);
#1931 = DIRECTION('',(0.,1.,0.));
#1932 = ORIENTED_EDGE('',*,*,#1933,.F.);
#1933 = EDGE_CURVE('',#1934,#1926,#1936,.T.);
#1934 = VERTEX_POINT('',#1935);
#1935 = CARTESIAN_POINT('',(-0.9125,0.46875,0.));
#1936 = LINE('',#1937,#1938);
#1937 = CARTESIAN_POINT('',(-0.95625,0.46875,0.));
#1938 = VECTOR('',#1939,1.);
#1939 = DIRECTION('',(1.,0.,0.));
#1940 = ORIENTED_EDGE('',*,*,#1941,.F.);
#1941 = EDGE_CURVE('',#1895,#1934,#1942,.T.);
#1942 = LINE('',#1943,#1944);
#1943 = CARTESIAN_POINT('',(-0.9125,7.8125E-02,0.));
#1944 = VECTOR('',#1945,1.);
#1945 = DIRECTION('',(0.,-1.,0.));
#1946 = PLANE('',#1947);
#1947 = AXIS2_PLACEMENT_3D('',#1948,#1949,#1950);
#1948 = CARTESIAN_POINT('',(-1.,-0.625,0.));
#1949 = DIRECTION('',(0.,0.,1.));
#1950 = DIRECTION('',(1.,0.,-0.));
#1951 = ADVANCED_FACE('',(#1952),#1971,.T.);
#1952 = FACE_BOUND('',#1953,.T.);
#1953 = EDGE_LOOP('',(#1954,#1962,#1969,#1970));
#1954 = ORIENTED_EDGE('',*,*,#1955,.T.);
#1955 = EDGE_CURVE('',#1387,#1956,#1958,.T.);
#1956 = VERTEX_POINT('',#1957);
#1957 = CARTESIAN_POINT('',(-1.,0.625,3.5E-02));
#1958 = LINE('',#1959,#1960);
#1959 = CARTESIAN_POINT('',(-1.,-0.625,3.5E-02));
#1960 = VECTOR('',#1961,1.);
#1961 = DIRECTION('',(0.,1.,0.));
#1962 = ORIENTED_EDGE('',*,*,#1963,.T.);
#1963 = EDGE_CURVE('',#1956,#1893,#1964,.T.);
#1964 = CIRCLE('',#1965,3.5E-02);
#1965 = AXIS2_PLACEMENT_3D('',#1966,#1967,#1968);
#1966 = CARTESIAN_POINT('',(-0.965,0.625,3.5E-02));
#1967 = DIRECTION('',(0.,-1.,0.));
#1968 = DIRECTION('',(0.,0.,1.));
#1969 = ORIENTED_EDGE('',*,*,#1902,.F.);
#1970 = ORIENTED_EDGE('',*,*,#1386,.F.);
#1971 = CYLINDRICAL_SURFACE('',#1972,3.5E-02);
#1972 = AXIS2_PLACEMENT_3D('',#1973,#1974,#1975);
#1973 = CARTESIAN_POINT('',(-0.965,-0.625,3.5E-02));
#1974 = DIRECTION('',(0.,1.,0.));
#1975 = DIRECTION('',(-1.,0.,0.));
#1976 = ADVANCED_FACE('',(#1977),#1988,.F.);
#1977 = FACE_BOUND('',#1978,.F.);
#1978 = EDGE_LOOP('',(#1979,#1980,#1986,#1987));
#1979 = ORIENTED_EDGE('',*,*,#1443,.T.);
#1980 = ORIENTED_EDGE('',*,*,#1981,.T.);
#1981 = EDGE_CURVE('',#1444,#1910,#1982,.T.);
#1982 = LINE('',#1983,#1984);
#1983 = CARTESIAN_POINT('',(-0.9125,-0.46875,0.75));
#1984 = VECTOR('',#1985,1.);
#1985 = DIRECTION('',(-0.,-0.,-1.));
#1986 = ORIENTED_EDGE('',*,*,#1909,.T.);
#1987 = ORIENTED_EDGE('',*,*,#1429,.T.);
#1988 = PLANE('',#1989);
#1989 = AXIS2_PLACEMENT_3D('',#1990,#1991,#1992);
#1990 = CARTESIAN_POINT('',(-0.9125,-0.46875,0.75));
#1991 = DIRECTION('',(-1.,0.,0.));
#1992 = DIRECTION('',(0.,-1.,0.));
#1993 = ADVANCED_FACE('',(#1994),#2012,.F.);
#1994 = FACE_BOUND('',#1995,.F.);
#1995 = EDGE_LOOP('',(#1996,#1997,#1998,#2006));
#1996 = ORIENTED_EDGE('',*,*,#1395,.F.);
#1997 = ORIENTED_EDGE('',*,*,#1955,.T.);
#1998 = ORIENTED_EDGE('',*,*,#1999,.T.);
#1999 = EDGE_CURVE('',#1956,#2000,#2002,.T.);
#2000 = VERTEX_POINT('',#2001);
#2001 = CARTESIAN_POINT('',(-1.,0.625,0.465));
#2002 = LINE('',#2003,#2004);
#2003 = CARTESIAN_POINT('',(-1.,0.625,0.));
#2004 = VECTOR('',#2005,1.);
#2005 = DIRECTION('',(0.,0.,1.));
#2006 = ORIENTED_EDGE('',*,*,#2007,.F.);
#2007 = EDGE_CURVE('',#1396,#2000,#2008,.T.);
#2008 = LINE('',#2009,#2010);
#2009 = CARTESIAN_POINT('',(-1.,-0.625,0.465));
#2010 = VECTOR('',#2011,1.);
#2011 = DIRECTION('',(0.,1.,0.));
#2012 = PLANE('',#2013);
#2013 = AXIS2_PLACEMENT_3D('',#2014,#2015,#2016);
#2014 = CARTESIAN_POINT('',(-1.,-0.625,0.));
#2015 = DIRECTION('',(1.,0.,0.));
#2016 = DIRECTION('',(0.,0.,1.));
#2017 = ADVANCED_FACE('',(#2018),#2030,.T.);
#2018 = FACE_BOUND('',#2019,.T.);
#2019 = EDGE_LOOP('',(#2020,#2021,#2022,#2029));
#2020 = ORIENTED_EDGE('',*,*,#1403,.T.);
#2021 = ORIENTED_EDGE('',*,*,#1855,.T.);
#2022 = ORIENTED_EDGE('',*,*,#2023,.F.);
#2023 = EDGE_CURVE('',#2000,#1848,#2024,.T.);
#2024 = CIRCLE('',#2025,3.5E-02);
#2025 = AXIS2_PLACEMENT_3D('',#2026,#2027,#2028);
#2026 = CARTESIAN_POINT('',(-0.965,0.625,0.465));
#2027 = DIRECTION('',(0.,1.,0.));
#2028 = DIRECTION('',(0.,-0.,1.));
#2029 = ORIENTED_EDGE('',*,*,#2007,.F.);
#2030 = CYLINDRICAL_SURFACE('',#2031,3.5E-02);
#2031 = AXIS2_PLACEMENT_3D('',#2032,#2033,#2034);
#2032 = CARTESIAN_POINT('',(-0.965,-0.625,0.465));
#2033 = DIRECTION('',(0.,1.,0.));
#2034 = DIRECTION('',(-1.,0.,0.));
#2035 = ADVANCED_FACE('',(#2036),#2048,.F.);
#2036 = FACE_BOUND('',#2037,.F.);
#2037 = EDGE_LOOP('',(#2038,#2039,#2040,#2047));
#2038 = ORIENTED_EDGE('',*,*,#1981,.F.);
#2039 = ORIENTED_EDGE('',*,*,#1524,.T.);
#2040 = ORIENTED_EDGE('',*,*,#2041,.T.);
#2041 = EDGE_CURVE('',#1517,#1918,#2042,.T.);
#2042 = CIRCLE('',#2043,3.5E-02);
#2043 = AXIS2_PLACEMENT_3D('',#2044,#2045,#2046);
#2044 = CARTESIAN_POINT('',(-0.685,-0.46875,3.5E-02));
#2045 = DIRECTION('',(-0.,1.,0.));
#2046 = DIRECTION('',(1.,0.,0.));
#2047 = ORIENTED_EDGE('',*,*,#1917,.T.);
#2048 = PLANE('',#2049);
#2049 = AXIS2_PLACEMENT_3D('',#2050,#2051,#2052);
#2050 = CARTESIAN_POINT('',(0.9125,-0.46875,0.75));
#2051 = DIRECTION('',(0.,1.,0.));
#2052 = DIRECTION('',(-1.,0.,0.));
#2053 = ADVANCED_FACE('',(#2054),#2066,.T.);
#2054 = FACE_BOUND('',#2055,.T.);
#2055 = EDGE_LOOP('',(#2056,#2057,#2058,#2059));
#2056 = ORIENTED_EDGE('',*,*,#1516,.F.);
#2057 = ORIENTED_EDGE('',*,*,#2041,.T.);
#2058 = ORIENTED_EDGE('',*,*,#1925,.T.);
#2059 = ORIENTED_EDGE('',*,*,#2060,.F.);
#2060 = EDGE_CURVE('',#1509,#1926,#2061,.T.);
#2061 = CIRCLE('',#2062,3.5E-02);
#2062 = AXIS2_PLACEMENT_3D('',#2063,#2064,#2065);
#2063 = CARTESIAN_POINT('',(-0.685,0.46875,3.5E-02));
#2064 = DIRECTION('',(-0.,1.,0.));
#2065 = DIRECTION('',(1.,0.,0.));
#2066 = CYLINDRICAL_SURFACE('',#2067,3.5E-02);
#2067 = AXIS2_PLACEMENT_3D('',#2068,#2069,#2070);
#2068 = CARTESIAN_POINT('',(-0.685,-0.625,3.5E-02));
#2069 = DIRECTION('',(0.,1.,0.));
#2070 = DIRECTION('',(1.,0.,0.));
#2071 = ADVANCED_FACE('',(#2072),#2083,.F.);
#2072 = FACE_BOUND('',#2073,.F.);
#2073 = EDGE_LOOP('',(#2074,#2075,#2081,#2082));
#2074 = ORIENTED_EDGE('',*,*,#1508,.T.);
#2075 = ORIENTED_EDGE('',*,*,#2076,.T.);
#2076 = EDGE_CURVE('',#1501,#1934,#2077,.T.);
#2077 = LINE('',#2078,#2079);
#2078 = CARTESIAN_POINT('',(-0.9125,0.46875,0.75));
#2079 = VECTOR('',#2080,1.);
#2080 = DIRECTION('',(-0.,-0.,-1.));
#2081 = ORIENTED_EDGE('',*,*,#1933,.T.);
#2082 = ORIENTED_EDGE('',*,*,#2060,.F.);
#2083 = PLANE('',#2084);
#2084 = AXIS2_PLACEMENT_3D('',#2085,#2086,#2087);
#2085 = CARTESIAN_POINT('',(-0.9125,0.46875,0.75));
#2086 = DIRECTION('',(0.,-1.,0.));
#2087 = DIRECTION('',(1.,0.,0.));
#2088 = ADVANCED_FACE('',(#2089),#2100,.F.);
#2089 = FACE_BOUND('',#2090,.F.);
#2090 = EDGE_LOOP('',(#2091,#2092,#2093,#2099));
#2091 = ORIENTED_EDGE('',*,*,#2076,.F.);
#2092 = ORIENTED_EDGE('',*,*,#1500,.T.);
#2093 = ORIENTED_EDGE('',*,*,#2094,.F.);
#2094 = EDGE_CURVE('',#1895,#1493,#2095,.T.);
#2095 = LINE('',#2096,#2097);
#2096 = CARTESIAN_POINT('',(-0.9125,0.625,0.375));
#2097 = VECTOR('',#2098,1.);
#2098 = DIRECTION('',(0.,0.,1.));
#2099 = ORIENTED_EDGE('',*,*,#1941,.T.);
#2100 = PLANE('',#2101);
#2101 = AXIS2_PLACEMENT_3D('',#2102,#2103,#2104);
#2102 = CARTESIAN_POINT('',(-0.9125,0.78125,0.75));
#2103 = DIRECTION('',(-1.,0.,0.));
#2104 = DIRECTION('',(0.,-1.,0.));
#2105 = ADVANCED_FACE('',(#2106),#2131,.F.);
#2106 = FACE_BOUND('',#2107,.F.);
#2107 = EDGE_LOOP('',(#2108,#2109,#2117,#2125));
#2108 = ORIENTED_EDGE('',*,*,#1484,.T.);
#2109 = ORIENTED_EDGE('',*,*,#2110,.T.);
#2110 = EDGE_CURVE('',#1477,#2111,#2113,.T.);
#2111 = VERTEX_POINT('',#2112);
#2112 = CARTESIAN_POINT('',(0.9125,0.46875,0.));
#2113 = LINE('',#2114,#2115);
#2114 = CARTESIAN_POINT('',(0.9125,0.46875,0.75));
#2115 = VECTOR('',#2116,1.);
#2116 = DIRECTION('',(-0.,-0.,-1.));
#2117 = ORIENTED_EDGE('',*,*,#2118,.T.);
#2118 = EDGE_CURVE('',#2111,#2119,#2121,.T.);
#2119 = VERTEX_POINT('',#2120);
#2120 = CARTESIAN_POINT('',(0.9125,0.625,0.));
#2121 = LINE('',#2122,#2123);
#2122 = CARTESIAN_POINT('',(0.9125,-7.8125E-02,0.));
#2123 = VECTOR('',#2124,1.);
#2124 = DIRECTION('',(0.,1.,0.));
#2125 = ORIENTED_EDGE('',*,*,#2126,.F.);
#2126 = EDGE_CURVE('',#1485,#2119,#2127,.T.);
#2127 = LINE('',#2128,#2129);
#2128 = CARTESIAN_POINT('',(0.9125,0.625,0.375));
#2129 = VECTOR('',#2130,1.);
#2130 = DIRECTION('',(0.,0.,-1.));
#2131 = PLANE('',#2132);
#2132 = AXIS2_PLACEMENT_3D('',#2133,#2134,#2135);
#2133 = CARTESIAN_POINT('',(0.9125,0.46875,0.75));
#2134 = DIRECTION('',(1.,0.,0.));
#2135 = DIRECTION('',(-0.,1.,0.));
#2136 = ADVANCED_FACE('',(#2137),#2156,.F.);
#2137 = FACE_BOUND('',#2138,.F.);
#2138 = EDGE_LOOP('',(#2139,#2140,#2141,#2150));
#2139 = ORIENTED_EDGE('',*,*,#2110,.F.);
#2140 = ORIENTED_EDGE('',*,*,#1476,.T.);
#2141 = ORIENTED_EDGE('',*,*,#2142,.F.);
#2142 = EDGE_CURVE('',#2143,#1469,#2145,.T.);
#2143 = VERTEX_POINT('',#2144);
#2144 = CARTESIAN_POINT('',(0.685,0.46875,-6.938893903907E-18));
#2145 = CIRCLE('',#2146,3.5E-02);
#2146 = AXIS2_PLACEMENT_3D('',#2147,#2148,#2149);
#2147 = CARTESIAN_POINT('',(0.685,0.46875,3.5E-02));
#2148 = DIRECTION('',(0.,1.,-0.));
#2149 = DIRECTION('',(-1.,0.,0.));
#2150 = ORIENTED_EDGE('',*,*,#2151,.T.);
#2151 = EDGE_CURVE('',#2143,#2111,#2152,.T.);
#2152 = LINE('',#2153,#2154);
#2153 = CARTESIAN_POINT('',(-0.13125,0.46875,0.));
#2154 = VECTOR('',#2155,1.);
#2155 = DIRECTION('',(1.,0.,0.));
#2156 = PLANE('',#2157);
#2157 = AXIS2_PLACEMENT_3D('',#2158,#2159,#2160);
#2158 = CARTESIAN_POINT('',(-0.9125,0.46875,0.75));
#2159 = DIRECTION('',(0.,-1.,0.));
#2160 = DIRECTION('',(1.,0.,0.));
#2161 = ADVANCED_FACE('',(#2162),#2181,.T.);
#2162 = FACE_BOUND('',#2163,.T.);
#2163 = EDGE_LOOP('',(#2164,#2165,#2173,#2180));
#2164 = ORIENTED_EDGE('',*,*,#2142,.F.);
#2165 = ORIENTED_EDGE('',*,*,#2166,.F.);
#2166 = EDGE_CURVE('',#2167,#2143,#2169,.T.);
#2167 = VERTEX_POINT('',#2168);
#2168 = CARTESIAN_POINT('',(0.685,-0.46875,-6.938893903907E-18));
#2169 = LINE('',#2170,#2171);
#2170 = CARTESIAN_POINT('',(0.685,-0.625,-6.938893903907E-18));
#2171 = VECTOR('',#2172,1.);
#2172 = DIRECTION('',(0.,1.,0.));
#2173 = ORIENTED_EDGE('',*,*,#2174,.T.);
#2174 = EDGE_CURVE('',#2167,#1461,#2175,.T.);
#2175 = CIRCLE('',#2176,3.5E-02);
#2176 = AXIS2_PLACEMENT_3D('',#2177,#2178,#2179);
#2177 = CARTESIAN_POINT('',(0.685,-0.46875,3.5E-02));
#2178 = DIRECTION('',(0.,1.,-0.));
#2179 = DIRECTION('',(-1.,0.,0.));
#2180 = ORIENTED_EDGE('',*,*,#1468,.T.);
#2181 = CYLINDRICAL_SURFACE('',#2182,3.5E-02);
#2182 = AXIS2_PLACEMENT_3D('',#2183,#2184,#2185);
#2183 = CARTESIAN_POINT('',(0.685,-0.625,3.5E-02));
#2184 = DIRECTION('',(0.,1.,0.));
#2185 = DIRECTION('',(-1.,0.,0.));
#2186 = ADVANCED_FACE('',(#2187),#2205,.F.);
#2187 = FACE_BOUND('',#2188,.F.);
#2188 = EDGE_LOOP('',(#2189,#2190,#2198,#2204));
#2189 = ORIENTED_EDGE('',*,*,#1460,.T.);
#2190 = ORIENTED_EDGE('',*,*,#2191,.T.);
#2191 = EDGE_CURVE('',#1453,#2192,#2194,.T.);
#2192 = VERTEX_POINT('',#2193);
#2193 = CARTESIAN_POINT('',(0.9125,-0.46875,0.));
#2194 = LINE('',#2195,#2196);
#2195 = CARTESIAN_POINT('',(0.9125,-0.46875,0.75));
#2196 = VECTOR('',#2197,1.);
#2197 = DIRECTION('',(-0.,-0.,-1.));
#2198 = ORIENTED_EDGE('',*,*,#2199,.T.);
#2199 = EDGE_CURVE('',#2192,#2167,#2200,.T.);
#2200 = LINE('',#2201,#2202);
#2201 = CARTESIAN_POINT('',(0.78125,-0.46875,0.));
#2202 = VECTOR('',#2203,1.);
#2203 = DIRECTION('',(-1.,0.,0.));
#2204 = ORIENTED_EDGE('',*,*,#2174,.T.);
#2205 = PLANE('',#2206);
#2206 = AXIS2_PLACEMENT_3D('',#2207,#2208,#2209);
#2207 = CARTESIAN_POINT('',(0.9125,-0.46875,0.75));
#2208 = DIRECTION('',(0.,1.,0.));
#2209 = DIRECTION('',(-1.,0.,0.));
#2210 = ADVANCED_FACE('',(#2211),#2222,.F.);
#2211 = FACE_BOUND('',#2212,.F.);
#2212 = EDGE_LOOP('',(#2213,#2214,#2215,#2216));
#2213 = ORIENTED_EDGE('',*,*,#2191,.F.);
#2214 = ORIENTED_EDGE('',*,*,#1452,.T.);
#2215 = ORIENTED_EDGE('',*,*,#1574,.T.);
#2216 = ORIENTED_EDGE('',*,*,#2217,.T.);
#2217 = EDGE_CURVE('',#1565,#2192,#2218,.T.);
#2218 = LINE('',#2219,#2220);
#2219 = CARTESIAN_POINT('',(0.9125,-0.703125,0.));
#2220 = VECTOR('',#2221,1.);
#2221 = DIRECTION('',(0.,1.,0.));
#2222 = PLANE('',#2223);
#2223 = AXIS2_PLACEMENT_3D('',#2224,#2225,#2226);
#2224 = CARTESIAN_POINT('',(0.9125,-0.78125,0.75));
#2225 = DIRECTION('',(1.,0.,0.));
#2226 = DIRECTION('',(-0.,1.,0.));
#2227 = ADVANCED_FACE('',(#2228),#2253,.T.);
#2228 = FACE_BOUND('',#2229,.T.);
#2229 = EDGE_LOOP('',(#2230,#2238,#2239,#2247));
#2230 = ORIENTED_EDGE('',*,*,#2231,.T.);
#2231 = EDGE_CURVE('',#2232,#1533,#2234,.T.);
#2232 = VERTEX_POINT('',#2233);
#2233 = CARTESIAN_POINT('',(0.433012701892,0.5,1.75E-02));
#2234 = LINE('',#2235,#2236);
#2235 = CARTESIAN_POINT('',(0.433012701892,0.5,1.75E-02));
#2236 = VECTOR('',#2237,1.);
#2237 = DIRECTION('',(0.,0.,1.));
#2238 = ORIENTED_EDGE('',*,*,#1532,.T.);
#2239 = ORIENTED_EDGE('',*,*,#2240,.F.);
#2240 = EDGE_CURVE('',#2241,#1535,#2243,.T.);
#2241 = VERTEX_POINT('',#2242);
#2242 = CARTESIAN_POINT('',(0.433012701892,-0.5,1.75E-02));
#2243 = LINE('',#2244,#2245);
#2244 = CARTESIAN_POINT('',(0.433012701892,-0.5,1.75E-02));
#2245 = VECTOR('',#2246,1.);
#2246 = DIRECTION('',(0.,0.,1.));
#2247 = ORIENTED_EDGE('',*,*,#2248,.F.);
#2248 = EDGE_CURVE('',#2232,#2241,#2249,.T.);
#2249 = LINE('',#2250,#2251);
#2250 = CARTESIAN_POINT('',(0.433012701892,0.5,1.75E-02));
#2251 = VECTOR('',#2252,1.);
#2252 = DIRECTION('',(0.,-1.,0.));
#2253 = PLANE('',#2254);
#2254 = AXIS2_PLACEMENT_3D('',#2255,#2256,#2257);
#2255 = CARTESIAN_POINT('',(0.433012701892,0.5,1.75E-02));
#2256 = DIRECTION('',(1.,0.,0.));
#2257 = DIRECTION('',(0.,-1.,0.));
#2258 = ADVANCED_FACE('',(#2259),#2277,.T.);
#2259 = FACE_BOUND('',#2260,.T.);
#2260 = EDGE_LOOP('',(#2261,#2269,#2270,#2271));
#2261 = ORIENTED_EDGE('',*,*,#2262,.T.);
#2262 = EDGE_CURVE('',#2263,#1543,#2265,.T.);
#2263 = VERTEX_POINT('',#2264);
#2264 = CARTESIAN_POINT('',(-0.433012701892,0.,1.75E-02));
#2265 = LINE('',#2266,#2267);
#2266 = CARTESIAN_POINT('',(-0.433012701892,0.,1.75E-02));
#2267 = VECTOR('',#2268,1.);
#2268 = DIRECTION('',(0.,0.,1.));
#2269 = ORIENTED_EDGE('',*,*,#1550,.T.);
#2270 = ORIENTED_EDGE('',*,*,#2231,.F.);
#2271 = ORIENTED_EDGE('',*,*,#2272,.F.);
#2272 = EDGE_CURVE('',#2263,#2232,#2273,.T.);
#2273 = LINE('',#2274,#2275);
#2274 = CARTESIAN_POINT('',(-0.433012701892,0.,1.75E-02));
#2275 = VECTOR('',#2276,1.);
#2276 = DIRECTION('',(0.866025403784,0.5,0.));
#2277 = PLANE('',#2278);
#2278 = AXIS2_PLACEMENT_3D('',#2279,#2280,#2281);
#2279 = CARTESIAN_POINT('',(-0.433012701892,0.,1.75E-02));
#2280 = DIRECTION('',(-0.5,0.866025403784,0.));
#2281 = DIRECTION('',(0.866025403784,0.5,0.));
#2282 = ADVANCED_FACE('',(#2283),#2294,.T.);
#2283 = FACE_BOUND('',#2284,.T.);
#2284 = EDGE_LOOP('',(#2285,#2286,#2287,#2288));
#2285 = ORIENTED_EDGE('',*,*,#2240,.T.);
#2286 = ORIENTED_EDGE('',*,*,#1542,.T.);
#2287 = ORIENTED_EDGE('',*,*,#2262,.F.);
#2288 = ORIENTED_EDGE('',*,*,#2289,.F.);
#2289 = EDGE_CURVE('',#2241,#2263,#2290,.T.);
#2290 = LINE('',#2291,#2292);
#2291 = CARTESIAN_POINT('',(0.433012701892,-0.5,1.75E-02));
#2292 = VECTOR('',#2293,1.);
#2293 = DIRECTION('',(-0.866025403784,0.5,0.));
#2294 = PLANE('',#2295);
#2295 = AXIS2_PLACEMENT_3D('',#2296,#2297,#2298);
#2296 = CARTESIAN_POINT('',(0.433012701892,-0.5,1.75E-02));
#2297 = DIRECTION('',(-0.5,-0.866025403784,0.));
#2298 = DIRECTION('',(-0.866025403784,0.5,0.));
#2299 = ADVANCED_FACE('',(#2300),#2322,.F.);
#2300 = FACE_BOUND('',#2301,.F.);
#2301 = EDGE_LOOP('',(#2302,#2310,#2311,#2312,#2313,#2314,#2315,#2316));
#2302 = ORIENTED_EDGE('',*,*,#2303,.F.);
#2303 = EDGE_CURVE('',#2119,#2304,#2306,.T.);
#2304 = VERTEX_POINT('',#2305);
#2305 = CARTESIAN_POINT('',(0.965,0.625,-6.938893903907E-18));
#2306 = LINE('',#2307,#2308);
#2307 = CARTESIAN_POINT('',(0.65,0.625,0.));
#2308 = VECTOR('',#2309,1.);
#2309 = DIRECTION('',(1.,0.,0.));
#2310 = ORIENTED_EDGE('',*,*,#2118,.F.);
#2311 = ORIENTED_EDGE('',*,*,#2151,.F.);
#2312 = ORIENTED_EDGE('',*,*,#2166,.F.);
#2313 = ORIENTED_EDGE('',*,*,#2199,.F.);
#2314 = ORIENTED_EDGE('',*,*,#2217,.F.);
#2315 = ORIENTED_EDGE('',*,*,#1564,.T.);
#2316 = ORIENTED_EDGE('',*,*,#2317,.T.);
#2317 = EDGE_CURVE('',#1567,#2304,#2318,.T.);
#2318 = LINE('',#2319,#2320);
#2319 = CARTESIAN_POINT('',(0.965,-0.625,-6.938893903907E-18));
#2320 = VECTOR('',#2321,1.);
#2321 = DIRECTION('',(0.,1.,0.));
#2322 = PLANE('',#2323);
#2323 = AXIS2_PLACEMENT_3D('',#2324,#2325,#2326);
#2324 = CARTESIAN_POINT('',(0.65,-0.625,0.));
#2325 = DIRECTION('',(0.,0.,1.));
#2326 = DIRECTION('',(1.,0.,-0.));
#2327 = ADVANCED_FACE('',(#2328),#2347,.T.);
#2328 = FACE_BOUND('',#2329,.T.);
#2329 = EDGE_LOOP('',(#2330,#2331,#2332,#2341));
#2330 = ORIENTED_EDGE('',*,*,#1616,.T.);
#2331 = ORIENTED_EDGE('',*,*,#2317,.T.);
#2332 = ORIENTED_EDGE('',*,*,#2333,.F.);
#2333 = EDGE_CURVE('',#2334,#2304,#2336,.T.);
#2334 = VERTEX_POINT('',#2335);
#2335 = CARTESIAN_POINT('',(1.,0.625,3.5E-02));
#2336 = CIRCLE('',#2337,3.5E-02);
#2337 = AXIS2_PLACEMENT_3D('',#2338,#2339,#2340);
#2338 = CARTESIAN_POINT('',(0.965,0.625,3.5E-02));
#2339 = DIRECTION('',(0.,1.,0.));
#2340 = DIRECTION('',(0.,-0.,1.));
#2341 = ORIENTED_EDGE('',*,*,#2342,.F.);
#2342 = EDGE_CURVE('',#1609,#2334,#2343,.T.);
#2343 = LINE('',#2344,#2345);
#2344 = CARTESIAN_POINT('',(1.,-0.625,3.5E-02));
#2345 = VECTOR('',#2346,1.);
#2346 = DIRECTION('',(0.,1.,0.));
#2347 = CYLINDRICAL_SURFACE('',#2348,3.5E-02);
#2348 = AXIS2_PLACEMENT_3D('',#2349,#2350,#2351);
#2349 = CARTESIAN_POINT('',(0.965,-0.625,3.5E-02));
#2350 = DIRECTION('',(0.,1.,0.));
#2351 = DIRECTION('',(1.,0.,0.));
#2352 = ADVANCED_FACE('',(#2353),#2371,.T.);
#2353 = FACE_BOUND('',#2354,.T.);
#2354 = EDGE_LOOP('',(#2355,#2356,#2357,#2365));
#2355 = ORIENTED_EDGE('',*,*,#1608,.F.);
#2356 = ORIENTED_EDGE('',*,*,#2342,.T.);
#2357 = ORIENTED_EDGE('',*,*,#2358,.T.);
#2358 = EDGE_CURVE('',#2334,#2359,#2361,.T.);
#2359 = VERTEX_POINT('',#2360);
#2360 = CARTESIAN_POINT('',(1.,0.625,0.465));
#2361 = LINE('',#2362,#2363);
#2362 = CARTESIAN_POINT('',(1.,0.625,0.));
#2363 = VECTOR('',#2364,1.);
#2364 = DIRECTION('',(0.,0.,1.));
#2365 = ORIENTED_EDGE('',*,*,#2366,.F.);
#2366 = EDGE_CURVE('',#1600,#2359,#2367,.T.);
#2367 = LINE('',#2368,#2369);
#2368 = CARTESIAN_POINT('',(1.,-0.625,0.465));
#2369 = VECTOR('',#2370,1.);
#2370 = DIRECTION('',(0.,1.,0.));
#2371 = PLANE('',#2372);
#2372 = AXIS2_PLACEMENT_3D('',#2373,#2374,#2375);
#2373 = CARTESIAN_POINT('',(1.,-0.625,0.));
#2374 = DIRECTION('',(1.,0.,0.));
#2375 = DIRECTION('',(0.,0.,1.));
#2376 = ADVANCED_FACE('',(#2377),#2396,.T.);
#2377 = FACE_BOUND('',#2378,.T.);
#2378 = EDGE_LOOP('',(#2379,#2380,#2389,#2395));
#2379 = ORIENTED_EDGE('',*,*,#2366,.T.);
#2380 = ORIENTED_EDGE('',*,*,#2381,.T.);
#2381 = EDGE_CURVE('',#2359,#2382,#2384,.T.);
#2382 = VERTEX_POINT('',#2383);
#2383 = CARTESIAN_POINT('',(0.965,0.625,0.5));
#2384 = CIRCLE('',#2385,3.5E-02);
#2385 = AXIS2_PLACEMENT_3D('',#2386,#2387,#2388);
#2386 = CARTESIAN_POINT('',(0.965,0.625,0.465));
#2387 = DIRECTION('',(0.,-1.,0.));
#2388 = DIRECTION('',(0.,0.,1.));
#2389 = ORIENTED_EDGE('',*,*,#2390,.F.);
#2390 = EDGE_CURVE('',#1592,#2382,#2391,.T.);
#2391 = LINE('',#2392,#2393);
#2392 = CARTESIAN_POINT('',(0.965,-0.625,0.5));
#2393 = VECTOR('',#2394,1.);
#2394 = DIRECTION('',(0.,1.,0.));
#2395 = ORIENTED_EDGE('',*,*,#1599,.F.);
#2396 = CYLINDRICAL_SURFACE('',#2397,3.5E-02);
#2397 = AXIS2_PLACEMENT_3D('',#2398,#2399,#2400);
#2398 = CARTESIAN_POINT('',(0.965,-0.625,0.465));
#2399 = DIRECTION('',(0.,1.,0.));
#2400 = DIRECTION('',(1.,0.,0.));
#2401 = ADVANCED_FACE('',(#2402),#2443,.T.);
#2402 = FACE_BOUND('',#2403,.T.);
#2403 = EDGE_LOOP('',(#2404,#2412,#2420,#2426,#2427,#2435,#2441,#2442));
#2404 = ORIENTED_EDGE('',*,*,#2405,.F.);
#2405 = EDGE_CURVE('',#2406,#2382,#2408,.T.);
#2406 = VERTEX_POINT('',#2407);
#2407 = CARTESIAN_POINT('',(0.9125,0.625,0.5));
#2408 = LINE('',#2409,#2410);
#2409 = CARTESIAN_POINT('',(0.65,0.625,0.5));
#2410 = VECTOR('',#2411,1.);
#2411 = DIRECTION('',(1.,0.,0.));
#2412 = ORIENTED_EDGE('',*,*,#2413,.F.);
#2413 = EDGE_CURVE('',#2414,#2406,#2416,.T.);
#2414 = VERTEX_POINT('',#2415);
#2415 = CARTESIAN_POINT('',(0.9125,0.46875,0.5));
#2416 = LINE('',#2417,#2418);
#2417 = CARTESIAN_POINT('',(0.9125,-7.8125E-02,0.5));
#2418 = VECTOR('',#2419,1.);
#2419 = DIRECTION('',(0.,1.,0.));
#2420 = ORIENTED_EDGE('',*,*,#2421,.F.);
#2421 = EDGE_CURVE('',#1697,#2414,#2422,.T.);
#2422 = LINE('',#2423,#2424);
#2423 = CARTESIAN_POINT('',(-0.13125,0.46875,0.5));
#2424 = VECTOR('',#2425,1.);
#2425 = DIRECTION('',(1.,0.,0.));
#2426 = ORIENTED_EDGE('',*,*,#1696,.F.);
#2427 = ORIENTED_EDGE('',*,*,#2428,.F.);
#2428 = EDGE_CURVE('',#2429,#1688,#2431,.T.);
#2429 = VERTEX_POINT('',#2430);
#2430 = CARTESIAN_POINT('',(0.9125,-0.46875,0.5));
#2431 = LINE('',#2432,#2433);
#2432 = CARTESIAN_POINT('',(0.78125,-0.46875,0.5));
#2433 = VECTOR('',#2434,1.);
#2434 = DIRECTION('',(-1.,0.,0.));
#2435 = ORIENTED_EDGE('',*,*,#2436,.F.);
#2436 = EDGE_CURVE('',#1584,#2429,#2437,.T.);
#2437 = LINE('',#2438,#2439);
#2438 = CARTESIAN_POINT('',(0.9125,-0.703125,0.5));
#2439 = VECTOR('',#2440,1.);
#2440 = DIRECTION('',(0.,1.,0.));
#2441 = ORIENTED_EDGE('',*,*,#1591,.T.);
#2442 = ORIENTED_EDGE('',*,*,#2390,.T.);
#2443 = PLANE('',#2444);
#2444 = AXIS2_PLACEMENT_3D('',#2445,#2446,#2447);
#2445 = CARTESIAN_POINT('',(0.65,-0.625,0.5));
#2446 = DIRECTION('',(0.,0.,1.));
#2447 = DIRECTION('',(1.,0.,-0.));
#2448 = ADVANCED_FACE('',(#2449),#2460,.F.);
#2449 = FACE_BOUND('',#2450,.F.);
#2450 = EDGE_LOOP('',(#2451,#2457,#2458,#2459));
#2451 = ORIENTED_EDGE('',*,*,#2452,.F.);
#2452 = EDGE_CURVE('',#2429,#1632,#2453,.T.);
#2453 = LINE('',#2454,#2455);
#2454 = CARTESIAN_POINT('',(0.9125,-0.46875,0.75));
#2455 = VECTOR('',#2456,1.);
#2456 = DIRECTION('',(-0.,-0.,-1.));
#2457 = ORIENTED_EDGE('',*,*,#2436,.F.);
#2458 = ORIENTED_EDGE('',*,*,#1583,.T.);
#2459 = ORIENTED_EDGE('',*,*,#1641,.F.);
#2460 = PLANE('',#2461);
#2461 = AXIS2_PLACEMENT_3D('',#2462,#2463,#2464);
#2462 = CARTESIAN_POINT('',(0.9125,-0.78125,0.75));
#2463 = DIRECTION('',(1.,0.,0.));
#2464 = DIRECTION('',(-0.,1.,0.));
#2465 = ADVANCED_FACE('',(#2466),#2472,.F.);
#2466 = FACE_BOUND('',#2467,.F.);
#2467 = EDGE_LOOP('',(#2468,#2469,#2470,#2471));
#2468 = ORIENTED_EDGE('',*,*,#2428,.F.);
#2469 = ORIENTED_EDGE('',*,*,#2452,.T.);
#2470 = ORIENTED_EDGE('',*,*,#1631,.F.);
#2471 = ORIENTED_EDGE('',*,*,#1687,.T.);
#2472 = PLANE('',#2473);
#2473 = AXIS2_PLACEMENT_3D('',#2474,#2475,#2476);
#2474 = CARTESIAN_POINT('',(0.9125,-0.46875,0.75));
#2475 = DIRECTION('',(0.,1.,0.));
#2476 = DIRECTION('',(-1.,0.,0.));
#2477 = ADVANCED_FACE('',(#2478),#2494,.F.);
#2478 = FACE_BOUND('',#2479,.F.);
#2479 = EDGE_LOOP('',(#2480,#2481,#2487,#2488));
#2480 = ORIENTED_EDGE('',*,*,#2413,.F.);
#2481 = ORIENTED_EDGE('',*,*,#2482,.T.);
#2482 = EDGE_CURVE('',#2414,#1665,#2483,.T.);
#2483 = LINE('',#2484,#2485);
#2484 = CARTESIAN_POINT('',(0.9125,0.46875,0.75));
#2485 = VECTOR('',#2486,1.);
#2486 = DIRECTION('',(-0.,-0.,-1.));
#2487 = ORIENTED_EDGE('',*,*,#1672,.F.);
#2488 = ORIENTED_EDGE('',*,*,#2489,.F.);
#2489 = EDGE_CURVE('',#2406,#1656,#2490,.T.);
#2490 = LINE('',#2491,#2492);
#2491 = CARTESIAN_POINT('',(0.9125,0.625,0.375));
#2492 = VECTOR('',#2493,1.);
#2493 = DIRECTION('',(0.,0.,-1.));
#2494 = PLANE('',#2495);
#2495 = AXIS2_PLACEMENT_3D('',#2496,#2497,#2498);
#2496 = CARTESIAN_POINT('',(0.9125,0.46875,0.75));
#2497 = DIRECTION('',(1.,0.,0.));
#2498 = DIRECTION('',(-0.,1.,0.));
#2499 = ADVANCED_FACE('',(#2500),#2506,.F.);
#2500 = FACE_BOUND('',#2501,.F.);
#2501 = EDGE_LOOP('',(#2502,#2503,#2504,#2505));
#2502 = ORIENTED_EDGE('',*,*,#2482,.F.);
#2503 = ORIENTED_EDGE('',*,*,#2421,.F.);
#2504 = ORIENTED_EDGE('',*,*,#1704,.F.);
#2505 = ORIENTED_EDGE('',*,*,#1664,.F.);
#2506 = PLANE('',#2507);
#2507 = AXIS2_PLACEMENT_3D('',#2508,#2509,#2510);
#2508 = CARTESIAN_POINT('',(-0.9125,0.46875,0.75));
#2509 = DIRECTION('',(0.,-1.,0.));
#2510 = DIRECTION('',(1.,0.,0.));
#2511 = ADVANCED_FACE('',(#2512),#2524,.T.);
#2512 = FACE_BOUND('',#2513,.T.);
#2513 = EDGE_LOOP('',(#2514,#2515,#2516,#2517,#2518,#2519,#2520,#2521,
    #2522,#2523));
#2514 = ORIENTED_EDGE('',*,*,#1892,.F.);
#2515 = ORIENTED_EDGE('',*,*,#1963,.F.);
#2516 = ORIENTED_EDGE('',*,*,#1999,.T.);
#2517 = ORIENTED_EDGE('',*,*,#2023,.T.);
#2518 = ORIENTED_EDGE('',*,*,#1847,.T.);
#2519 = ORIENTED_EDGE('',*,*,#1808,.F.);
#2520 = ORIENTED_EDGE('',*,*,#1735,.F.);
#2521 = ORIENTED_EDGE('',*,*,#1727,.F.);
#2522 = ORIENTED_EDGE('',*,*,#1719,.T.);
#2523 = ORIENTED_EDGE('',*,*,#2094,.F.);
#2524 = PLANE('',#2525);
#2525 = AXIS2_PLACEMENT_3D('',#2526,#2527,#2528);
#2526 = CARTESIAN_POINT('',(-1.,0.625,0.));
#2527 = DIRECTION('',(0.,1.,0.));
#2528 = DIRECTION('',(0.,-0.,1.));
#2529 = ADVANCED_FACE('',(#2530),#2542,.T.);
#2530 = FACE_BOUND('',#2531,.T.);
#2531 = EDGE_LOOP('',(#2532,#2533,#2534,#2535,#2536,#2537,#2538,#2539,
    #2540,#2541));
#2532 = ORIENTED_EDGE('',*,*,#2303,.F.);
#2533 = ORIENTED_EDGE('',*,*,#2126,.F.);
#2534 = ORIENTED_EDGE('',*,*,#1760,.T.);
#2535 = ORIENTED_EDGE('',*,*,#1752,.T.);
#2536 = ORIENTED_EDGE('',*,*,#1744,.F.);
#2537 = ORIENTED_EDGE('',*,*,#2489,.F.);
#2538 = ORIENTED_EDGE('',*,*,#2405,.T.);
#2539 = ORIENTED_EDGE('',*,*,#2381,.F.);
#2540 = ORIENTED_EDGE('',*,*,#2358,.F.);
#2541 = ORIENTED_EDGE('',*,*,#2333,.T.);
#2542 = PLANE('',#2543);
#2543 = AXIS2_PLACEMENT_3D('',#2544,#2545,#2546);
#2544 = CARTESIAN_POINT('',(0.65,0.625,0.));
#2545 = DIRECTION('',(0.,1.,0.));
#2546 = DIRECTION('',(0.,-0.,1.));
#2547 = ADVANCED_FACE('',(#2548),#2553,.T.);
#2548 = FACE_BOUND('',#2549,.T.);
#2549 = EDGE_LOOP('',(#2550,#2551,#2552));
#2550 = ORIENTED_EDGE('',*,*,#2272,.T.);
#2551 = ORIENTED_EDGE('',*,*,#2248,.T.);
#2552 = ORIENTED_EDGE('',*,*,#2289,.T.);
#2553 = PLANE('',#2554);
#2554 = AXIS2_PLACEMENT_3D('',#2555,#2556,#2557);
#2555 = CARTESIAN_POINT('',(0.144337567297,9.251858538543E-18,1.75E-02)
  );
#2556 = DIRECTION('',(-0.,-0.,-1.));
#2557 = DIRECTION('',(-1.,0.,0.));
#2558 = ( GEOMETRIC_REPRESENTATION_CONTEXT(3) 
GLOBAL_UNCERTAINTY_ASSIGNED_CONTEXT((#2562)) 
GLOBAL_UNIT_ASSIGNED_CONTEXT((#2559,#2560,#2561)) REPRESENTATION_CONTEXT
('Context #1','3D Context with UNIT and UNCERTAINTY') );
#2559 = ( LENGTH_UNIT() NAMED_UNIT(*) SI_UNIT(.MILLI.,.METRE.) );
#2560 = ( NAMED_UNIT(*) PLANE_ANGLE_UNIT() SI_UNIT($,.RADIAN.) );
#2561 = ( NAMED_UNIT(*) SI_UNIT($,.STERADIAN.) SOLID_ANGLE_UNIT() );
#2562 = UNCERTAINTY_MEASURE_WITH_UNIT(LENGTH_MEASURE(1.E-07),#2559,
  'distance_accuracy_value','confusion accuracy');
#2563 = CONTEXT_DEPENDENT_SHAPE_REPRESENTATION(#2564,#2566);
#2564 = ( REPRESENTATION_RELATIONSHIP('','',#1034,#10) 
REPRESENTATION_RELATIONSHIP_WITH_TRANSFORMATION(#2565) 
SHAPE_REPRESENTATION_RELATIONSHIP() );
#2565 = ITEM_DEFINED_TRANSFORMATION('','',#11,#23);
#2566 = PRODUCT_DEFINITION_SHAPE('Placement','Placement of an item',
  #2567);
#2567 = NEXT_ASSEMBLY_USAGE_OCCURRENCE('3','D3','',#5,#1029,$);
#2568 = PRODUCT_RELATED_PRODUCT_CATEGORY('part',$,(#1031));
#2569 = SHAPE_DEFINITION_REPRESENTATION(#2570,#2576);
#2570 = PRODUCT_DEFINITION_SHAPE('','',#2571);
#2571 = PRODUCT_DEFINITION('design','',#2572,#2575);
#2572 = PRODUCT_DEFINITION_FORMATION('','',#2573);
#2573 = PRODUCT('R_0805_2012Metric','R_0805_2012Metric','',(#2574));
#2574 = PRODUCT_CONTEXT('',#2,'mechanical');
#2575 = PRODUCT_DEFINITION_CONTEXT('part definition',#2,'design');
#2576 = ADVANCED_BREP_SHAPE_REPRESENTATION('',(#11,#2577),#3367);
#2577 = MANIFOLD_SOLID_BREP('',#2578);
#2578 = CLOSED_SHELL('',(#2579,#2619,#2702,#2727,#2752,#2819,#2836,#2853
    ,#2902,#2919,#2936,#2985,#3002,#3071,#3102,#3126,#3195,#3219,#3236,
    #3253,#3270,#3287,#3304,#3321,#3338,#3355));
#2579 = ADVANCED_FACE('',(#2580),#2614,.F.);
#2580 = FACE_BOUND('',#2581,.F.);
#2581 = EDGE_LOOP('',(#2582,#2592,#2600,#2608));
#2582 = ORIENTED_EDGE('',*,*,#2583,.F.);
#2583 = EDGE_CURVE('',#2584,#2586,#2588,.T.);
#2584 = VERTEX_POINT('',#2585);
#2585 = CARTESIAN_POINT('',(-1.,-0.6,4.5E-02));
#2586 = VERTEX_POINT('',#2587);
#2587 = CARTESIAN_POINT('',(-1.,-0.6,0.405));
#2588 = LINE('',#2589,#2590);
#2589 = CARTESIAN_POINT('',(-1.,-0.6,0.));
#2590 = VECTOR('',#2591,1.);
#2591 = DIRECTION('',(0.,0.,1.));
#2592 = ORIENTED_EDGE('',*,*,#2593,.T.);
#2593 = EDGE_CURVE('',#2584,#2594,#2596,.T.);
#2594 = VERTEX_POINT('',#2595);
#2595 = CARTESIAN_POINT('',(-1.,0.6,4.5E-02));
#2596 = LINE('',#2597,#2598);
#2597 = CARTESIAN_POINT('',(-1.,-0.6,4.5E-02));
#2598 = VECTOR('',#2599,1.);
#2599 = DIRECTION('',(0.,1.,0.));
#2600 = ORIENTED_EDGE('',*,*,#2601,.T.);
#2601 = EDGE_CURVE('',#2594,#2602,#2604,.T.);
#2602 = VERTEX_POINT('',#2603);
#2603 = CARTESIAN_POINT('',(-1.,0.6,0.405));
#2604 = LINE('',#2605,#2606);
#2605 = CARTESIAN_POINT('',(-1.,0.6,0.));
#2606 = VECTOR('',#2607,1.);
#2607 = DIRECTION('',(0.,0.,1.));
#2608 = ORIENTED_EDGE('',*,*,#2609,.F.);
#2609 = EDGE_CURVE('',#2586,#2602,#2610,.T.);
#2610 = LINE('',#2611,#2612);
#2611 = CARTESIAN_POINT('',(-1.,-0.6,0.405));
#2612 = VECTOR('',#2613,1.);
#2613 = DIRECTION('',(0.,1.,0.));
#2614 = PLANE('',#2615);
#2615 = AXIS2_PLACEMENT_3D('',#2616,#2617,#2618);
#2616 = CARTESIAN_POINT('',(-1.,-0.6,0.));
#2617 = DIRECTION('',(1.,0.,0.));
#2618 = DIRECTION('',(0.,0.,1.));
#2619 = ADVANCED_FACE('',(#2620),#2697,.F.);
#2620 = FACE_BOUND('',#2621,.F.);
#2621 = EDGE_LOOP('',(#2622,#2632,#2639,#2640,#2649,#2657,#2666,#2674,
    #2682,#2690));
#2622 = ORIENTED_EDGE('',*,*,#2623,.F.);
#2623 = EDGE_CURVE('',#2624,#2626,#2628,.T.);
#2624 = VERTEX_POINT('',#2625);
#2625 = CARTESIAN_POINT('',(-0.955,-0.6,-2.775557561563E-17));
#2626 = VERTEX_POINT('',#2627);
#2627 = CARTESIAN_POINT('',(-0.745,-0.6,-2.775557561563E-17));
#2628 = LINE('',#2629,#2630);
#2629 = CARTESIAN_POINT('',(-1.,-0.6,0.));
#2630 = VECTOR('',#2631,1.);
#2631 = DIRECTION('',(1.,0.,0.));
#2632 = ORIENTED_EDGE('',*,*,#2633,.F.);
#2633 = EDGE_CURVE('',#2584,#2624,#2634,.T.);
#2634 = CIRCLE('',#2635,4.5E-02);
#2635 = AXIS2_PLACEMENT_3D('',#2636,#2637,#2638);
#2636 = CARTESIAN_POINT('',(-0.955,-0.6,4.5E-02));
#2637 = DIRECTION('',(0.,-1.,0.));
#2638 = DIRECTION('',(0.,0.,1.));
#2639 = ORIENTED_EDGE('',*,*,#2583,.T.);
#2640 = ORIENTED_EDGE('',*,*,#2641,.T.);
#2641 = EDGE_CURVE('',#2586,#2642,#2644,.T.);
#2642 = VERTEX_POINT('',#2643);
#2643 = CARTESIAN_POINT('',(-0.955,-0.6,0.45));
#2644 = CIRCLE('',#2645,4.5E-02);
#2645 = AXIS2_PLACEMENT_3D('',#2646,#2647,#2648);
#2646 = CARTESIAN_POINT('',(-0.955,-0.6,0.405));
#2647 = DIRECTION('',(0.,1.,0.));
#2648 = DIRECTION('',(0.,-0.,1.));
#2649 = ORIENTED_EDGE('',*,*,#2650,.T.);
#2650 = EDGE_CURVE('',#2642,#2651,#2653,.T.);
#2651 = VERTEX_POINT('',#2652);
#2652 = CARTESIAN_POINT('',(-0.745,-0.6,0.45));
#2653 = LINE('',#2654,#2655);
#2654 = CARTESIAN_POINT('',(-1.,-0.6,0.45));
#2655 = VECTOR('',#2656,1.);
#2656 = DIRECTION('',(1.,0.,0.));
#2657 = ORIENTED_EDGE('',*,*,#2658,.F.);
#2658 = EDGE_CURVE('',#2659,#2651,#2661,.T.);
#2659 = VERTEX_POINT('',#2660);
#2660 = CARTESIAN_POINT('',(-0.7,-0.6,0.405));
#2661 = CIRCLE('',#2662,4.5E-02);
#2662 = AXIS2_PLACEMENT_3D('',#2663,#2664,#2665);
#2663 = CARTESIAN_POINT('',(-0.745,-0.6,0.405));
#2664 = DIRECTION('',(0.,-1.,0.));
#2665 = DIRECTION('',(0.,0.,1.));
#2666 = ORIENTED_EDGE('',*,*,#2667,.F.);
#2667 = EDGE_CURVE('',#2668,#2659,#2670,.T.);
#2668 = VERTEX_POINT('',#2669);
#2669 = CARTESIAN_POINT('',(-0.955,-0.6,0.405));
#2670 = LINE('',#2671,#2672);
#2671 = CARTESIAN_POINT('',(-0.955,-0.6,0.405));
#2672 = VECTOR('',#2673,1.);
#2673 = DIRECTION('',(1.,0.,0.));
#2674 = ORIENTED_EDGE('',*,*,#2675,.F.);
#2675 = EDGE_CURVE('',#2676,#2668,#2678,.T.);
#2676 = VERTEX_POINT('',#2677);
#2677 = CARTESIAN_POINT('',(-0.955,-0.6,4.5E-02));
#2678 = LINE('',#2679,#2680);
#2679 = CARTESIAN_POINT('',(-0.955,-0.6,4.5E-02));
#2680 = VECTOR('',#2681,1.);
#2681 = DIRECTION('',(0.,0.,1.));
#2682 = ORIENTED_EDGE('',*,*,#2683,.T.);
#2683 = EDGE_CURVE('',#2676,#2684,#2686,.T.);
#2684 = VERTEX_POINT('',#2685);
#2685 = CARTESIAN_POINT('',(-0.7,-0.6,4.5E-02));
#2686 = LINE('',#2687,#2688);
#2687 = CARTESIAN_POINT('',(-0.955,-0.6,4.5E-02));
#2688 = VECTOR('',#2689,1.);
#2689 = DIRECTION('',(1.,0.,0.));
#2690 = ORIENTED_EDGE('',*,*,#2691,.T.);
#2691 = EDGE_CURVE('',#2684,#2626,#2692,.T.);
#2692 = CIRCLE('',#2693,4.5E-02);
#2693 = AXIS2_PLACEMENT_3D('',#2694,#2695,#2696);
#2694 = CARTESIAN_POINT('',(-0.745,-0.6,4.5E-02));
#2695 = DIRECTION('',(0.,1.,0.));
#2696 = DIRECTION('',(0.,-0.,1.));
#2697 = PLANE('',#2698);
#2698 = AXIS2_PLACEMENT_3D('',#2699,#2700,#2701);
#2699 = CARTESIAN_POINT('',(-1.,-0.6,0.));
#2700 = DIRECTION('',(0.,1.,0.));
#2701 = DIRECTION('',(0.,-0.,1.));
#2702 = ADVANCED_FACE('',(#2703),#2722,.T.);
#2703 = FACE_BOUND('',#2704,.T.);
#2704 = EDGE_LOOP('',(#2705,#2706,#2715,#2721));
#2705 = ORIENTED_EDGE('',*,*,#2593,.T.);
#2706 = ORIENTED_EDGE('',*,*,#2707,.T.);
#2707 = EDGE_CURVE('',#2594,#2708,#2710,.T.);
#2708 = VERTEX_POINT('',#2709);
#2709 = CARTESIAN_POINT('',(-0.955,0.6,-2.775557561563E-17));
#2710 = CIRCLE('',#2711,4.5E-02);
#2711 = AXIS2_PLACEMENT_3D('',#2712,#2713,#2714);
#2712 = CARTESIAN_POINT('',(-0.955,0.6,4.5E-02));
#2713 = DIRECTION('',(0.,-1.,0.));
#2714 = DIRECTION('',(0.,0.,1.));
#2715 = ORIENTED_EDGE('',*,*,#2716,.F.);
#2716 = EDGE_CURVE('',#2624,#2708,#2717,.T.);
#2717 = LINE('',#2718,#2719);
#2718 = CARTESIAN_POINT('',(-0.955,-0.6,-2.775557561563E-17));
#2719 = VECTOR('',#2720,1.);
#2720 = DIRECTION('',(0.,1.,0.));
#2721 = ORIENTED_EDGE('',*,*,#2633,.F.);
#2722 = CYLINDRICAL_SURFACE('',#2723,4.5E-02);
#2723 = AXIS2_PLACEMENT_3D('',#2724,#2725,#2726);
#2724 = CARTESIAN_POINT('',(-0.955,-0.6,4.5E-02));
#2725 = DIRECTION('',(0.,1.,0.));
#2726 = DIRECTION('',(-1.,0.,0.));
#2727 = ADVANCED_FACE('',(#2728),#2747,.T.);
#2728 = FACE_BOUND('',#2729,.T.);
#2729 = EDGE_LOOP('',(#2730,#2731,#2739,#2746));
#2730 = ORIENTED_EDGE('',*,*,#2641,.T.);
#2731 = ORIENTED_EDGE('',*,*,#2732,.T.);
#2732 = EDGE_CURVE('',#2642,#2733,#2735,.T.);
#2733 = VERTEX_POINT('',#2734);
#2734 = CARTESIAN_POINT('',(-0.955,0.6,0.45));
#2735 = LINE('',#2736,#2737);
#2736 = CARTESIAN_POINT('',(-0.955,-0.6,0.45));
#2737 = VECTOR('',#2738,1.);
#2738 = DIRECTION('',(0.,1.,0.));
#2739 = ORIENTED_EDGE('',*,*,#2740,.F.);
#2740 = EDGE_CURVE('',#2602,#2733,#2741,.T.);
#2741 = CIRCLE('',#2742,4.5E-02);
#2742 = AXIS2_PLACEMENT_3D('',#2743,#2744,#2745);
#2743 = CARTESIAN_POINT('',(-0.955,0.6,0.405));
#2744 = DIRECTION('',(0.,1.,0.));
#2745 = DIRECTION('',(0.,-0.,1.));
#2746 = ORIENTED_EDGE('',*,*,#2609,.F.);
#2747 = CYLINDRICAL_SURFACE('',#2748,4.5E-02);
#2748 = AXIS2_PLACEMENT_3D('',#2749,#2750,#2751);
#2749 = CARTESIAN_POINT('',(-0.955,-0.6,0.405));
#2750 = DIRECTION('',(0.,1.,0.));
#2751 = DIRECTION('',(-1.,0.,0.));
#2752 = ADVANCED_FACE('',(#2753),#2814,.T.);
#2753 = FACE_BOUND('',#2754,.T.);
#2754 = EDGE_LOOP('',(#2755,#2763,#2764,#2765,#2766,#2774,#2783,#2791,
    #2799,#2807));
#2755 = ORIENTED_EDGE('',*,*,#2756,.F.);
#2756 = EDGE_CURVE('',#2708,#2757,#2759,.T.);
#2757 = VERTEX_POINT('',#2758);
#2758 = CARTESIAN_POINT('',(-0.745,0.6,-2.775557561563E-17));
#2759 = LINE('',#2760,#2761);
#2760 = CARTESIAN_POINT('',(-1.,0.6,0.));
#2761 = VECTOR('',#2762,1.);
#2762 = DIRECTION('',(1.,0.,0.));
#2763 = ORIENTED_EDGE('',*,*,#2707,.F.);
#2764 = ORIENTED_EDGE('',*,*,#2601,.T.);
#2765 = ORIENTED_EDGE('',*,*,#2740,.T.);
#2766 = ORIENTED_EDGE('',*,*,#2767,.T.);
#2767 = EDGE_CURVE('',#2733,#2768,#2770,.T.);
#2768 = VERTEX_POINT('',#2769);
#2769 = CARTESIAN_POINT('',(-0.745,0.6,0.45));
#2770 = LINE('',#2771,#2772);
#2771 = CARTESIAN_POINT('',(-1.,0.6,0.45));
#2772 = VECTOR('',#2773,1.);
#2773 = DIRECTION('',(1.,0.,0.));
#2774 = ORIENTED_EDGE('',*,*,#2775,.F.);
#2775 = EDGE_CURVE('',#2776,#2768,#2778,.T.);
#2776 = VERTEX_POINT('',#2777);
#2777 = CARTESIAN_POINT('',(-0.7,0.6,0.405));
#2778 = CIRCLE('',#2779,4.5E-02);
#2779 = AXIS2_PLACEMENT_3D('',#2780,#2781,#2782);
#2780 = CARTESIAN_POINT('',(-0.745,0.6,0.405));
#2781 = DIRECTION('',(0.,-1.,0.));
#2782 = DIRECTION('',(0.,0.,1.));
#2783 = ORIENTED_EDGE('',*,*,#2784,.F.);
#2784 = EDGE_CURVE('',#2785,#2776,#2787,.T.);
#2785 = VERTEX_POINT('',#2786);
#2786 = CARTESIAN_POINT('',(-0.955,0.6,0.405));
#2787 = LINE('',#2788,#2789);
#2788 = CARTESIAN_POINT('',(-0.955,0.6,0.405));
#2789 = VECTOR('',#2790,1.);
#2790 = DIRECTION('',(1.,0.,0.));
#2791 = ORIENTED_EDGE('',*,*,#2792,.F.);
#2792 = EDGE_CURVE('',#2793,#2785,#2795,.T.);
#2793 = VERTEX_POINT('',#2794);
#2794 = CARTESIAN_POINT('',(-0.955,0.6,4.5E-02));
#2795 = LINE('',#2796,#2797);
#2796 = CARTESIAN_POINT('',(-0.955,0.6,4.5E-02));
#2797 = VECTOR('',#2798,1.);
#2798 = DIRECTION('',(0.,0.,1.));
#2799 = ORIENTED_EDGE('',*,*,#2800,.T.);
#2800 = EDGE_CURVE('',#2793,#2801,#2803,.T.);
#2801 = VERTEX_POINT('',#2802);
#2802 = CARTESIAN_POINT('',(-0.7,0.6,4.5E-02));
#2803 = LINE('',#2804,#2805);
#2804 = CARTESIAN_POINT('',(-0.955,0.6,4.5E-02));
#2805 = VECTOR('',#2806,1.);
#2806 = DIRECTION('',(1.,0.,0.));
#2807 = ORIENTED_EDGE('',*,*,#2808,.T.);
#2808 = EDGE_CURVE('',#2801,#2757,#2809,.T.);
#2809 = CIRCLE('',#2810,4.5E-02);
#2810 = AXIS2_PLACEMENT_3D('',#2811,#2812,#2813);
#2811 = CARTESIAN_POINT('',(-0.745,0.6,4.5E-02));
#2812 = DIRECTION('',(0.,1.,0.));
#2813 = DIRECTION('',(0.,-0.,1.));
#2814 = PLANE('',#2815);
#2815 = AXIS2_PLACEMENT_3D('',#2816,#2817,#2818);
#2816 = CARTESIAN_POINT('',(-1.,0.6,0.));
#2817 = DIRECTION('',(0.,1.,0.));
#2818 = DIRECTION('',(0.,-0.,1.));
#2819 = ADVANCED_FACE('',(#2820),#2831,.F.);
#2820 = FACE_BOUND('',#2821,.F.);
#2821 = EDGE_LOOP('',(#2822,#2823,#2824,#2825));
#2822 = ORIENTED_EDGE('',*,*,#2756,.F.);
#2823 = ORIENTED_EDGE('',*,*,#2716,.F.);
#2824 = ORIENTED_EDGE('',*,*,#2623,.T.);
#2825 = ORIENTED_EDGE('',*,*,#2826,.T.);
#2826 = EDGE_CURVE('',#2626,#2757,#2827,.T.);
#2827 = LINE('',#2828,#2829);
#2828 = CARTESIAN_POINT('',(-0.745,-0.6,-2.775557561563E-17));
#2829 = VECTOR('',#2830,1.);
#2830 = DIRECTION('',(0.,1.,0.));
#2831 = PLANE('',#2832);
#2832 = AXIS2_PLACEMENT_3D('',#2833,#2834,#2835);
#2833 = CARTESIAN_POINT('',(-1.,-0.6,0.));
#2834 = DIRECTION('',(0.,0.,1.));
#2835 = DIRECTION('',(1.,0.,-0.));
#2836 = ADVANCED_FACE('',(#2837),#2848,.T.);
#2837 = FACE_BOUND('',#2838,.T.);
#2838 = EDGE_LOOP('',(#2839,#2840,#2841,#2842));
#2839 = ORIENTED_EDGE('',*,*,#2691,.T.);
#2840 = ORIENTED_EDGE('',*,*,#2826,.T.);
#2841 = ORIENTED_EDGE('',*,*,#2808,.F.);
#2842 = ORIENTED_EDGE('',*,*,#2843,.F.);
#2843 = EDGE_CURVE('',#2684,#2801,#2844,.T.);
#2844 = LINE('',#2845,#2846);
#2845 = CARTESIAN_POINT('',(-0.7,-0.6,4.5E-02));
#2846 = VECTOR('',#2847,1.);
#2847 = DIRECTION('',(0.,1.,0.));
#2848 = CYLINDRICAL_SURFACE('',#2849,4.5E-02);
#2849 = AXIS2_PLACEMENT_3D('',#2850,#2851,#2852);
#2850 = CARTESIAN_POINT('',(-0.745,-0.6,4.5E-02));
#2851 = DIRECTION('',(0.,1.,0.));
#2852 = DIRECTION('',(1.,0.,0.));
#2853 = ADVANCED_FACE('',(#2854),#2897,.F.);
#2854 = FACE_BOUND('',#2855,.F.);
#2855 = EDGE_LOOP('',(#2856,#2857,#2858,#2859,#2867,#2875,#2883,#2891));
#2856 = ORIENTED_EDGE('',*,*,#2683,.F.);
#2857 = ORIENTED_EDGE('',*,*,#2675,.T.);
#2858 = ORIENTED_EDGE('',*,*,#2667,.T.);
#2859 = ORIENTED_EDGE('',*,*,#2860,.T.);
#2860 = EDGE_CURVE('',#2659,#2861,#2863,.T.);
#2861 = VERTEX_POINT('',#2862);
#2862 = CARTESIAN_POINT('',(0.7,-0.6,0.405));
#2863 = LINE('',#2864,#2865);
#2864 = CARTESIAN_POINT('',(-0.7,-0.6,0.405));
#2865 = VECTOR('',#2866,1.);
#2866 = DIRECTION('',(1.,0.,0.));
#2867 = ORIENTED_EDGE('',*,*,#2868,.T.);
#2868 = EDGE_CURVE('',#2861,#2869,#2871,.T.);
#2869 = VERTEX_POINT('',#2870);
#2870 = CARTESIAN_POINT('',(0.955,-0.6,0.405));
#2871 = LINE('',#2872,#2873);
#2872 = CARTESIAN_POINT('',(-0.955,-0.6,0.405));
#2873 = VECTOR('',#2874,1.);
#2874 = DIRECTION('',(1.,0.,0.));
#2875 = ORIENTED_EDGE('',*,*,#2876,.F.);
#2876 = EDGE_CURVE('',#2877,#2869,#2879,.T.);
#2877 = VERTEX_POINT('',#2878);
#2878 = CARTESIAN_POINT('',(0.955,-0.6,4.5E-02));
#2879 = LINE('',#2880,#2881);
#2880 = CARTESIAN_POINT('',(0.955,-0.6,4.5E-02));
#2881 = VECTOR('',#2882,1.);
#2882 = DIRECTION('',(0.,0.,1.));
#2883 = ORIENTED_EDGE('',*,*,#2884,.F.);
#2884 = EDGE_CURVE('',#2885,#2877,#2887,.T.);
#2885 = VERTEX_POINT('',#2886);
#2886 = CARTESIAN_POINT('',(0.7,-0.6,4.5E-02));
#2887 = LINE('',#2888,#2889);
#2888 = CARTESIAN_POINT('',(-0.955,-0.6,4.5E-02));
#2889 = VECTOR('',#2890,1.);
#2890 = DIRECTION('',(1.,0.,0.));
#2891 = ORIENTED_EDGE('',*,*,#2892,.F.);
#2892 = EDGE_CURVE('',#2684,#2885,#2893,.T.);
#2893 = LINE('',#2894,#2895);
#2894 = CARTESIAN_POINT('',(-0.955,-0.6,4.5E-02));
#2895 = VECTOR('',#2896,1.);
#2896 = DIRECTION('',(1.,0.,0.));
#2897 = PLANE('',#2898);
#2898 = AXIS2_PLACEMENT_3D('',#2899,#2900,#2901);
#2899 = CARTESIAN_POINT('',(-0.955,-0.6,4.5E-02));
#2900 = DIRECTION('',(0.,1.,0.));
#2901 = DIRECTION('',(0.,-0.,1.));
#2902 = ADVANCED_FACE('',(#2903),#2914,.T.);
#2903 = FACE_BOUND('',#2904,.T.);
#2904 = EDGE_LOOP('',(#2905,#2906,#2907,#2908));
#2905 = ORIENTED_EDGE('',*,*,#2767,.F.);
#2906 = ORIENTED_EDGE('',*,*,#2732,.F.);
#2907 = ORIENTED_EDGE('',*,*,#2650,.T.);
#2908 = ORIENTED_EDGE('',*,*,#2909,.T.);
#2909 = EDGE_CURVE('',#2651,#2768,#2910,.T.);
#2910 = LINE('',#2911,#2912);
#2911 = CARTESIAN_POINT('',(-0.745,-0.6,0.45));
#2912 = VECTOR('',#2913,1.);
#2913 = DIRECTION('',(0.,1.,0.));
#2914 = PLANE('',#2915);
#2915 = AXIS2_PLACEMENT_3D('',#2916,#2917,#2918);
#2916 = CARTESIAN_POINT('',(-1.,-0.6,0.45));
#2917 = DIRECTION('',(0.,0.,1.));
#2918 = DIRECTION('',(1.,0.,-0.));
#2919 = ADVANCED_FACE('',(#2920),#2931,.T.);
#2920 = FACE_BOUND('',#2921,.T.);
#2921 = EDGE_LOOP('',(#2922,#2928,#2929,#2930));
#2922 = ORIENTED_EDGE('',*,*,#2923,.T.);
#2923 = EDGE_CURVE('',#2659,#2776,#2924,.T.);
#2924 = LINE('',#2925,#2926);
#2925 = CARTESIAN_POINT('',(-0.7,-0.6,0.405));
#2926 = VECTOR('',#2927,1.);
#2927 = DIRECTION('',(0.,1.,0.));
#2928 = ORIENTED_EDGE('',*,*,#2775,.T.);
#2929 = ORIENTED_EDGE('',*,*,#2909,.F.);
#2930 = ORIENTED_EDGE('',*,*,#2658,.F.);
#2931 = CYLINDRICAL_SURFACE('',#2932,4.5E-02);
#2932 = AXIS2_PLACEMENT_3D('',#2933,#2934,#2935);
#2933 = CARTESIAN_POINT('',(-0.745,-0.6,0.405));
#2934 = DIRECTION('',(0.,1.,0.));
#2935 = DIRECTION('',(1.,0.,0.));
#2936 = ADVANCED_FACE('',(#2937),#2980,.T.);
#2937 = FACE_BOUND('',#2938,.T.);
#2938 = EDGE_LOOP('',(#2939,#2940,#2941,#2942,#2950,#2958,#2966,#2974));
#2939 = ORIENTED_EDGE('',*,*,#2800,.F.);
#2940 = ORIENTED_EDGE('',*,*,#2792,.T.);
#2941 = ORIENTED_EDGE('',*,*,#2784,.T.);
#2942 = ORIENTED_EDGE('',*,*,#2943,.T.);
#2943 = EDGE_CURVE('',#2776,#2944,#2946,.T.);
#2944 = VERTEX_POINT('',#2945);
#2945 = CARTESIAN_POINT('',(0.7,0.6,0.405));
#2946 = LINE('',#2947,#2948);
#2947 = CARTESIAN_POINT('',(-0.7,0.6,0.405));
#2948 = VECTOR('',#2949,1.);
#2949 = DIRECTION('',(1.,0.,0.));
#2950 = ORIENTED_EDGE('',*,*,#2951,.T.);
#2951 = EDGE_CURVE('',#2944,#2952,#2954,.T.);
#2952 = VERTEX_POINT('',#2953);
#2953 = CARTESIAN_POINT('',(0.955,0.6,0.405));
#2954 = LINE('',#2955,#2956);
#2955 = CARTESIAN_POINT('',(-0.955,0.6,0.405));
#2956 = VECTOR('',#2957,1.);
#2957 = DIRECTION('',(1.,0.,0.));
#2958 = ORIENTED_EDGE('',*,*,#2959,.F.);
#2959 = EDGE_CURVE('',#2960,#2952,#2962,.T.);
#2960 = VERTEX_POINT('',#2961);
#2961 = CARTESIAN_POINT('',(0.955,0.6,4.5E-02));
#2962 = LINE('',#2963,#2964);
#2963 = CARTESIAN_POINT('',(0.955,0.6,4.5E-02));
#2964 = VECTOR('',#2965,1.);
#2965 = DIRECTION('',(0.,0.,1.));
#2966 = ORIENTED_EDGE('',*,*,#2967,.F.);
#2967 = EDGE_CURVE('',#2968,#2960,#2970,.T.);
#2968 = VERTEX_POINT('',#2969);
#2969 = CARTESIAN_POINT('',(0.7,0.6,4.5E-02));
#2970 = LINE('',#2971,#2972);
#2971 = CARTESIAN_POINT('',(-0.955,0.6,4.5E-02));
#2972 = VECTOR('',#2973,1.);
#2973 = DIRECTION('',(1.,0.,0.));
#2974 = ORIENTED_EDGE('',*,*,#2975,.F.);
#2975 = EDGE_CURVE('',#2801,#2968,#2976,.T.);
#2976 = LINE('',#2977,#2978);
#2977 = CARTESIAN_POINT('',(-0.955,0.6,4.5E-02));
#2978 = VECTOR('',#2979,1.);
#2979 = DIRECTION('',(1.,0.,0.));
#2980 = PLANE('',#2981);
#2981 = AXIS2_PLACEMENT_3D('',#2982,#2983,#2984);
#2982 = CARTESIAN_POINT('',(-0.955,0.6,4.5E-02));
#2983 = DIRECTION('',(0.,1.,0.));
#2984 = DIRECTION('',(0.,-0.,1.));
#2985 = ADVANCED_FACE('',(#2986),#2997,.F.);
#2986 = FACE_BOUND('',#2987,.F.);
#2987 = EDGE_LOOP('',(#2988,#2989,#2990,#2996));
#2988 = ORIENTED_EDGE('',*,*,#2843,.F.);
#2989 = ORIENTED_EDGE('',*,*,#2892,.T.);
#2990 = ORIENTED_EDGE('',*,*,#2991,.T.);
#2991 = EDGE_CURVE('',#2885,#2968,#2992,.T.);
#2992 = LINE('',#2993,#2994);
#2993 = CARTESIAN_POINT('',(0.7,-0.6,4.5E-02));
#2994 = VECTOR('',#2995,1.);
#2995 = DIRECTION('',(0.,1.,0.));
#2996 = ORIENTED_EDGE('',*,*,#2975,.F.);
#2997 = PLANE('',#2998);
#2998 = AXIS2_PLACEMENT_3D('',#2999,#3000,#3001);
#2999 = CARTESIAN_POINT('',(-0.955,-0.6,4.5E-02));
#3000 = DIRECTION('',(0.,0.,1.));
#3001 = DIRECTION('',(1.,0.,-0.));
#3002 = ADVANCED_FACE('',(#3003),#3066,.F.);
#3003 = FACE_BOUND('',#3004,.F.);
#3004 = EDGE_LOOP('',(#3005,#3015,#3022,#3023,#3024,#3025,#3034,#3042,
    #3051,#3059));
#3005 = ORIENTED_EDGE('',*,*,#3006,.F.);
#3006 = EDGE_CURVE('',#3007,#3009,#3011,.T.);
#3007 = VERTEX_POINT('',#3008);
#3008 = CARTESIAN_POINT('',(0.745,-0.6,-2.775557561563E-17));
#3009 = VERTEX_POINT('',#3010);
#3010 = CARTESIAN_POINT('',(0.955,-0.6,-2.775557561563E-17));
#3011 = LINE('',#3012,#3013);
#3012 = CARTESIAN_POINT('',(0.7,-0.6,0.));
#3013 = VECTOR('',#3014,1.);
#3014 = DIRECTION('',(1.,0.,0.));
#3015 = ORIENTED_EDGE('',*,*,#3016,.F.);
#3016 = EDGE_CURVE('',#2885,#3007,#3017,.T.);
#3017 = CIRCLE('',#3018,4.5E-02);
#3018 = AXIS2_PLACEMENT_3D('',#3019,#3020,#3021);
#3019 = CARTESIAN_POINT('',(0.745,-0.6,4.5E-02));
#3020 = DIRECTION('',(0.,-1.,0.));
#3021 = DIRECTION('',(0.,0.,1.));
#3022 = ORIENTED_EDGE('',*,*,#2884,.T.);
#3023 = ORIENTED_EDGE('',*,*,#2876,.T.);
#3024 = ORIENTED_EDGE('',*,*,#2868,.F.);
#3025 = ORIENTED_EDGE('',*,*,#3026,.T.);
#3026 = EDGE_CURVE('',#2861,#3027,#3029,.T.);
#3027 = VERTEX_POINT('',#3028);
#3028 = CARTESIAN_POINT('',(0.745,-0.6,0.45));
#3029 = CIRCLE('',#3030,4.5E-02);
#3030 = AXIS2_PLACEMENT_3D('',#3031,#3032,#3033);
#3031 = CARTESIAN_POINT('',(0.745,-0.6,0.405));
#3032 = DIRECTION('',(0.,1.,0.));
#3033 = DIRECTION('',(0.,-0.,1.));
#3034 = ORIENTED_EDGE('',*,*,#3035,.T.);
#3035 = EDGE_CURVE('',#3027,#3036,#3038,.T.);
#3036 = VERTEX_POINT('',#3037);
#3037 = CARTESIAN_POINT('',(0.955,-0.6,0.45));
#3038 = LINE('',#3039,#3040);
#3039 = CARTESIAN_POINT('',(0.7,-0.6,0.45));
#3040 = VECTOR('',#3041,1.);
#3041 = DIRECTION('',(1.,0.,0.));
#3042 = ORIENTED_EDGE('',*,*,#3043,.F.);
#3043 = EDGE_CURVE('',#3044,#3036,#3046,.T.);
#3044 = VERTEX_POINT('',#3045);
#3045 = CARTESIAN_POINT('',(1.,-0.6,0.405));
#3046 = CIRCLE('',#3047,4.5E-02);
#3047 = AXIS2_PLACEMENT_3D('',#3048,#3049,#3050);
#3048 = CARTESIAN_POINT('',(0.955,-0.6,0.405));
#3049 = DIRECTION('',(0.,-1.,0.));
#3050 = DIRECTION('',(0.,0.,1.));
#3051 = ORIENTED_EDGE('',*,*,#3052,.F.);
#3052 = EDGE_CURVE('',#3053,#3044,#3055,.T.);
#3053 = VERTEX_POINT('',#3054);
#3054 = CARTESIAN_POINT('',(1.,-0.6,4.5E-02));
#3055 = LINE('',#3056,#3057);
#3056 = CARTESIAN_POINT('',(1.,-0.6,0.));
#3057 = VECTOR('',#3058,1.);
#3058 = DIRECTION('',(0.,0.,1.));
#3059 = ORIENTED_EDGE('',*,*,#3060,.T.);
#3060 = EDGE_CURVE('',#3053,#3009,#3061,.T.);
#3061 = CIRCLE('',#3062,4.5E-02);
#3062 = AXIS2_PLACEMENT_3D('',#3063,#3064,#3065);
#3063 = CARTESIAN_POINT('',(0.955,-0.6,4.5E-02));
#3064 = DIRECTION('',(0.,1.,0.));
#3065 = DIRECTION('',(0.,-0.,1.));
#3066 = PLANE('',#3067);
#3067 = AXIS2_PLACEMENT_3D('',#3068,#3069,#3070);
#3068 = CARTESIAN_POINT('',(0.7,-0.6,0.));
#3069 = DIRECTION('',(0.,1.,0.));
#3070 = DIRECTION('',(0.,-0.,1.));
#3071 = ADVANCED_FACE('',(#3072),#3097,.F.);
#3072 = FACE_BOUND('',#3073,.F.);
#3073 = EDGE_LOOP('',(#3074,#3075,#3083,#3091));
#3074 = ORIENTED_EDGE('',*,*,#2860,.F.);
#3075 = ORIENTED_EDGE('',*,*,#3076,.T.);
#3076 = EDGE_CURVE('',#2659,#3077,#3079,.T.);
#3077 = VERTEX_POINT('',#3078);
#3078 = CARTESIAN_POINT('',(-0.7,-0.6,0.45));
#3079 = LINE('',#3080,#3081);
#3080 = CARTESIAN_POINT('',(-0.7,-0.6,0.405));
#3081 = VECTOR('',#3082,1.);
#3082 = DIRECTION('',(0.,0.,1.));
#3083 = ORIENTED_EDGE('',*,*,#3084,.T.);
#3084 = EDGE_CURVE('',#3077,#3085,#3087,.T.);
#3085 = VERTEX_POINT('',#3086);
#3086 = CARTESIAN_POINT('',(0.7,-0.6,0.45));
#3087 = LINE('',#3088,#3089);
#3088 = CARTESIAN_POINT('',(-0.7,-0.6,0.45));
#3089 = VECTOR('',#3090,1.);
#3090 = DIRECTION('',(1.,0.,0.));
#3091 = ORIENTED_EDGE('',*,*,#3092,.F.);
#3092 = EDGE_CURVE('',#2861,#3085,#3093,.T.);
#3093 = LINE('',#3094,#3095);
#3094 = CARTESIAN_POINT('',(0.7,-0.6,0.405));
#3095 = VECTOR('',#3096,1.);
#3096 = DIRECTION('',(0.,0.,1.));
#3097 = PLANE('',#3098);
#3098 = AXIS2_PLACEMENT_3D('',#3099,#3100,#3101);
#3099 = CARTESIAN_POINT('',(-0.7,-0.6,0.405));
#3100 = DIRECTION('',(0.,1.,0.));
#3101 = DIRECTION('',(0.,-0.,1.));
#3102 = ADVANCED_FACE('',(#3103),#3121,.F.);
#3103 = FACE_BOUND('',#3104,.F.);
#3104 = EDGE_LOOP('',(#3105,#3106,#3107,#3115));
#3105 = ORIENTED_EDGE('',*,*,#3076,.F.);
#3106 = ORIENTED_EDGE('',*,*,#2923,.T.);
#3107 = ORIENTED_EDGE('',*,*,#3108,.T.);
#3108 = EDGE_CURVE('',#2776,#3109,#3111,.T.);
#3109 = VERTEX_POINT('',#3110);
#3110 = CARTESIAN_POINT('',(-0.7,0.6,0.45));
#3111 = LINE('',#3112,#3113);
#3112 = CARTESIAN_POINT('',(-0.7,0.6,0.405));
#3113 = VECTOR('',#3114,1.);
#3114 = DIRECTION('',(0.,0.,1.));
#3115 = ORIENTED_EDGE('',*,*,#3116,.F.);
#3116 = EDGE_CURVE('',#3077,#3109,#3117,.T.);
#3117 = LINE('',#3118,#3119);
#3118 = CARTESIAN_POINT('',(-0.7,-0.6,0.45));
#3119 = VECTOR('',#3120,1.);
#3120 = DIRECTION('',(0.,1.,0.));
#3121 = PLANE('',#3122);
#3122 = AXIS2_PLACEMENT_3D('',#3123,#3124,#3125);
#3123 = CARTESIAN_POINT('',(-0.7,-0.6,0.405));
#3124 = DIRECTION('',(1.,0.,0.));
#3125 = DIRECTION('',(0.,0.,1.));
#3126 = ADVANCED_FACE('',(#3127),#3190,.T.);
#3127 = FACE_BOUND('',#3128,.T.);
#3128 = EDGE_LOOP('',(#3129,#3139,#3146,#3147,#3148,#3149,#3158,#3166,
    #3175,#3183));
#3129 = ORIENTED_EDGE('',*,*,#3130,.F.);
#3130 = EDGE_CURVE('',#3131,#3133,#3135,.T.);
#3131 = VERTEX_POINT('',#3132);
#3132 = CARTESIAN_POINT('',(0.745,0.6,-2.775557561563E-17));
#3133 = VERTEX_POINT('',#3134);
#3134 = CARTESIAN_POINT('',(0.955,0.6,-2.775557561563E-17));
#3135 = LINE('',#3136,#3137);
#3136 = CARTESIAN_POINT('',(0.7,0.6,0.));
#3137 = VECTOR('',#3138,1.);
#3138 = DIRECTION('',(1.,0.,0.));
#3139 = ORIENTED_EDGE('',*,*,#3140,.F.);
#3140 = EDGE_CURVE('',#2968,#3131,#3141,.T.);
#3141 = CIRCLE('',#3142,4.5E-02);
#3142 = AXIS2_PLACEMENT_3D('',#3143,#3144,#3145);
#3143 = CARTESIAN_POINT('',(0.745,0.6,4.5E-02));
#3144 = DIRECTION('',(0.,-1.,0.));
#3145 = DIRECTION('',(0.,0.,1.));
#3146 = ORIENTED_EDGE('',*,*,#2967,.T.);
#3147 = ORIENTED_EDGE('',*,*,#2959,.T.);
#3148 = ORIENTED_EDGE('',*,*,#2951,.F.);
#3149 = ORIENTED_EDGE('',*,*,#3150,.T.);
#3150 = EDGE_CURVE('',#2944,#3151,#3153,.T.);
#3151 = VERTEX_POINT('',#3152);
#3152 = CARTESIAN_POINT('',(0.745,0.6,0.45));
#3153 = CIRCLE('',#3154,4.5E-02);
#3154 = AXIS2_PLACEMENT_3D('',#3155,#3156,#3157);
#3155 = CARTESIAN_POINT('',(0.745,0.6,0.405));
#3156 = DIRECTION('',(0.,1.,0.));
#3157 = DIRECTION('',(0.,-0.,1.));
#3158 = ORIENTED_EDGE('',*,*,#3159,.T.);
#3159 = EDGE_CURVE('',#3151,#3160,#3162,.T.);
#3160 = VERTEX_POINT('',#3161);
#3161 = CARTESIAN_POINT('',(0.955,0.6,0.45));
#3162 = LINE('',#3163,#3164);
#3163 = CARTESIAN_POINT('',(0.7,0.6,0.45));
#3164 = VECTOR('',#3165,1.);
#3165 = DIRECTION('',(1.,0.,0.));
#3166 = ORIENTED_EDGE('',*,*,#3167,.F.);
#3167 = EDGE_CURVE('',#3168,#3160,#3170,.T.);
#3168 = VERTEX_POINT('',#3169);
#3169 = CARTESIAN_POINT('',(1.,0.6,0.405));
#3170 = CIRCLE('',#3171,4.5E-02);
#3171 = AXIS2_PLACEMENT_3D('',#3172,#3173,#3174);
#3172 = CARTESIAN_POINT('',(0.955,0.6,0.405));
#3173 = DIRECTION('',(0.,-1.,0.));
#3174 = DIRECTION('',(0.,0.,1.));
#3175 = ORIENTED_EDGE('',*,*,#3176,.F.);
#3176 = EDGE_CURVE('',#3177,#3168,#3179,.T.);
#3177 = VERTEX_POINT('',#3178);
#3178 = CARTESIAN_POINT('',(1.,0.6,4.5E-02));
#3179 = LINE('',#3180,#3181);
#3180 = CARTESIAN_POINT('',(1.,0.6,0.));
#3181 = VECTOR('',#3182,1.);
#3182 = DIRECTION('',(0.,0.,1.));
#3183 = ORIENTED_EDGE('',*,*,#3184,.T.);
#3184 = EDGE_CURVE('',#3177,#3133,#3185,.T.);
#3185 = CIRCLE('',#3186,4.5E-02);
#3186 = AXIS2_PLACEMENT_3D('',#3187,#3188,#3189);
#3187 = CARTESIAN_POINT('',(0.955,0.6,4.5E-02));
#3188 = DIRECTION('',(0.,1.,0.));
#3189 = DIRECTION('',(0.,-0.,1.));
#3190 = PLANE('',#3191);
#3191 = AXIS2_PLACEMENT_3D('',#3192,#3193,#3194);
#3192 = CARTESIAN_POINT('',(0.7,0.6,0.));
#3193 = DIRECTION('',(0.,1.,0.));
#3194 = DIRECTION('',(0.,-0.,1.));
#3195 = ADVANCED_FACE('',(#3196),#3214,.T.);
#3196 = FACE_BOUND('',#3197,.T.);
#3197 = EDGE_LOOP('',(#3198,#3199,#3200,#3208));
#3198 = ORIENTED_EDGE('',*,*,#2943,.F.);
#3199 = ORIENTED_EDGE('',*,*,#3108,.T.);
#3200 = ORIENTED_EDGE('',*,*,#3201,.T.);
#3201 = EDGE_CURVE('',#3109,#3202,#3204,.T.);
#3202 = VERTEX_POINT('',#3203);
#3203 = CARTESIAN_POINT('',(0.7,0.6,0.45));
#3204 = LINE('',#3205,#3206);
#3205 = CARTESIAN_POINT('',(-0.7,0.6,0.45));
#3206 = VECTOR('',#3207,1.);
#3207 = DIRECTION('',(1.,0.,0.));
#3208 = ORIENTED_EDGE('',*,*,#3209,.F.);
#3209 = EDGE_CURVE('',#2944,#3202,#3210,.T.);
#3210 = LINE('',#3211,#3212);
#3211 = CARTESIAN_POINT('',(0.7,0.6,0.405));
#3212 = VECTOR('',#3213,1.);
#3213 = DIRECTION('',(0.,0.,1.));
#3214 = PLANE('',#3215);
#3215 = AXIS2_PLACEMENT_3D('',#3216,#3217,#3218);
#3216 = CARTESIAN_POINT('',(-0.7,0.6,0.405));
#3217 = DIRECTION('',(0.,1.,0.));
#3218 = DIRECTION('',(0.,-0.,1.));
#3219 = ADVANCED_FACE('',(#3220),#3231,.T.);
#3220 = FACE_BOUND('',#3221,.T.);
#3221 = EDGE_LOOP('',(#3222,#3223,#3224,#3230));
#3222 = ORIENTED_EDGE('',*,*,#2991,.T.);
#3223 = ORIENTED_EDGE('',*,*,#3140,.T.);
#3224 = ORIENTED_EDGE('',*,*,#3225,.F.);
#3225 = EDGE_CURVE('',#3007,#3131,#3226,.T.);
#3226 = LINE('',#3227,#3228);
#3227 = CARTESIAN_POINT('',(0.745,-0.6,-2.775557561563E-17));
#3228 = VECTOR('',#3229,1.);
#3229 = DIRECTION('',(0.,1.,0.));
#3230 = ORIENTED_EDGE('',*,*,#3016,.F.);
#3231 = CYLINDRICAL_SURFACE('',#3232,4.5E-02);
#3232 = AXIS2_PLACEMENT_3D('',#3233,#3234,#3235);
#3233 = CARTESIAN_POINT('',(0.745,-0.6,4.5E-02));
#3234 = DIRECTION('',(0.,1.,0.));
#3235 = DIRECTION('',(-1.,0.,0.));
#3236 = ADVANCED_FACE('',(#3237),#3248,.F.);
#3237 = FACE_BOUND('',#3238,.F.);
#3238 = EDGE_LOOP('',(#3239,#3240,#3241,#3242));
#3239 = ORIENTED_EDGE('',*,*,#3130,.F.);
#3240 = ORIENTED_EDGE('',*,*,#3225,.F.);
#3241 = ORIENTED_EDGE('',*,*,#3006,.T.);
#3242 = ORIENTED_EDGE('',*,*,#3243,.T.);
#3243 = EDGE_CURVE('',#3009,#3133,#3244,.T.);
#3244 = LINE('',#3245,#3246);
#3245 = CARTESIAN_POINT('',(0.955,-0.6,-2.775557561563E-17));
#3246 = VECTOR('',#3247,1.);
#3247 = DIRECTION('',(0.,1.,0.));
#3248 = PLANE('',#3249);
#3249 = AXIS2_PLACEMENT_3D('',#3250,#3251,#3252);
#3250 = CARTESIAN_POINT('',(0.7,-0.6,0.));
#3251 = DIRECTION('',(0.,0.,1.));
#3252 = DIRECTION('',(1.,0.,-0.));
#3253 = ADVANCED_FACE('',(#3254),#3265,.T.);
#3254 = FACE_BOUND('',#3255,.T.);
#3255 = EDGE_LOOP('',(#3256,#3257,#3258,#3259));
#3256 = ORIENTED_EDGE('',*,*,#3060,.T.);
#3257 = ORIENTED_EDGE('',*,*,#3243,.T.);
#3258 = ORIENTED_EDGE('',*,*,#3184,.F.);
#3259 = ORIENTED_EDGE('',*,*,#3260,.F.);
#3260 = EDGE_CURVE('',#3053,#3177,#3261,.T.);
#3261 = LINE('',#3262,#3263);
#3262 = CARTESIAN_POINT('',(1.,-0.6,4.5E-02));
#3263 = VECTOR('',#3264,1.);
#3264 = DIRECTION('',(0.,1.,0.));
#3265 = CYLINDRICAL_SURFACE('',#3266,4.5E-02);
#3266 = AXIS2_PLACEMENT_3D('',#3267,#3268,#3269);
#3267 = CARTESIAN_POINT('',(0.955,-0.6,4.5E-02));
#3268 = DIRECTION('',(0.,1.,0.));
#3269 = DIRECTION('',(1.,0.,0.));
#3270 = ADVANCED_FACE('',(#3271),#3282,.T.);
#3271 = FACE_BOUND('',#3272,.T.);
#3272 = EDGE_LOOP('',(#3273,#3274,#3275,#3276));
#3273 = ORIENTED_EDGE('',*,*,#3052,.F.);
#3274 = ORIENTED_EDGE('',*,*,#3260,.T.);
#3275 = ORIENTED_EDGE('',*,*,#3176,.T.);
#3276 = ORIENTED_EDGE('',*,*,#3277,.F.);
#3277 = EDGE_CURVE('',#3044,#3168,#3278,.T.);
#3278 = LINE('',#3279,#3280);
#3279 = CARTESIAN_POINT('',(1.,-0.6,0.405));
#3280 = VECTOR('',#3281,1.);
#3281 = DIRECTION('',(0.,1.,0.));
#3282 = PLANE('',#3283);
#3283 = AXIS2_PLACEMENT_3D('',#3284,#3285,#3286);
#3284 = CARTESIAN_POINT('',(1.,-0.6,0.));
#3285 = DIRECTION('',(1.,0.,0.));
#3286 = DIRECTION('',(0.,0.,1.));
#3287 = ADVANCED_FACE('',(#3288),#3299,.T.);
#3288 = FACE_BOUND('',#3289,.T.);
#3289 = EDGE_LOOP('',(#3290,#3291,#3292,#3298));
#3290 = ORIENTED_EDGE('',*,*,#3277,.T.);
#3291 = ORIENTED_EDGE('',*,*,#3167,.T.);
#3292 = ORIENTED_EDGE('',*,*,#3293,.F.);
#3293 = EDGE_CURVE('',#3036,#3160,#3294,.T.);
#3294 = LINE('',#3295,#3296);
#3295 = CARTESIAN_POINT('',(0.955,-0.6,0.45));
#3296 = VECTOR('',#3297,1.);
#3297 = DIRECTION('',(0.,1.,0.));
#3298 = ORIENTED_EDGE('',*,*,#3043,.F.);
#3299 = CYLINDRICAL_SURFACE('',#3300,4.5E-02);
#3300 = AXIS2_PLACEMENT_3D('',#3301,#3302,#3303);
#3301 = CARTESIAN_POINT('',(0.955,-0.6,0.405));
#3302 = DIRECTION('',(0.,1.,0.));
#3303 = DIRECTION('',(1.,0.,0.));
#3304 = ADVANCED_FACE('',(#3305),#3316,.T.);
#3305 = FACE_BOUND('',#3306,.T.);
#3306 = EDGE_LOOP('',(#3307,#3308,#3314,#3315));
#3307 = ORIENTED_EDGE('',*,*,#3159,.F.);
#3308 = ORIENTED_EDGE('',*,*,#3309,.F.);
#3309 = EDGE_CURVE('',#3027,#3151,#3310,.T.);
#3310 = LINE('',#3311,#3312);
#3311 = CARTESIAN_POINT('',(0.745,-0.6,0.45));
#3312 = VECTOR('',#3313,1.);
#3313 = DIRECTION('',(0.,1.,0.));
#3314 = ORIENTED_EDGE('',*,*,#3035,.T.);
#3315 = ORIENTED_EDGE('',*,*,#3293,.T.);
#3316 = PLANE('',#3317);
#3317 = AXIS2_PLACEMENT_3D('',#3318,#3319,#3320);
#3318 = CARTESIAN_POINT('',(0.7,-0.6,0.45));
#3319 = DIRECTION('',(0.,0.,1.));
#3320 = DIRECTION('',(1.,0.,-0.));
#3321 = ADVANCED_FACE('',(#3322),#3333,.T.);
#3322 = FACE_BOUND('',#3323,.T.);
#3323 = EDGE_LOOP('',(#3324,#3325,#3326,#3327));
#3324 = ORIENTED_EDGE('',*,*,#3026,.T.);
#3325 = ORIENTED_EDGE('',*,*,#3309,.T.);
#3326 = ORIENTED_EDGE('',*,*,#3150,.F.);
#3327 = ORIENTED_EDGE('',*,*,#3328,.F.);
#3328 = EDGE_CURVE('',#2861,#2944,#3329,.T.);
#3329 = LINE('',#3330,#3331);
#3330 = CARTESIAN_POINT('',(0.7,-0.6,0.405));
#3331 = VECTOR('',#3332,1.);
#3332 = DIRECTION('',(0.,1.,0.));
#3333 = CYLINDRICAL_SURFACE('',#3334,4.5E-02);
#3334 = AXIS2_PLACEMENT_3D('',#3335,#3336,#3337);
#3335 = CARTESIAN_POINT('',(0.745,-0.6,0.405));
#3336 = DIRECTION('',(0.,1.,0.));
#3337 = DIRECTION('',(-1.,0.,0.));
#3338 = ADVANCED_FACE('',(#3339),#3350,.T.);
#3339 = FACE_BOUND('',#3340,.T.);
#3340 = EDGE_LOOP('',(#3341,#3342,#3343,#3344));
#3341 = ORIENTED_EDGE('',*,*,#3092,.F.);
#3342 = ORIENTED_EDGE('',*,*,#3328,.T.);
#3343 = ORIENTED_EDGE('',*,*,#3209,.T.);
#3344 = ORIENTED_EDGE('',*,*,#3345,.F.);
#3345 = EDGE_CURVE('',#3085,#3202,#3346,.T.);
#3346 = LINE('',#3347,#3348);
#3347 = CARTESIAN_POINT('',(0.7,-0.6,0.45));
#3348 = VECTOR('',#3349,1.);
#3349 = DIRECTION('',(0.,1.,0.));
#3350 = PLANE('',#3351);
#3351 = AXIS2_PLACEMENT_3D('',#3352,#3353,#3354);
#3352 = CARTESIAN_POINT('',(0.7,-0.6,0.405));
#3353 = DIRECTION('',(1.,0.,0.));
#3354 = DIRECTION('',(0.,0.,1.));
#3355 = ADVANCED_FACE('',(#3356),#3362,.T.);
#3356 = FACE_BOUND('',#3357,.T.);
#3357 = EDGE_LOOP('',(#3358,#3359,#3360,#3361));
#3358 = ORIENTED_EDGE('',*,*,#3116,.F.);
#3359 = ORIENTED_EDGE('',*,*,#3084,.T.);
#3360 = ORIENTED_EDGE('',*,*,#3345,.T.);
#3361 = ORIENTED_EDGE('',*,*,#3201,.F.);
#3362 = PLANE('',#3363);
#3363 = AXIS2_PLACEMENT_3D('',#3364,#3365,#3366);
#3364 = CARTESIAN_POINT('',(-0.7,-0.6,0.45));
#3365 = DIRECTION('',(0.,0.,1.));
#3366 = DIRECTION('',(1.,0.,-0.));
#3367 = ( GEOMETRIC_REPRESENTATION_CONTEXT(3) 
GLOBAL_UNCERTAINTY_ASSIGNED_CONTEXT((#3371)) 
GLOBAL_UNIT_ASSIGNED_CONTEXT((#3368,#3369,#3370)) REPRESENTATION_CONTEXT
('Context #1','3D Context with UNIT and UNCERTAINTY') );
#3368 = ( LENGTH_UNIT() NAMED_UNIT(*) SI_UNIT(.MILLI.,.METRE.) );
#3369 = ( NAMED_UNIT(*) PLANE_ANGLE_UNIT() SI_UNIT($,.RADIAN.) );
#3370 = ( NAMED_UNIT(*) SI_UNIT($,.STERADIAN.) SOLID_ANGLE_UNIT() );
#3371 = UNCERTAINTY_MEASURE_WITH_UNIT(LENGTH_MEASURE(1.E-07),#3368,
  'distance_accuracy_value','confusion accuracy');
#3372 = CONTEXT_DEPENDENT_SHAPE_REPRESENTATION(#3373,#3375);
#3373 = ( REPRESENTATION_RELATIONSHIP('','',#2576,#10) 
REPRESENTATION_RELATIONSHIP_WITH_TRANSFORMATION(#3374) 
SHAPE_REPRESENTATION_RELATIONSHIP() );
#3374 = ITEM_DEFINED_TRANSFORMATION('','',#11,#27);
#3375 = PRODUCT_DEFINITION_SHAPE('Placement','Placement of an item',
  #3376);
#3376 = NEXT_ASSEMBLY_USAGE_OCCURRENCE('4','R17','',#5,#2571,$);
#3377 = PRODUCT_RELATED_PRODUCT_CATEGORY('part',$,(#2573));
#3378 = CONTEXT_DEPENDENT_SHAPE_REPRESENTATION(#3379,#3381);
#3379 = ( REPRESENTATION_RELATIONSHIP('','',#2576,#10) 
REPRESENTATION_RELATIONSHIP_WITH_TRANSFORMATION(#3380) 
SHAPE_REPRESENTATION_RELATIONSHIP() );
#3380 = ITEM_DEFINED_TRANSFORMATION('','',#11,#31);
#3381 = PRODUCT_DEFINITION_SHAPE('Placement','Placement of an item',
  #3382);
#3382 = NEXT_ASSEMBLY_USAGE_OCCURRENCE('5','R16','',#5,#2571,$);
#3383 = CONTEXT_DEPENDENT_SHAPE_REPRESENTATION(#3384,#3386);
#3384 = ( REPRESENTATION_RELATIONSHIP('','',#156,#10) 
REPRESENTATION_RELATIONSHIP_WITH_TRANSFORMATION(#3385) 
SHAPE_REPRESENTATION_RELATIONSHIP() );
#3385 = ITEM_DEFINED_TRANSFORMATION('','',#11,#35);
#3386 = PRODUCT_DEFINITION_SHAPE('Placement','Placement of an item',
  #3387);
#3387 = NEXT_ASSEMBLY_USAGE_OCCURRENCE('6','C6','',#5,#151,$);
#3388 = CONTEXT_DEPENDENT_SHAPE_REPRESENTATION(#3389,#3391);
#3389 = ( REPRESENTATION_RELATIONSHIP('','',#156,#10) 
REPRESENTATION_RELATIONSHIP_WITH_TRANSFORMATION(#3390) 
SHAPE_REPRESENTATION_RELATIONSHIP() );
#3390 = ITEM_DEFINED_TRANSFORMATION('','',#11,#39);
#3391 = PRODUCT_DEFINITION_SHAPE('Placement','Placement of an item',
  #3392);
#3392 = NEXT_ASSEMBLY_USAGE_OCCURRENCE('7','C4','',#5,#151,$);
#3393 = CONTEXT_DEPENDENT_SHAPE_REPRESENTATION(#3394,#3396);
#3394 = ( REPRESENTATION_RELATIONSHIP('','',#156,#10) 
REPRESENTATION_RELATIONSHIP_WITH_TRANSFORMATION(#3395) 
SHAPE_REPRESENTATION_RELATIONSHIP() );
#3395 = ITEM_DEFINED_TRANSFORMATION('','',#11,#43);
#3396 = PRODUCT_DEFINITION_SHAPE('Placement','Placement of an item',
  #3397);
#3397 = NEXT_ASSEMBLY_USAGE_OCCURRENCE('8','C5','',#5,#151,$);
#3398 = CONTEXT_DEPENDENT_SHAPE_REPRESENTATION(#3399,#3401);
#3399 = ( REPRESENTATION_RELATIONSHIP('','',#2576,#10) 
REPRESENTATION_RELATIONSHIP_WITH_TRANSFORMATION(#3400) 
SHAPE_REPRESENTATION_RELATIONSHIP() );
#3400 = ITEM_DEFINED_TRANSFORMATION('','',#11,#47);
#3401 = PRODUCT_DEFINITION_SHAPE('Placement','Placement of an item',
  #3402);
#3402 = NEXT_ASSEMBLY_USAGE_OCCURRENCE('9','R2','',#5,#2571,$);
#3403 = CONTEXT_DEPENDENT_SHAPE_REPRESENTATION(#3404,#3406);
#3404 = ( REPRESENTATION_RELATIONSHIP('','',#2576,#10) 
REPRESENTATION_RELATIONSHIP_WITH_TRANSFORMATION(#3405) 
SHAPE_REPRESENTATION_RELATIONSHIP() );
#3405 = ITEM_DEFINED_TRANSFORMATION('','',#11,#51);
#3406 = PRODUCT_DEFINITION_SHAPE('Placement','Placement of an item',
  #3407);
#3407 = NEXT_ASSEMBLY_USAGE_OCCURRENCE('10','R12','',#5,#2571,$);
#3408 = SHAPE_DEFINITION_REPRESENTATION(#3409,#3415);
#3409 = PRODUCT_DEFINITION_SHAPE('','',#3410);
#3410 = PRODUCT_DEFINITION('design','',#3411,#3414);
#3411 = PRODUCT_DEFINITION_FORMATION('','',#3412);
#3412 = PRODUCT('SOT-23-5','SOT-23-5','',(#3413));
#3413 = PRODUCT_CONTEXT('',#2,'mechanical');
#3414 = PRODUCT_DEFINITION_CONTEXT('part definition',#2,'design');
#3415 = ADVANCED_BREP_SHAPE_REPRESENTATION('',(#11,#3416),#6485);
#3416 = MANIFOLD_SOLID_BREP('',#3417);
#3417 = CLOSED_SHELL('',(#3418,#3456,#3519,#3542,#3571,#3594,#3665,#3720
    ,#3743,#3766,#3783,#3806,#3894,#3910,#3940,#3971,#4002,#4033,#4064,
    #4095,#4112,#4129,#4160,#4191,#4222,#4252,#4275,#4298,#4315,#4360,
    #4430,#4453,#4476,#4499,#4554,#4592,#4641,#4733,#4758,#4842,#4864,
    #4956,#4981,#5065,#5082,#5167,#5192,#5269,#5354,#5379,#5456,#5473,
    #5565,#5590,#5674,#5691,#5710,#5729,#5775,#5791,#5810,#5826,#5843,
    #5855,#5872,#5889,#5906,#5923,#5940,#5957,#5974,#5986,#6003,#6020,
    #6037,#6054,#6071,#6088,#6105,#6117,#6134,#6151,#6168,#6185,#6202,
    #6219,#6231,#6248,#6265,#6282,#6299,#6316,#6333,#6345,#6362,#6379,
    #6396,#6413,#6430,#6447,#6464,#6476));
#3418 = ADVANCED_FACE('',(#3419),#3451,.F.);
#3419 = FACE_BOUND('',#3420,.F.);
#3420 = EDGE_LOOP('',(#3421,#3431,#3438,#3446));
#3421 = ORIENTED_EDGE('',*,*,#3422,.T.);
#3422 = EDGE_CURVE('',#3423,#3425,#3427,.T.);
#3423 = VERTEX_POINT('',#3424);
#3424 = CARTESIAN_POINT('',(-0.659324228722,1.358648457443,0.1));
#3425 = VERTEX_POINT('',#3426);
#3426 = CARTESIAN_POINT('',(0.659324228722,1.358648457443,0.1));
#3427 = LINE('',#3428,#3429);
#3428 = CARTESIAN_POINT('',(-0.659324228722,1.358648457443,0.1));
#3429 = VECTOR('',#3430,1.);
#3430 = DIRECTION('',(1.,1.110223024625E-16,0.));
#3431 = ORIENTED_EDGE('',*,*,#3432,.T.);
#3432 = EDGE_CURVE('',#3425,#3433,#3435,.T.);
#3433 = VERTEX_POINT('',#3434);
#3434 = CARTESIAN_POINT('',(0.705,1.45,0.75));
#3435 = B_SPLINE_CURVE_WITH_KNOTS('',1,(#3436,#3437),.UNSPECIFIED.,.F.,
  .F.,(2,2),(0.,1.),.PIECEWISE_BEZIER_KNOTS.);
#3436 = CARTESIAN_POINT('',(0.659324228722,1.358648457443,0.1));
#3437 = CARTESIAN_POINT('',(0.705,1.45,0.75));
#3438 = ORIENTED_EDGE('',*,*,#3439,.F.);
#3439 = EDGE_CURVE('',#3440,#3433,#3442,.T.);
#3440 = VERTEX_POINT('',#3441);
#3441 = CARTESIAN_POINT('',(-0.705,1.45,0.75));
#3442 = LINE('',#3443,#3444);
#3443 = CARTESIAN_POINT('',(-0.705,1.45,0.75));
#3444 = VECTOR('',#3445,1.);
#3445 = DIRECTION('',(1.,1.110223024625E-16,0.));
#3446 = ORIENTED_EDGE('',*,*,#3447,.F.);
#3447 = EDGE_CURVE('',#3423,#3440,#3448,.T.);
#3448 = B_SPLINE_CURVE_WITH_KNOTS('',1,(#3449,#3450),.UNSPECIFIED.,.F.,
  .F.,(2,2),(0.,1.),.PIECEWISE_BEZIER_KNOTS.);
#3449 = CARTESIAN_POINT('',(-0.659324228722,1.358648457443,0.1));
#3450 = CARTESIAN_POINT('',(-0.705,1.45,0.75));
#3451 = B_SPLINE_SURFACE_WITH_KNOTS('',1,1,(
    (#3452,#3453)
    ,(#3454,#3455
    )),.UNSPECIFIED.,.F.,.F.,.F.,(2,2),(2,2),(0.,1.41),(0.,1.),
  .PIECEWISE_BEZIER_KNOTS.);
#3452 = CARTESIAN_POINT('',(-0.659324228722,1.358648457443,0.1));
#3453 = CARTESIAN_POINT('',(-0.705,1.45,0.75));
#3454 = CARTESIAN_POINT('',(0.659324228722,1.358648457443,0.1));
#3455 = CARTESIAN_POINT('',(0.705,1.45,0.75));
#3456 = ADVANCED_FACE('',(#3457),#3514,.F.);
#3457 = FACE_BOUND('',#3458,.T.);
#3458 = EDGE_LOOP('',(#3459,#3460,#3468,#3476,#3484,#3492,#3500,#3508));
#3459 = ORIENTED_EDGE('',*,*,#3422,.T.);
#3460 = ORIENTED_EDGE('',*,*,#3461,.T.);
#3461 = EDGE_CURVE('',#3425,#3462,#3464,.T.);
#3462 = VERTEX_POINT('',#3463);
#3463 = CARTESIAN_POINT('',(0.708648457443,1.309324228722,0.1));
#3464 = LINE('',#3465,#3466);
#3465 = CARTESIAN_POINT('',(0.659324228722,1.358648457443,0.1));
#3466 = VECTOR('',#3467,1.);
#3467 = DIRECTION('',(0.707106781187,-0.707106781187,0.));
#3468 = ORIENTED_EDGE('',*,*,#3469,.T.);
#3469 = EDGE_CURVE('',#3462,#3470,#3472,.T.);
#3470 = VERTEX_POINT('',#3471);
#3471 = CARTESIAN_POINT('',(0.708648457443,-1.309324228722,0.1));
#3472 = LINE('',#3473,#3474);
#3473 = CARTESIAN_POINT('',(0.708648457443,1.309324228722,0.1));
#3474 = VECTOR('',#3475,1.);
#3475 = DIRECTION('',(1.110223024625E-16,-1.,0.));
#3476 = ORIENTED_EDGE('',*,*,#3477,.T.);
#3477 = EDGE_CURVE('',#3470,#3478,#3480,.T.);
#3478 = VERTEX_POINT('',#3479);
#3479 = CARTESIAN_POINT('',(0.659324228722,-1.358648457443,0.1));
#3480 = LINE('',#3481,#3482);
#3481 = CARTESIAN_POINT('',(0.708648457443,-1.309324228722,0.1));
#3482 = VECTOR('',#3483,1.);
#3483 = DIRECTION('',(-0.707106781187,-0.707106781187,0.));
#3484 = ORIENTED_EDGE('',*,*,#3485,.T.);
#3485 = EDGE_CURVE('',#3478,#3486,#3488,.T.);
#3486 = VERTEX_POINT('',#3487);
#3487 = CARTESIAN_POINT('',(-0.659324228722,-1.358648457443,0.1));
#3488 = LINE('',#3489,#3490);
#3489 = CARTESIAN_POINT('',(0.659324228722,-1.358648457443,0.1));
#3490 = VECTOR('',#3491,1.);
#3491 = DIRECTION('',(-1.,-1.110223024625E-16,0.));
#3492 = ORIENTED_EDGE('',*,*,#3493,.T.);
#3493 = EDGE_CURVE('',#3486,#3494,#3496,.T.);
#3494 = VERTEX_POINT('',#3495);
#3495 = CARTESIAN_POINT('',(-0.708648457443,-1.309324228722,0.1));
#3496 = LINE('',#3497,#3498);
#3497 = CARTESIAN_POINT('',(-0.659324228722,-1.358648457443,0.1));
#3498 = VECTOR('',#3499,1.);
#3499 = DIRECTION('',(-0.707106781187,0.707106781187,0.));
#3500 = ORIENTED_EDGE('',*,*,#3501,.T.);
#3501 = EDGE_CURVE('',#3494,#3502,#3504,.T.);
#3502 = VERTEX_POINT('',#3503);
#3503 = CARTESIAN_POINT('',(-0.708648457443,1.309324228722,0.1));
#3504 = LINE('',#3505,#3506);
#3505 = CARTESIAN_POINT('',(-0.708648457443,-1.309324228722,0.1));
#3506 = VECTOR('',#3507,1.);
#3507 = DIRECTION('',(-1.110223024625E-16,1.,0.));
#3508 = ORIENTED_EDGE('',*,*,#3509,.T.);
#3509 = EDGE_CURVE('',#3502,#3423,#3510,.T.);
#3510 = LINE('',#3511,#3512);
#3511 = CARTESIAN_POINT('',(-0.708648457443,1.309324228722,0.1));
#3512 = VECTOR('',#3513,1.);
#3513 = DIRECTION('',(0.707106781187,0.707106781187,0.));
#3514 = PLANE('',#3515);
#3515 = AXIS2_PLACEMENT_3D('',#3516,#3517,#3518);
#3516 = CARTESIAN_POINT('',(-0.659324228722,1.358648457443,0.1));
#3517 = DIRECTION('',(0.,0.,1.));
#3518 = DIRECTION('',(0.436587433964,-0.899661832304,0.));
#3519 = ADVANCED_FACE('',(#3520),#3537,.F.);
#3520 = FACE_BOUND('',#3521,.F.);
#3521 = EDGE_LOOP('',(#3522,#3523,#3530,#3536));
#3522 = ORIENTED_EDGE('',*,*,#3461,.T.);
#3523 = ORIENTED_EDGE('',*,*,#3524,.T.);
#3524 = EDGE_CURVE('',#3462,#3525,#3527,.T.);
#3525 = VERTEX_POINT('',#3526);
#3526 = CARTESIAN_POINT('',(0.8,1.355,0.75));
#3527 = B_SPLINE_CURVE_WITH_KNOTS('',1,(#3528,#3529),.UNSPECIFIED.,.F.,
  .F.,(2,2),(0.,1.),.PIECEWISE_BEZIER_KNOTS.);
#3528 = CARTESIAN_POINT('',(0.708648457443,1.309324228722,0.1));
#3529 = CARTESIAN_POINT('',(0.8,1.355,0.75));
#3530 = ORIENTED_EDGE('',*,*,#3531,.F.);
#3531 = EDGE_CURVE('',#3433,#3525,#3532,.T.);
#3532 = LINE('',#3533,#3534);
#3533 = CARTESIAN_POINT('',(0.705,1.45,0.75));
#3534 = VECTOR('',#3535,1.);
#3535 = DIRECTION('',(0.707106781187,-0.707106781187,0.));
#3536 = ORIENTED_EDGE('',*,*,#3432,.F.);
#3537 = B_SPLINE_SURFACE_WITH_KNOTS('',1,1,(
    (#3538,#3539)
    ,(#3540,#3541
    )),.UNSPECIFIED.,.F.,.F.,.F.,(2,2),(2,2),(0.,0.134350288425),(0.,1.)
  ,.PIECEWISE_BEZIER_KNOTS.);
#3538 = CARTESIAN_POINT('',(0.659324228722,1.358648457443,0.1));
#3539 = CARTESIAN_POINT('',(0.705,1.45,0.75));
#3540 = CARTESIAN_POINT('',(0.708648457443,1.309324228722,0.1));
#3541 = CARTESIAN_POINT('',(0.8,1.355,0.75));
#3542 = ADVANCED_FACE('',(#3543),#3566,.F.);
#3543 = FACE_BOUND('',#3544,.F.);
#3544 = EDGE_LOOP('',(#3545,#3546,#3553,#3561));
#3545 = ORIENTED_EDGE('',*,*,#3439,.T.);
#3546 = ORIENTED_EDGE('',*,*,#3547,.T.);
#3547 = EDGE_CURVE('',#3433,#3548,#3550,.T.);
#3548 = VERTEX_POINT('',#3549);
#3549 = CARTESIAN_POINT('',(0.705,1.45,0.9));
#3550 = B_SPLINE_CURVE_WITH_KNOTS('',1,(#3551,#3552),.UNSPECIFIED.,.F.,
  .F.,(2,2),(0.,1.),.PIECEWISE_BEZIER_KNOTS.);
#3551 = CARTESIAN_POINT('',(0.705,1.45,0.75));
#3552 = CARTESIAN_POINT('',(0.705,1.45,0.9));
#3553 = ORIENTED_EDGE('',*,*,#3554,.F.);
#3554 = EDGE_CURVE('',#3555,#3548,#3557,.T.);
#3555 = VERTEX_POINT('',#3556);
#3556 = CARTESIAN_POINT('',(-0.705,1.45,0.9));
#3557 = LINE('',#3558,#3559);
#3558 = CARTESIAN_POINT('',(-0.705,1.45,0.9));
#3559 = VECTOR('',#3560,1.);
#3560 = DIRECTION('',(1.,1.110223024625E-16,0.));
#3561 = ORIENTED_EDGE('',*,*,#3562,.F.);
#3562 = EDGE_CURVE('',#3440,#3555,#3563,.T.);
#3563 = B_SPLINE_CURVE_WITH_KNOTS('',1,(#3564,#3565),.UNSPECIFIED.,.F.,
  .F.,(2,2),(0.,1.),.PIECEWISE_BEZIER_KNOTS.);
#3564 = CARTESIAN_POINT('',(-0.705,1.45,0.75));
#3565 = CARTESIAN_POINT('',(-0.705,1.45,0.9));
#3566 = PLANE('',#3567);
#3567 = AXIS2_PLACEMENT_3D('',#3568,#3569,#3570);
#3568 = CARTESIAN_POINT('',(-0.705,1.45,0.9));
#3569 = DIRECTION('',(1.110223024625E-16,-1.,0.));
#3570 = DIRECTION('',(1.,1.110223024625E-16,0.));
#3571 = ADVANCED_FACE('',(#3572),#3589,.F.);
#3572 = FACE_BOUND('',#3573,.F.);
#3573 = EDGE_LOOP('',(#3574,#3575,#3576,#3584));
#3574 = ORIENTED_EDGE('',*,*,#3509,.T.);
#3575 = ORIENTED_EDGE('',*,*,#3447,.T.);
#3576 = ORIENTED_EDGE('',*,*,#3577,.F.);
#3577 = EDGE_CURVE('',#3578,#3440,#3580,.T.);
#3578 = VERTEX_POINT('',#3579);
#3579 = CARTESIAN_POINT('',(-0.8,1.355,0.75));
#3580 = LINE('',#3581,#3582);
#3581 = CARTESIAN_POINT('',(-0.8,1.355,0.75));
#3582 = VECTOR('',#3583,1.);
#3583 = DIRECTION('',(0.707106781187,0.707106781187,0.));
#3584 = ORIENTED_EDGE('',*,*,#3585,.F.);
#3585 = EDGE_CURVE('',#3502,#3578,#3586,.T.);
#3586 = B_SPLINE_CURVE_WITH_KNOTS('',1,(#3587,#3588),.UNSPECIFIED.,.F.,
  .F.,(2,2),(0.,1.),.PIECEWISE_BEZIER_KNOTS.);
#3587 = CARTESIAN_POINT('',(-0.708648457443,1.309324228722,0.1));
#3588 = CARTESIAN_POINT('',(-0.8,1.355,0.75));
#3589 = B_SPLINE_SURFACE_WITH_KNOTS('',1,1,(
    (#3590,#3591)
    ,(#3592,#3593
    )),.UNSPECIFIED.,.F.,.F.,.F.,(2,2),(2,2),(0.,0.134350288425),(0.,1.)
  ,.PIECEWISE_BEZIER_KNOTS.);
#3590 = CARTESIAN_POINT('',(-0.708648457443,1.309324228722,0.1));
#3591 = CARTESIAN_POINT('',(-0.8,1.355,0.75));
#3592 = CARTESIAN_POINT('',(-0.659324228722,1.358648457443,0.1));
#3593 = CARTESIAN_POINT('',(-0.705,1.45,0.75));
#3594 = ADVANCED_FACE('',(#3595),#3660,.F.);
#3595 = FACE_BOUND('',#3596,.F.);
#3596 = EDGE_LOOP('',(#3597,#3598,#3599,#3607,#3615,#3623,#3631,#3639,
    #3647,#3655));
#3597 = ORIENTED_EDGE('',*,*,#3501,.T.);
#3598 = ORIENTED_EDGE('',*,*,#3585,.T.);
#3599 = ORIENTED_EDGE('',*,*,#3600,.F.);
#3600 = EDGE_CURVE('',#3601,#3578,#3603,.T.);
#3601 = VERTEX_POINT('',#3602);
#3602 = CARTESIAN_POINT('',(-0.8,1.2,0.75));
#3603 = LINE('',#3604,#3605);
#3604 = CARTESIAN_POINT('',(-0.8,-1.355,0.75));
#3605 = VECTOR('',#3606,1.);
#3606 = DIRECTION('',(-1.110223024625E-16,1.,0.));
#3607 = ORIENTED_EDGE('',*,*,#3608,.F.);
#3608 = EDGE_CURVE('',#3609,#3601,#3611,.T.);
#3609 = VERTEX_POINT('',#3610);
#3610 = CARTESIAN_POINT('',(-0.8,0.7,0.75));
#3611 = LINE('',#3612,#3613);
#3612 = CARTESIAN_POINT('',(-0.8,-1.355,0.75));
#3613 = VECTOR('',#3614,1.);
#3614 = DIRECTION('',(-1.110223024625E-16,1.,0.));
#3615 = ORIENTED_EDGE('',*,*,#3616,.F.);
#3616 = EDGE_CURVE('',#3617,#3609,#3619,.T.);
#3617 = VERTEX_POINT('',#3618);
#3618 = CARTESIAN_POINT('',(-0.8,0.25,0.75));
#3619 = LINE('',#3620,#3621);
#3620 = CARTESIAN_POINT('',(-0.8,-1.355,0.75));
#3621 = VECTOR('',#3622,1.);
#3622 = DIRECTION('',(-1.110223024625E-16,1.,0.));
#3623 = ORIENTED_EDGE('',*,*,#3624,.F.);
#3624 = EDGE_CURVE('',#3625,#3617,#3627,.T.);
#3625 = VERTEX_POINT('',#3626);
#3626 = CARTESIAN_POINT('',(-0.8,-0.25,0.75));
#3627 = LINE('',#3628,#3629);
#3628 = CARTESIAN_POINT('',(-0.8,-1.355,0.75));
#3629 = VECTOR('',#3630,1.);
#3630 = DIRECTION('',(-1.110223024625E-16,1.,0.));
#3631 = ORIENTED_EDGE('',*,*,#3632,.F.);
#3632 = EDGE_CURVE('',#3633,#3625,#3635,.T.);
#3633 = VERTEX_POINT('',#3634);
#3634 = CARTESIAN_POINT('',(-0.8,-0.7,0.75));
#3635 = LINE('',#3636,#3637);
#3636 = CARTESIAN_POINT('',(-0.8,-1.355,0.75));
#3637 = VECTOR('',#3638,1.);
#3638 = DIRECTION('',(-1.110223024625E-16,1.,0.));
#3639 = ORIENTED_EDGE('',*,*,#3640,.F.);
#3640 = EDGE_CURVE('',#3641,#3633,#3643,.T.);
#3641 = VERTEX_POINT('',#3642);
#3642 = CARTESIAN_POINT('',(-0.8,-1.2,0.75));
#3643 = LINE('',#3644,#3645);
#3644 = CARTESIAN_POINT('',(-0.8,-1.355,0.75));
#3645 = VECTOR('',#3646,1.);
#3646 = DIRECTION('',(-1.110223024625E-16,1.,0.));
#3647 = ORIENTED_EDGE('',*,*,#3648,.F.);
#3648 = EDGE_CURVE('',#3649,#3641,#3651,.T.);
#3649 = VERTEX_POINT('',#3650);
#3650 = CARTESIAN_POINT('',(-0.8,-1.355,0.75));
#3651 = LINE('',#3652,#3653);
#3652 = CARTESIAN_POINT('',(-0.8,-1.355,0.75));
#3653 = VECTOR('',#3654,1.);
#3654 = DIRECTION('',(-1.110223024625E-16,1.,0.));
#3655 = ORIENTED_EDGE('',*,*,#3656,.F.);
#3656 = EDGE_CURVE('',#3494,#3649,#3657,.T.);
#3657 = B_SPLINE_CURVE_WITH_KNOTS('',1,(#3658,#3659),.UNSPECIFIED.,.F.,
  .F.,(2,2),(0.,1.),.PIECEWISE_BEZIER_KNOTS.);
#3658 = CARTESIAN_POINT('',(-0.708648457443,-1.309324228722,0.1));
#3659 = CARTESIAN_POINT('',(-0.8,-1.355,0.75));
#3660 = B_SPLINE_SURFACE_WITH_KNOTS('',1,1,(
    (#3661,#3662)
    ,(#3663,#3664
    )),.UNSPECIFIED.,.F.,.F.,.F.,(2,2),(2,2),(0.,2.71),(0.,1.),
  .PIECEWISE_BEZIER_KNOTS.);
#3661 = CARTESIAN_POINT('',(-0.708648457443,-1.309324228722,0.1));
#3662 = CARTESIAN_POINT('',(-0.8,-1.355,0.75));
#3663 = CARTESIAN_POINT('',(-0.708648457443,1.309324228722,0.1));
#3664 = CARTESIAN_POINT('',(-0.8,1.355,0.75));
#3665 = ADVANCED_FACE('',(#3666),#3715,.F.);
#3666 = FACE_BOUND('',#3667,.F.);
#3667 = EDGE_LOOP('',(#3668,#3669,#3676,#3684,#3692,#3700,#3708,#3714));
#3668 = ORIENTED_EDGE('',*,*,#3469,.T.);
#3669 = ORIENTED_EDGE('',*,*,#3670,.T.);
#3670 = EDGE_CURVE('',#3470,#3671,#3673,.T.);
#3671 = VERTEX_POINT('',#3672);
#3672 = CARTESIAN_POINT('',(0.8,-1.355,0.75));
#3673 = B_SPLINE_CURVE_WITH_KNOTS('',1,(#3674,#3675),.UNSPECIFIED.,.F.,
  .F.,(2,2),(0.,1.),.PIECEWISE_BEZIER_KNOTS.);
#3674 = CARTESIAN_POINT('',(0.708648457443,-1.309324228722,0.1));
#3675 = CARTESIAN_POINT('',(0.8,-1.355,0.75));
#3676 = ORIENTED_EDGE('',*,*,#3677,.F.);
#3677 = EDGE_CURVE('',#3678,#3671,#3680,.T.);
#3678 = VERTEX_POINT('',#3679);
#3679 = CARTESIAN_POINT('',(0.8,-1.2,0.75));
#3680 = LINE('',#3681,#3682);
#3681 = CARTESIAN_POINT('',(0.8,1.355,0.75));
#3682 = VECTOR('',#3683,1.);
#3683 = DIRECTION('',(1.110223024625E-16,-1.,0.));
#3684 = ORIENTED_EDGE('',*,*,#3685,.F.);
#3685 = EDGE_CURVE('',#3686,#3678,#3688,.T.);
#3686 = VERTEX_POINT('',#3687);
#3687 = CARTESIAN_POINT('',(0.8,-0.7,0.75));
#3688 = LINE('',#3689,#3690);
#3689 = CARTESIAN_POINT('',(0.8,1.355,0.75));
#3690 = VECTOR('',#3691,1.);
#3691 = DIRECTION('',(1.110223024625E-16,-1.,0.));
#3692 = ORIENTED_EDGE('',*,*,#3693,.F.);
#3693 = EDGE_CURVE('',#3694,#3686,#3696,.T.);
#3694 = VERTEX_POINT('',#3695);
#3695 = CARTESIAN_POINT('',(0.8,0.7,0.75));
#3696 = LINE('',#3697,#3698);
#3697 = CARTESIAN_POINT('',(0.8,1.355,0.75));
#3698 = VECTOR('',#3699,1.);
#3699 = DIRECTION('',(1.110223024625E-16,-1.,0.));
#3700 = ORIENTED_EDGE('',*,*,#3701,.F.);
#3701 = EDGE_CURVE('',#3702,#3694,#3704,.T.);
#3702 = VERTEX_POINT('',#3703);
#3703 = CARTESIAN_POINT('',(0.8,1.2,0.75));
#3704 = LINE('',#3705,#3706);
#3705 = CARTESIAN_POINT('',(0.8,1.355,0.75));
#3706 = VECTOR('',#3707,1.);
#3707 = DIRECTION('',(1.110223024625E-16,-1.,0.));
#3708 = ORIENTED_EDGE('',*,*,#3709,.F.);
#3709 = EDGE_CURVE('',#3525,#3702,#3710,.T.);
#3710 = LINE('',#3711,#3712);
#3711 = CARTESIAN_POINT('',(0.8,1.355,0.75));
#3712 = VECTOR('',#3713,1.);
#3713 = DIRECTION('',(1.110223024625E-16,-1.,0.));
#3714 = ORIENTED_EDGE('',*,*,#3524,.F.);
#3715 = B_SPLINE_SURFACE_WITH_KNOTS('',1,1,(
    (#3716,#3717)
    ,(#3718,#3719
    )),.UNSPECIFIED.,.F.,.F.,.F.,(2,2),(2,2),(0.,2.71),(0.,1.),
  .PIECEWISE_BEZIER_KNOTS.);
#3716 = CARTESIAN_POINT('',(0.708648457443,1.309324228722,0.1));
#3717 = CARTESIAN_POINT('',(0.8,1.355,0.75));
#3718 = CARTESIAN_POINT('',(0.708648457443,-1.309324228722,0.1));
#3719 = CARTESIAN_POINT('',(0.8,-1.355,0.75));
#3720 = ADVANCED_FACE('',(#3721),#3738,.F.);
#3721 = FACE_BOUND('',#3722,.F.);
#3722 = EDGE_LOOP('',(#3723,#3724,#3725,#3733));
#3723 = ORIENTED_EDGE('',*,*,#3493,.T.);
#3724 = ORIENTED_EDGE('',*,*,#3656,.T.);
#3725 = ORIENTED_EDGE('',*,*,#3726,.F.);
#3726 = EDGE_CURVE('',#3727,#3649,#3729,.T.);
#3727 = VERTEX_POINT('',#3728);
#3728 = CARTESIAN_POINT('',(-0.705,-1.45,0.75));
#3729 = LINE('',#3730,#3731);
#3730 = CARTESIAN_POINT('',(-0.705,-1.45,0.75));
#3731 = VECTOR('',#3732,1.);
#3732 = DIRECTION('',(-0.707106781187,0.707106781187,0.));
#3733 = ORIENTED_EDGE('',*,*,#3734,.F.);
#3734 = EDGE_CURVE('',#3486,#3727,#3735,.T.);
#3735 = B_SPLINE_CURVE_WITH_KNOTS('',1,(#3736,#3737),.UNSPECIFIED.,.F.,
  .F.,(2,2),(0.,1.),.PIECEWISE_BEZIER_KNOTS.);
#3736 = CARTESIAN_POINT('',(-0.659324228722,-1.358648457443,0.1));
#3737 = CARTESIAN_POINT('',(-0.705,-1.45,0.75));
#3738 = B_SPLINE_SURFACE_WITH_KNOTS('',1,1,(
    (#3739,#3740)
    ,(#3741,#3742
    )),.UNSPECIFIED.,.F.,.F.,.F.,(2,2),(2,2),(0.,0.134350288425),(0.,1.)
  ,.PIECEWISE_BEZIER_KNOTS.);
#3739 = CARTESIAN_POINT('',(-0.659324228722,-1.358648457443,0.1));
#3740 = CARTESIAN_POINT('',(-0.705,-1.45,0.75));
#3741 = CARTESIAN_POINT('',(-0.708648457443,-1.309324228722,0.1));
#3742 = CARTESIAN_POINT('',(-0.8,-1.355,0.75));
#3743 = ADVANCED_FACE('',(#3744),#3761,.F.);
#3744 = FACE_BOUND('',#3745,.F.);
#3745 = EDGE_LOOP('',(#3746,#3747,#3754,#3760));
#3746 = ORIENTED_EDGE('',*,*,#3477,.T.);
#3747 = ORIENTED_EDGE('',*,*,#3748,.T.);
#3748 = EDGE_CURVE('',#3478,#3749,#3751,.T.);
#3749 = VERTEX_POINT('',#3750);
#3750 = CARTESIAN_POINT('',(0.705,-1.45,0.75));
#3751 = B_SPLINE_CURVE_WITH_KNOTS('',1,(#3752,#3753),.UNSPECIFIED.,.F.,
  .F.,(2,2),(0.,1.),.PIECEWISE_BEZIER_KNOTS.);
#3752 = CARTESIAN_POINT('',(0.659324228722,-1.358648457443,0.1));
#3753 = CARTESIAN_POINT('',(0.705,-1.45,0.75));
#3754 = ORIENTED_EDGE('',*,*,#3755,.F.);
#3755 = EDGE_CURVE('',#3671,#3749,#3756,.T.);
#3756 = LINE('',#3757,#3758);
#3757 = CARTESIAN_POINT('',(0.8,-1.355,0.75));
#3758 = VECTOR('',#3759,1.);
#3759 = DIRECTION('',(-0.707106781187,-0.707106781187,0.));
#3760 = ORIENTED_EDGE('',*,*,#3670,.F.);
#3761 = B_SPLINE_SURFACE_WITH_KNOTS('',1,1,(
    (#3762,#3763)
    ,(#3764,#3765
    )),.UNSPECIFIED.,.F.,.F.,.F.,(2,2),(2,2),(0.,0.134350288425),(0.,1.)
  ,.PIECEWISE_BEZIER_KNOTS.);
#3762 = CARTESIAN_POINT('',(0.708648457443,-1.309324228722,0.1));
#3763 = CARTESIAN_POINT('',(0.8,-1.355,0.75));
#3764 = CARTESIAN_POINT('',(0.659324228722,-1.358648457443,0.1));
#3765 = CARTESIAN_POINT('',(0.705,-1.45,0.75));
#3766 = ADVANCED_FACE('',(#3767),#3778,.F.);
#3767 = FACE_BOUND('',#3768,.F.);
#3768 = EDGE_LOOP('',(#3769,#3770,#3771,#3777));
#3769 = ORIENTED_EDGE('',*,*,#3485,.T.);
#3770 = ORIENTED_EDGE('',*,*,#3734,.T.);
#3771 = ORIENTED_EDGE('',*,*,#3772,.F.);
#3772 = EDGE_CURVE('',#3749,#3727,#3773,.T.);
#3773 = LINE('',#3774,#3775);
#3774 = CARTESIAN_POINT('',(0.705,-1.45,0.75));
#3775 = VECTOR('',#3776,1.);
#3776 = DIRECTION('',(-1.,-1.110223024625E-16,0.));
#3777 = ORIENTED_EDGE('',*,*,#3748,.F.);
#3778 = B_SPLINE_SURFACE_WITH_KNOTS('',1,1,(
    (#3779,#3780)
    ,(#3781,#3782
    )),.UNSPECIFIED.,.F.,.F.,.F.,(2,2),(2,2),(0.,1.41),(0.,1.),
  .PIECEWISE_BEZIER_KNOTS.);
#3779 = CARTESIAN_POINT('',(0.659324228722,-1.358648457443,0.1));
#3780 = CARTESIAN_POINT('',(0.705,-1.45,0.75));
#3781 = CARTESIAN_POINT('',(-0.659324228722,-1.358648457443,0.1));
#3782 = CARTESIAN_POINT('',(-0.705,-1.45,0.75));
#3783 = ADVANCED_FACE('',(#3784),#3801,.F.);
#3784 = FACE_BOUND('',#3785,.F.);
#3785 = EDGE_LOOP('',(#3786,#3787,#3794,#3800));
#3786 = ORIENTED_EDGE('',*,*,#3531,.T.);
#3787 = ORIENTED_EDGE('',*,*,#3788,.T.);
#3788 = EDGE_CURVE('',#3525,#3789,#3791,.T.);
#3789 = VERTEX_POINT('',#3790);
#3790 = CARTESIAN_POINT('',(0.8,1.355,0.9));
#3791 = B_SPLINE_CURVE_WITH_KNOTS('',1,(#3792,#3793),.UNSPECIFIED.,.F.,
  .F.,(2,2),(0.,1.),.PIECEWISE_BEZIER_KNOTS.);
#3792 = CARTESIAN_POINT('',(0.8,1.355,0.75));
#3793 = CARTESIAN_POINT('',(0.8,1.355,0.9));
#3794 = ORIENTED_EDGE('',*,*,#3795,.F.);
#3795 = EDGE_CURVE('',#3548,#3789,#3796,.T.);
#3796 = LINE('',#3797,#3798);
#3797 = CARTESIAN_POINT('',(0.705,1.45,0.9));
#3798 = VECTOR('',#3799,1.);
#3799 = DIRECTION('',(0.707106781187,-0.707106781187,0.));
#3800 = ORIENTED_EDGE('',*,*,#3547,.F.);
#3801 = PLANE('',#3802);
#3802 = AXIS2_PLACEMENT_3D('',#3803,#3804,#3805);
#3803 = CARTESIAN_POINT('',(0.705,1.45,0.9));
#3804 = DIRECTION('',(-0.707106781187,-0.707106781187,0.));
#3805 = DIRECTION('',(0.707106781187,-0.707106781187,0.));
#3806 = ADVANCED_FACE('',(#3807),#3889,.F.);
#3807 = FACE_BOUND('',#3808,.F.);
#3808 = EDGE_LOOP('',(#3809,#3817,#3818,#3819,#3827,#3835,#3843,#3851,
    #3859,#3867,#3875,#3883));
#3809 = ORIENTED_EDGE('',*,*,#3810,.T.);
#3810 = EDGE_CURVE('',#3811,#3555,#3813,.T.);
#3811 = VERTEX_POINT('',#3812);
#3812 = CARTESIAN_POINT('',(-0.8,1.355,0.9));
#3813 = LINE('',#3814,#3815);
#3814 = CARTESIAN_POINT('',(-0.8,1.355,0.9));
#3815 = VECTOR('',#3816,1.);
#3816 = DIRECTION('',(0.707106781187,0.707106781187,0.));
#3817 = ORIENTED_EDGE('',*,*,#3554,.T.);
#3818 = ORIENTED_EDGE('',*,*,#3795,.T.);
#3819 = ORIENTED_EDGE('',*,*,#3820,.T.);
#3820 = EDGE_CURVE('',#3789,#3821,#3823,.T.);
#3821 = VERTEX_POINT('',#3822);
#3822 = CARTESIAN_POINT('',(0.8,1.2,0.9));
#3823 = LINE('',#3824,#3825);
#3824 = CARTESIAN_POINT('',(0.8,1.355,0.9));
#3825 = VECTOR('',#3826,1.);
#3826 = DIRECTION('',(1.110223024625E-16,-1.,0.));
#3827 = ORIENTED_EDGE('',*,*,#3828,.T.);
#3828 = EDGE_CURVE('',#3821,#3829,#3831,.T.);
#3829 = VERTEX_POINT('',#3830);
#3830 = CARTESIAN_POINT('',(0.775,1.2,0.9));
#3831 = LINE('',#3832,#3833);
#3832 = CARTESIAN_POINT('',(0.85,1.2,0.9));
#3833 = VECTOR('',#3834,1.);
#3834 = DIRECTION('',(-1.,-1.110223024625E-16,0.));
#3835 = ORIENTED_EDGE('',*,*,#3836,.F.);
#3836 = EDGE_CURVE('',#3837,#3829,#3839,.T.);
#3837 = VERTEX_POINT('',#3838);
#3838 = CARTESIAN_POINT('',(0.775,1.3425,0.9));
#3839 = LINE('',#3840,#3841);
#3840 = CARTESIAN_POINT('',(0.775,1.3425,0.9));
#3841 = VECTOR('',#3842,1.);
#3842 = DIRECTION('',(1.110223024625E-16,-1.,0.));
#3843 = ORIENTED_EDGE('',*,*,#3844,.F.);
#3844 = EDGE_CURVE('',#3845,#3837,#3847,.T.);
#3845 = VERTEX_POINT('',#3846);
#3846 = CARTESIAN_POINT('',(0.6925,1.425,0.9));
#3847 = LINE('',#3848,#3849);
#3848 = CARTESIAN_POINT('',(0.6925,1.425,0.9));
#3849 = VECTOR('',#3850,1.);
#3850 = DIRECTION('',(0.707106781187,-0.707106781187,0.));
#3851 = ORIENTED_EDGE('',*,*,#3852,.F.);
#3852 = EDGE_CURVE('',#3853,#3845,#3855,.T.);
#3853 = VERTEX_POINT('',#3854);
#3854 = CARTESIAN_POINT('',(-0.6925,1.425,0.9));
#3855 = LINE('',#3856,#3857);
#3856 = CARTESIAN_POINT('',(-0.6925,1.425,0.9));
#3857 = VECTOR('',#3858,1.);
#3858 = DIRECTION('',(1.,1.110223024625E-16,0.));
#3859 = ORIENTED_EDGE('',*,*,#3860,.F.);
#3860 = EDGE_CURVE('',#3861,#3853,#3863,.T.);
#3861 = VERTEX_POINT('',#3862);
#3862 = CARTESIAN_POINT('',(-0.775,1.3425,0.9));
#3863 = LINE('',#3864,#3865);
#3864 = CARTESIAN_POINT('',(-0.775,1.3425,0.9));
#3865 = VECTOR('',#3866,1.);
#3866 = DIRECTION('',(0.707106781187,0.707106781187,0.));
#3867 = ORIENTED_EDGE('',*,*,#3868,.F.);
#3868 = EDGE_CURVE('',#3869,#3861,#3871,.T.);
#3869 = VERTEX_POINT('',#3870);
#3870 = CARTESIAN_POINT('',(-0.775,1.2,0.9));
#3871 = LINE('',#3872,#3873);
#3872 = CARTESIAN_POINT('',(-0.775,-1.3425,0.9));
#3873 = VECTOR('',#3874,1.);
#3874 = DIRECTION('',(-1.110223024625E-16,1.,0.));
#3875 = ORIENTED_EDGE('',*,*,#3876,.F.);
#3876 = EDGE_CURVE('',#3877,#3869,#3879,.T.);
#3877 = VERTEX_POINT('',#3878);
#3878 = CARTESIAN_POINT('',(-0.8,1.2,0.9));
#3879 = LINE('',#3880,#3881);
#3880 = CARTESIAN_POINT('',(-0.85,1.2,0.9));
#3881 = VECTOR('',#3882,1.);
#3882 = DIRECTION('',(1.,-1.144237745222E-17,0.));
#3883 = ORIENTED_EDGE('',*,*,#3884,.T.);
#3884 = EDGE_CURVE('',#3877,#3811,#3885,.T.);
#3885 = LINE('',#3886,#3887);
#3886 = CARTESIAN_POINT('',(-0.8,-1.355,0.9));
#3887 = VECTOR('',#3888,1.);
#3888 = DIRECTION('',(-1.110223024625E-16,1.,0.));
#3889 = PLANE('',#3890);
#3890 = AXIS2_PLACEMENT_3D('',#3891,#3892,#3893);
#3891 = CARTESIAN_POINT('',(-2.091417030376E-16,1.4375,0.9));
#3892 = DIRECTION('',(4.595758349624E-18,6.551522493592E-27,-1.));
#3893 = DIRECTION('',(1.,1.51922136901E-16,4.595758349624E-18));
#3894 = ADVANCED_FACE('',(#3895),#3905,.F.);
#3895 = FACE_BOUND('',#3896,.F.);
#3896 = EDGE_LOOP('',(#3897,#3898,#3899,#3900));
#3897 = ORIENTED_EDGE('',*,*,#3577,.T.);
#3898 = ORIENTED_EDGE('',*,*,#3562,.T.);
#3899 = ORIENTED_EDGE('',*,*,#3810,.F.);
#3900 = ORIENTED_EDGE('',*,*,#3901,.F.);
#3901 = EDGE_CURVE('',#3578,#3811,#3902,.T.);
#3902 = B_SPLINE_CURVE_WITH_KNOTS('',1,(#3903,#3904),.UNSPECIFIED.,.F.,
  .F.,(2,2),(0.,1.),.PIECEWISE_BEZIER_KNOTS.);
#3903 = CARTESIAN_POINT('',(-0.8,1.355,0.75));
#3904 = CARTESIAN_POINT('',(-0.8,1.355,0.9));
#3905 = PLANE('',#3906);
#3906 = AXIS2_PLACEMENT_3D('',#3907,#3908,#3909);
#3907 = CARTESIAN_POINT('',(-0.8,1.355,0.9));
#3908 = DIRECTION('',(0.707106781187,-0.707106781187,0.));
#3909 = DIRECTION('',(0.707106781187,0.707106781187,0.));
#3910 = ADVANCED_FACE('',(#3911),#3935,.F.);
#3911 = FACE_BOUND('',#3912,.F.);
#3912 = EDGE_LOOP('',(#3913,#3920,#3921,#3929));
#3913 = ORIENTED_EDGE('',*,*,#3914,.F.);
#3914 = EDGE_CURVE('',#3649,#3915,#3917,.T.);
#3915 = VERTEX_POINT('',#3916);
#3916 = CARTESIAN_POINT('',(-0.8,-1.355,0.9));
#3917 = B_SPLINE_CURVE_WITH_KNOTS('',1,(#3918,#3919),.UNSPECIFIED.,.F.,
  .F.,(2,2),(0.,1.),.PIECEWISE_BEZIER_KNOTS.);
#3918 = CARTESIAN_POINT('',(-0.8,-1.355,0.75));
#3919 = CARTESIAN_POINT('',(-0.8,-1.355,0.9));
#3920 = ORIENTED_EDGE('',*,*,#3648,.T.);
#3921 = ORIENTED_EDGE('',*,*,#3922,.T.);
#3922 = EDGE_CURVE('',#3641,#3923,#3925,.T.);
#3923 = VERTEX_POINT('',#3924);
#3924 = CARTESIAN_POINT('',(-0.8,-1.2,0.9));
#3925 = LINE('',#3926,#3927);
#3926 = CARTESIAN_POINT('',(-0.8,-1.2,0.670847817658));
#3927 = VECTOR('',#3928,1.);
#3928 = DIRECTION('',(0.,0.,1.));
#3929 = ORIENTED_EDGE('',*,*,#3930,.F.);
#3930 = EDGE_CURVE('',#3915,#3923,#3931,.T.);
#3931 = LINE('',#3932,#3933);
#3932 = CARTESIAN_POINT('',(-0.8,-1.355,0.9));
#3933 = VECTOR('',#3934,1.);
#3934 = DIRECTION('',(-1.110223024625E-16,1.,0.));
#3935 = PLANE('',#3936);
#3936 = AXIS2_PLACEMENT_3D('',#3937,#3938,#3939);
#3937 = CARTESIAN_POINT('',(-0.8,-1.355,0.9));
#3938 = DIRECTION('',(1.,1.110223024625E-16,0.));
#3939 = DIRECTION('',(-1.110223024625E-16,1.,0.));
#3940 = ADVANCED_FACE('',(#3941),#3966,.F.);
#3941 = FACE_BOUND('',#3942,.F.);
#3942 = EDGE_LOOP('',(#3943,#3951,#3952,#3960));
#3943 = ORIENTED_EDGE('',*,*,#3944,.F.);
#3944 = EDGE_CURVE('',#3641,#3945,#3947,.T.);
#3945 = VERTEX_POINT('',#3946);
#3946 = CARTESIAN_POINT('',(-0.85,-1.2,0.75));
#3947 = LINE('',#3948,#3949);
#3948 = CARTESIAN_POINT('',(-0.75,-1.2,0.75));
#3949 = VECTOR('',#3950,1.);
#3950 = DIRECTION('',(-1.,1.144237745222E-17,0.));
#3951 = ORIENTED_EDGE('',*,*,#3640,.T.);
#3952 = ORIENTED_EDGE('',*,*,#3953,.T.);
#3953 = EDGE_CURVE('',#3633,#3954,#3956,.T.);
#3954 = VERTEX_POINT('',#3955);
#3955 = CARTESIAN_POINT('',(-0.85,-0.7,0.75));
#3956 = LINE('',#3957,#3958);
#3957 = CARTESIAN_POINT('',(-0.75,-0.7,0.75));
#3958 = VECTOR('',#3959,1.);
#3959 = DIRECTION('',(-1.,1.144237745222E-17,0.));
#3960 = ORIENTED_EDGE('',*,*,#3961,.F.);
#3961 = EDGE_CURVE('',#3945,#3954,#3962,.T.);
#3962 = LINE('',#3963,#3964);
#3963 = CARTESIAN_POINT('',(-0.85,-1.2,0.75));
#3964 = VECTOR('',#3965,1.);
#3965 = DIRECTION('',(1.144237745222E-17,1.,0.));
#3966 = PLANE('',#3967);
#3967 = AXIS2_PLACEMENT_3D('',#3968,#3969,#3970);
#3968 = CARTESIAN_POINT('',(-0.75,-1.2,0.75));
#3969 = DIRECTION('',(0.,0.,1.));
#3970 = DIRECTION('',(-1.,1.144237745222E-17,0.));
#3971 = ADVANCED_FACE('',(#3972),#3997,.F.);
#3972 = FACE_BOUND('',#3973,.F.);
#3973 = EDGE_LOOP('',(#3974,#3982,#3983,#3991));
#3974 = ORIENTED_EDGE('',*,*,#3975,.F.);
#3975 = EDGE_CURVE('',#3633,#3976,#3978,.T.);
#3976 = VERTEX_POINT('',#3977);
#3977 = CARTESIAN_POINT('',(-0.8,-0.7,0.9));
#3978 = LINE('',#3979,#3980);
#3979 = CARTESIAN_POINT('',(-0.8,-0.7,0.670847817658));
#3980 = VECTOR('',#3981,1.);
#3981 = DIRECTION('',(0.,0.,1.));
#3982 = ORIENTED_EDGE('',*,*,#3632,.T.);
#3983 = ORIENTED_EDGE('',*,*,#3984,.T.);
#3984 = EDGE_CURVE('',#3625,#3985,#3987,.T.);
#3985 = VERTEX_POINT('',#3986);
#3986 = CARTESIAN_POINT('',(-0.8,-0.25,0.9));
#3987 = LINE('',#3988,#3989);
#3988 = CARTESIAN_POINT('',(-0.8,-0.25,0.670847817658));
#3989 = VECTOR('',#3990,1.);
#3990 = DIRECTION('',(0.,0.,1.));
#3991 = ORIENTED_EDGE('',*,*,#3992,.F.);
#3992 = EDGE_CURVE('',#3976,#3985,#3993,.T.);
#3993 = LINE('',#3994,#3995);
#3994 = CARTESIAN_POINT('',(-0.8,-1.355,0.9));
#3995 = VECTOR('',#3996,1.);
#3996 = DIRECTION('',(-1.110223024625E-16,1.,0.));
#3997 = PLANE('',#3998);
#3998 = AXIS2_PLACEMENT_3D('',#3999,#4000,#4001);
#3999 = CARTESIAN_POINT('',(-0.8,-1.355,0.9));
#4000 = DIRECTION('',(1.,1.110223024625E-16,0.));
#4001 = DIRECTION('',(-1.110223024625E-16,1.,0.));
#4002 = ADVANCED_FACE('',(#4003),#4028,.F.);
#4003 = FACE_BOUND('',#4004,.F.);
#4004 = EDGE_LOOP('',(#4005,#4013,#4014,#4022));
#4005 = ORIENTED_EDGE('',*,*,#4006,.F.);
#4006 = EDGE_CURVE('',#3625,#4007,#4009,.T.);
#4007 = VERTEX_POINT('',#4008);
#4008 = CARTESIAN_POINT('',(-0.85,-0.25,0.75));
#4009 = LINE('',#4010,#4011);
#4010 = CARTESIAN_POINT('',(-0.75,-0.25,0.75));
#4011 = VECTOR('',#4012,1.);
#4012 = DIRECTION('',(-1.,1.144237745222E-17,0.));
#4013 = ORIENTED_EDGE('',*,*,#3624,.T.);
#4014 = ORIENTED_EDGE('',*,*,#4015,.T.);
#4015 = EDGE_CURVE('',#3617,#4016,#4018,.T.);
#4016 = VERTEX_POINT('',#4017);
#4017 = CARTESIAN_POINT('',(-0.85,0.25,0.75));
#4018 = LINE('',#4019,#4020);
#4019 = CARTESIAN_POINT('',(-0.75,0.25,0.75));
#4020 = VECTOR('',#4021,1.);
#4021 = DIRECTION('',(-1.,1.144237745222E-17,0.));
#4022 = ORIENTED_EDGE('',*,*,#4023,.F.);
#4023 = EDGE_CURVE('',#4007,#4016,#4024,.T.);
#4024 = LINE('',#4025,#4026);
#4025 = CARTESIAN_POINT('',(-0.85,-0.25,0.75));
#4026 = VECTOR('',#4027,1.);
#4027 = DIRECTION('',(1.144237745222E-17,1.,0.));
#4028 = PLANE('',#4029);
#4029 = AXIS2_PLACEMENT_3D('',#4030,#4031,#4032);
#4030 = CARTESIAN_POINT('',(-0.75,-0.25,0.75));
#4031 = DIRECTION('',(0.,0.,1.));
#4032 = DIRECTION('',(-1.,1.144237745222E-17,0.));
#4033 = ADVANCED_FACE('',(#4034),#4059,.F.);
#4034 = FACE_BOUND('',#4035,.F.);
#4035 = EDGE_LOOP('',(#4036,#4044,#4045,#4053));
#4036 = ORIENTED_EDGE('',*,*,#4037,.F.);
#4037 = EDGE_CURVE('',#3617,#4038,#4040,.T.);
#4038 = VERTEX_POINT('',#4039);
#4039 = CARTESIAN_POINT('',(-0.8,0.25,0.9));
#4040 = LINE('',#4041,#4042);
#4041 = CARTESIAN_POINT('',(-0.8,0.25,0.670847817658));
#4042 = VECTOR('',#4043,1.);
#4043 = DIRECTION('',(0.,0.,1.));
#4044 = ORIENTED_EDGE('',*,*,#3616,.T.);
#4045 = ORIENTED_EDGE('',*,*,#4046,.T.);
#4046 = EDGE_CURVE('',#3609,#4047,#4049,.T.);
#4047 = VERTEX_POINT('',#4048);
#4048 = CARTESIAN_POINT('',(-0.8,0.7,0.9));
#4049 = LINE('',#4050,#4051);
#4050 = CARTESIAN_POINT('',(-0.8,0.7,0.670847817658));
#4051 = VECTOR('',#4052,1.);
#4052 = DIRECTION('',(0.,0.,1.));
#4053 = ORIENTED_EDGE('',*,*,#4054,.F.);
#4054 = EDGE_CURVE('',#4038,#4047,#4055,.T.);
#4055 = LINE('',#4056,#4057);
#4056 = CARTESIAN_POINT('',(-0.8,-1.355,0.9));
#4057 = VECTOR('',#4058,1.);
#4058 = DIRECTION('',(-1.110223024625E-16,1.,0.));
#4059 = PLANE('',#4060);
#4060 = AXIS2_PLACEMENT_3D('',#4061,#4062,#4063);
#4061 = CARTESIAN_POINT('',(-0.8,-1.355,0.9));
#4062 = DIRECTION('',(1.,1.110223024625E-16,0.));
#4063 = DIRECTION('',(-1.110223024625E-16,1.,0.));
#4064 = ADVANCED_FACE('',(#4065),#4090,.F.);
#4065 = FACE_BOUND('',#4066,.F.);
#4066 = EDGE_LOOP('',(#4067,#4075,#4076,#4084));
#4067 = ORIENTED_EDGE('',*,*,#4068,.F.);
#4068 = EDGE_CURVE('',#3609,#4069,#4071,.T.);
#4069 = VERTEX_POINT('',#4070);
#4070 = CARTESIAN_POINT('',(-0.85,0.7,0.75));
#4071 = LINE('',#4072,#4073);
#4072 = CARTESIAN_POINT('',(-0.75,0.7,0.75));
#4073 = VECTOR('',#4074,1.);
#4074 = DIRECTION('',(-1.,1.144237745222E-17,0.));
#4075 = ORIENTED_EDGE('',*,*,#3608,.T.);
#4076 = ORIENTED_EDGE('',*,*,#4077,.T.);
#4077 = EDGE_CURVE('',#3601,#4078,#4080,.T.);
#4078 = VERTEX_POINT('',#4079);
#4079 = CARTESIAN_POINT('',(-0.85,1.2,0.75));
#4080 = LINE('',#4081,#4082);
#4081 = CARTESIAN_POINT('',(-0.75,1.2,0.75));
#4082 = VECTOR('',#4083,1.);
#4083 = DIRECTION('',(-1.,1.144237745222E-17,0.));
#4084 = ORIENTED_EDGE('',*,*,#4085,.F.);
#4085 = EDGE_CURVE('',#4069,#4078,#4086,.T.);
#4086 = LINE('',#4087,#4088);
#4087 = CARTESIAN_POINT('',(-0.85,0.7,0.75));
#4088 = VECTOR('',#4089,1.);
#4089 = DIRECTION('',(1.144237745222E-17,1.,0.));
#4090 = PLANE('',#4091);
#4091 = AXIS2_PLACEMENT_3D('',#4092,#4093,#4094);
#4092 = CARTESIAN_POINT('',(-0.75,0.7,0.75));
#4093 = DIRECTION('',(0.,0.,1.));
#4094 = DIRECTION('',(-1.,1.144237745222E-17,0.));
#4095 = ADVANCED_FACE('',(#4096),#4107,.F.);
#4096 = FACE_BOUND('',#4097,.F.);
#4097 = EDGE_LOOP('',(#4098,#4104,#4105,#4106));
#4098 = ORIENTED_EDGE('',*,*,#4099,.F.);
#4099 = EDGE_CURVE('',#3601,#3877,#4100,.T.);
#4100 = LINE('',#4101,#4102);
#4101 = CARTESIAN_POINT('',(-0.8,1.2,0.670847817658));
#4102 = VECTOR('',#4103,1.);
#4103 = DIRECTION('',(0.,0.,1.));
#4104 = ORIENTED_EDGE('',*,*,#3600,.T.);
#4105 = ORIENTED_EDGE('',*,*,#3901,.T.);
#4106 = ORIENTED_EDGE('',*,*,#3884,.F.);
#4107 = PLANE('',#4108);
#4108 = AXIS2_PLACEMENT_3D('',#4109,#4110,#4111);
#4109 = CARTESIAN_POINT('',(-0.8,-1.355,0.9));
#4110 = DIRECTION('',(1.,1.110223024625E-16,0.));
#4111 = DIRECTION('',(-1.110223024625E-16,1.,0.));
#4112 = ADVANCED_FACE('',(#4113),#4124,.F.);
#4113 = FACE_BOUND('',#4114,.F.);
#4114 = EDGE_LOOP('',(#4115,#4116,#4117,#4123));
#4115 = ORIENTED_EDGE('',*,*,#3788,.F.);
#4116 = ORIENTED_EDGE('',*,*,#3709,.T.);
#4117 = ORIENTED_EDGE('',*,*,#4118,.T.);
#4118 = EDGE_CURVE('',#3702,#3821,#4119,.T.);
#4119 = LINE('',#4120,#4121);
#4120 = CARTESIAN_POINT('',(0.8,1.2,0.670847817658));
#4121 = VECTOR('',#4122,1.);
#4122 = DIRECTION('',(0.,0.,1.));
#4123 = ORIENTED_EDGE('',*,*,#3820,.F.);
#4124 = PLANE('',#4125);
#4125 = AXIS2_PLACEMENT_3D('',#4126,#4127,#4128);
#4126 = CARTESIAN_POINT('',(0.8,1.355,0.9));
#4127 = DIRECTION('',(-1.,-1.110223024625E-16,0.));
#4128 = DIRECTION('',(1.110223024625E-16,-1.,0.));
#4129 = ADVANCED_FACE('',(#4130),#4155,.F.);
#4130 = FACE_BOUND('',#4131,.F.);
#4131 = EDGE_LOOP('',(#4132,#4140,#4141,#4149));
#4132 = ORIENTED_EDGE('',*,*,#4133,.F.);
#4133 = EDGE_CURVE('',#3702,#4134,#4136,.T.);
#4134 = VERTEX_POINT('',#4135);
#4135 = CARTESIAN_POINT('',(0.85,1.2,0.75));
#4136 = LINE('',#4137,#4138);
#4137 = CARTESIAN_POINT('',(0.75,1.2,0.75));
#4138 = VECTOR('',#4139,1.);
#4139 = DIRECTION('',(1.,1.110223024625E-16,0.));
#4140 = ORIENTED_EDGE('',*,*,#3701,.T.);
#4141 = ORIENTED_EDGE('',*,*,#4142,.T.);
#4142 = EDGE_CURVE('',#3694,#4143,#4145,.T.);
#4143 = VERTEX_POINT('',#4144);
#4144 = CARTESIAN_POINT('',(0.85,0.7,0.75));
#4145 = LINE('',#4146,#4147);
#4146 = CARTESIAN_POINT('',(0.75,0.7,0.75));
#4147 = VECTOR('',#4148,1.);
#4148 = DIRECTION('',(1.,1.110223024625E-16,0.));
#4149 = ORIENTED_EDGE('',*,*,#4150,.F.);
#4150 = EDGE_CURVE('',#4134,#4143,#4151,.T.);
#4151 = LINE('',#4152,#4153);
#4152 = CARTESIAN_POINT('',(0.85,1.2,0.75));
#4153 = VECTOR('',#4154,1.);
#4154 = DIRECTION('',(1.110223024625E-16,-1.,0.));
#4155 = PLANE('',#4156);
#4156 = AXIS2_PLACEMENT_3D('',#4157,#4158,#4159);
#4157 = CARTESIAN_POINT('',(0.75,1.2,0.75));
#4158 = DIRECTION('',(0.,0.,1.));
#4159 = DIRECTION('',(1.,1.110223024625E-16,-0.));
#4160 = ADVANCED_FACE('',(#4161),#4186,.F.);
#4161 = FACE_BOUND('',#4162,.F.);
#4162 = EDGE_LOOP('',(#4163,#4171,#4172,#4180));
#4163 = ORIENTED_EDGE('',*,*,#4164,.F.);
#4164 = EDGE_CURVE('',#3694,#4165,#4167,.T.);
#4165 = VERTEX_POINT('',#4166);
#4166 = CARTESIAN_POINT('',(0.8,0.7,0.9));
#4167 = LINE('',#4168,#4169);
#4168 = CARTESIAN_POINT('',(0.8,0.7,0.670847817658));
#4169 = VECTOR('',#4170,1.);
#4170 = DIRECTION('',(0.,0.,1.));
#4171 = ORIENTED_EDGE('',*,*,#3693,.T.);
#4172 = ORIENTED_EDGE('',*,*,#4173,.T.);
#4173 = EDGE_CURVE('',#3686,#4174,#4176,.T.);
#4174 = VERTEX_POINT('',#4175);
#4175 = CARTESIAN_POINT('',(0.8,-0.7,0.9));
#4176 = LINE('',#4177,#4178);
#4177 = CARTESIAN_POINT('',(0.8,-0.7,0.670847817658));
#4178 = VECTOR('',#4179,1.);
#4179 = DIRECTION('',(0.,0.,1.));
#4180 = ORIENTED_EDGE('',*,*,#4181,.F.);
#4181 = EDGE_CURVE('',#4165,#4174,#4182,.T.);
#4182 = LINE('',#4183,#4184);
#4183 = CARTESIAN_POINT('',(0.8,1.355,0.9));
#4184 = VECTOR('',#4185,1.);
#4185 = DIRECTION('',(1.110223024625E-16,-1.,0.));
#4186 = PLANE('',#4187);
#4187 = AXIS2_PLACEMENT_3D('',#4188,#4189,#4190);
#4188 = CARTESIAN_POINT('',(0.8,1.355,0.9));
#4189 = DIRECTION('',(-1.,-1.110223024625E-16,0.));
#4190 = DIRECTION('',(1.110223024625E-16,-1.,0.));
#4191 = ADVANCED_FACE('',(#4192),#4217,.F.);
#4192 = FACE_BOUND('',#4193,.F.);
#4193 = EDGE_LOOP('',(#4194,#4202,#4203,#4211));
#4194 = ORIENTED_EDGE('',*,*,#4195,.F.);
#4195 = EDGE_CURVE('',#3686,#4196,#4198,.T.);
#4196 = VERTEX_POINT('',#4197);
#4197 = CARTESIAN_POINT('',(0.85,-0.7,0.75));
#4198 = LINE('',#4199,#4200);
#4199 = CARTESIAN_POINT('',(0.75,-0.7,0.75));
#4200 = VECTOR('',#4201,1.);
#4201 = DIRECTION('',(1.,1.110223024625E-16,0.));
#4202 = ORIENTED_EDGE('',*,*,#3685,.T.);
#4203 = ORIENTED_EDGE('',*,*,#4204,.T.);
#4204 = EDGE_CURVE('',#3678,#4205,#4207,.T.);
#4205 = VERTEX_POINT('',#4206);
#4206 = CARTESIAN_POINT('',(0.85,-1.2,0.75));
#4207 = LINE('',#4208,#4209);
#4208 = CARTESIAN_POINT('',(0.75,-1.2,0.75));
#4209 = VECTOR('',#4210,1.);
#4210 = DIRECTION('',(1.,1.110223024625E-16,0.));
#4211 = ORIENTED_EDGE('',*,*,#4212,.F.);
#4212 = EDGE_CURVE('',#4196,#4205,#4213,.T.);
#4213 = LINE('',#4214,#4215);
#4214 = CARTESIAN_POINT('',(0.85,-0.7,0.75));
#4215 = VECTOR('',#4216,1.);
#4216 = DIRECTION('',(1.110223024625E-16,-1.,0.));
#4217 = PLANE('',#4218);
#4218 = AXIS2_PLACEMENT_3D('',#4219,#4220,#4221);
#4219 = CARTESIAN_POINT('',(0.75,-0.7,0.75));
#4220 = DIRECTION('',(0.,0.,1.));
#4221 = DIRECTION('',(1.,1.110223024625E-16,-0.));
#4222 = ADVANCED_FACE('',(#4223),#4247,.F.);
#4223 = FACE_BOUND('',#4224,.F.);
#4224 = EDGE_LOOP('',(#4225,#4233,#4234,#4241));
#4225 = ORIENTED_EDGE('',*,*,#4226,.F.);
#4226 = EDGE_CURVE('',#3678,#4227,#4229,.T.);
#4227 = VERTEX_POINT('',#4228);
#4228 = CARTESIAN_POINT('',(0.8,-1.2,0.9));
#4229 = LINE('',#4230,#4231);
#4230 = CARTESIAN_POINT('',(0.8,-1.2,0.670847817658));
#4231 = VECTOR('',#4232,1.);
#4232 = DIRECTION('',(0.,0.,1.));
#4233 = ORIENTED_EDGE('',*,*,#3677,.T.);
#4234 = ORIENTED_EDGE('',*,*,#4235,.T.);
#4235 = EDGE_CURVE('',#3671,#4236,#4238,.T.);
#4236 = VERTEX_POINT('',#4237);
#4237 = CARTESIAN_POINT('',(0.8,-1.355,0.9));
#4238 = B_SPLINE_CURVE_WITH_KNOTS('',1,(#4239,#4240),.UNSPECIFIED.,.F.,
  .F.,(2,2),(0.,1.),.PIECEWISE_BEZIER_KNOTS.);
#4239 = CARTESIAN_POINT('',(0.8,-1.355,0.75));
#4240 = CARTESIAN_POINT('',(0.8,-1.355,0.9));
#4241 = ORIENTED_EDGE('',*,*,#4242,.F.);
#4242 = EDGE_CURVE('',#4227,#4236,#4243,.T.);
#4243 = LINE('',#4244,#4245);
#4244 = CARTESIAN_POINT('',(0.8,1.355,0.9));
#4245 = VECTOR('',#4246,1.);
#4246 = DIRECTION('',(1.110223024625E-16,-1.,0.));
#4247 = PLANE('',#4248);
#4248 = AXIS2_PLACEMENT_3D('',#4249,#4250,#4251);
#4249 = CARTESIAN_POINT('',(0.8,1.355,0.9));
#4250 = DIRECTION('',(-1.,-1.110223024625E-16,0.));
#4251 = DIRECTION('',(1.110223024625E-16,-1.,0.));
#4252 = ADVANCED_FACE('',(#4253),#4270,.F.);
#4253 = FACE_BOUND('',#4254,.F.);
#4254 = EDGE_LOOP('',(#4255,#4256,#4257,#4265));
#4255 = ORIENTED_EDGE('',*,*,#3726,.T.);
#4256 = ORIENTED_EDGE('',*,*,#3914,.T.);
#4257 = ORIENTED_EDGE('',*,*,#4258,.F.);
#4258 = EDGE_CURVE('',#4259,#3915,#4261,.T.);
#4259 = VERTEX_POINT('',#4260);
#4260 = CARTESIAN_POINT('',(-0.705,-1.45,0.9));
#4261 = LINE('',#4262,#4263);
#4262 = CARTESIAN_POINT('',(-0.705,-1.45,0.9));
#4263 = VECTOR('',#4264,1.);
#4264 = DIRECTION('',(-0.707106781187,0.707106781187,0.));
#4265 = ORIENTED_EDGE('',*,*,#4266,.F.);
#4266 = EDGE_CURVE('',#3727,#4259,#4267,.T.);
#4267 = B_SPLINE_CURVE_WITH_KNOTS('',1,(#4268,#4269),.UNSPECIFIED.,.F.,
  .F.,(2,2),(0.,1.),.PIECEWISE_BEZIER_KNOTS.);
#4268 = CARTESIAN_POINT('',(-0.705,-1.45,0.75));
#4269 = CARTESIAN_POINT('',(-0.705,-1.45,0.9));
#4270 = PLANE('',#4271);
#4271 = AXIS2_PLACEMENT_3D('',#4272,#4273,#4274);
#4272 = CARTESIAN_POINT('',(-0.705,-1.45,0.9));
#4273 = DIRECTION('',(0.707106781187,0.707106781187,0.));
#4274 = DIRECTION('',(-0.707106781187,0.707106781187,0.));
#4275 = ADVANCED_FACE('',(#4276),#4293,.F.);
#4276 = FACE_BOUND('',#4277,.F.);
#4277 = EDGE_LOOP('',(#4278,#4279,#4286,#4292));
#4278 = ORIENTED_EDGE('',*,*,#3755,.T.);
#4279 = ORIENTED_EDGE('',*,*,#4280,.T.);
#4280 = EDGE_CURVE('',#3749,#4281,#4283,.T.);
#4281 = VERTEX_POINT('',#4282);
#4282 = CARTESIAN_POINT('',(0.705,-1.45,0.9));
#4283 = B_SPLINE_CURVE_WITH_KNOTS('',1,(#4284,#4285),.UNSPECIFIED.,.F.,
  .F.,(2,2),(0.,1.),.PIECEWISE_BEZIER_KNOTS.);
#4284 = CARTESIAN_POINT('',(0.705,-1.45,0.75));
#4285 = CARTESIAN_POINT('',(0.705,-1.45,0.9));
#4286 = ORIENTED_EDGE('',*,*,#4287,.F.);
#4287 = EDGE_CURVE('',#4236,#4281,#4288,.T.);
#4288 = LINE('',#4289,#4290);
#4289 = CARTESIAN_POINT('',(0.8,-1.355,0.9));
#4290 = VECTOR('',#4291,1.);
#4291 = DIRECTION('',(-0.707106781187,-0.707106781187,0.));
#4292 = ORIENTED_EDGE('',*,*,#4235,.F.);
#4293 = PLANE('',#4294);
#4294 = AXIS2_PLACEMENT_3D('',#4295,#4296,#4297);
#4295 = CARTESIAN_POINT('',(0.8,-1.355,0.9));
#4296 = DIRECTION('',(-0.707106781187,0.707106781187,0.));
#4297 = DIRECTION('',(-0.707106781187,-0.707106781187,0.));
#4298 = ADVANCED_FACE('',(#4299),#4310,.F.);
#4299 = FACE_BOUND('',#4300,.F.);
#4300 = EDGE_LOOP('',(#4301,#4302,#4303,#4309));
#4301 = ORIENTED_EDGE('',*,*,#3772,.T.);
#4302 = ORIENTED_EDGE('',*,*,#4266,.T.);
#4303 = ORIENTED_EDGE('',*,*,#4304,.F.);
#4304 = EDGE_CURVE('',#4281,#4259,#4305,.T.);
#4305 = LINE('',#4306,#4307);
#4306 = CARTESIAN_POINT('',(0.705,-1.45,0.9));
#4307 = VECTOR('',#4308,1.);
#4308 = DIRECTION('',(-1.,-1.110223024625E-16,0.));
#4309 = ORIENTED_EDGE('',*,*,#4280,.F.);
#4310 = PLANE('',#4311);
#4311 = AXIS2_PLACEMENT_3D('',#4312,#4313,#4314);
#4312 = CARTESIAN_POINT('',(0.705,-1.45,0.9));
#4313 = DIRECTION('',(-1.110223024625E-16,1.,0.));
#4314 = DIRECTION('',(-1.,-1.110223024625E-16,0.));
#4315 = ADVANCED_FACE('',(#4316),#4355,.F.);
#4316 = FACE_BOUND('',#4317,.F.);
#4317 = EDGE_LOOP('',(#4318,#4326,#4334,#4340,#4341,#4349));
#4318 = ORIENTED_EDGE('',*,*,#4319,.F.);
#4319 = EDGE_CURVE('',#4320,#4047,#4322,.T.);
#4320 = VERTEX_POINT('',#4321);
#4321 = CARTESIAN_POINT('',(-0.85,0.7,0.9));
#4322 = LINE('',#4323,#4324);
#4323 = CARTESIAN_POINT('',(-0.85,0.7,0.9));
#4324 = VECTOR('',#4325,1.);
#4325 = DIRECTION('',(1.,-1.144237745222E-17,0.));
#4326 = ORIENTED_EDGE('',*,*,#4327,.T.);
#4327 = EDGE_CURVE('',#4320,#4328,#4330,.T.);
#4328 = VERTEX_POINT('',#4329);
#4329 = CARTESIAN_POINT('',(-0.85,1.2,0.9));
#4330 = LINE('',#4331,#4332);
#4331 = CARTESIAN_POINT('',(-0.85,0.7,0.9));
#4332 = VECTOR('',#4333,1.);
#4333 = DIRECTION('',(1.144237745222E-17,1.,0.));
#4334 = ORIENTED_EDGE('',*,*,#4335,.T.);
#4335 = EDGE_CURVE('',#4328,#3877,#4336,.T.);
#4336 = LINE('',#4337,#4338);
#4337 = CARTESIAN_POINT('',(-0.85,1.2,0.9));
#4338 = VECTOR('',#4339,1.);
#4339 = DIRECTION('',(1.,-1.144237745222E-17,0.));
#4340 = ORIENTED_EDGE('',*,*,#3876,.T.);
#4341 = ORIENTED_EDGE('',*,*,#4342,.F.);
#4342 = EDGE_CURVE('',#4343,#3869,#4345,.T.);
#4343 = VERTEX_POINT('',#4344);
#4344 = CARTESIAN_POINT('',(-0.775,0.7,0.9));
#4345 = LINE('',#4346,#4347);
#4346 = CARTESIAN_POINT('',(-0.775,-1.3425,0.9));
#4347 = VECTOR('',#4348,1.);
#4348 = DIRECTION('',(-1.110223024625E-16,1.,0.));
#4349 = ORIENTED_EDGE('',*,*,#4350,.F.);
#4350 = EDGE_CURVE('',#4047,#4343,#4351,.T.);
#4351 = LINE('',#4352,#4353);
#4352 = CARTESIAN_POINT('',(-0.85,0.7,0.9));
#4353 = VECTOR('',#4354,1.);
#4354 = DIRECTION('',(1.,-1.144237745222E-17,0.));
#4355 = PLANE('',#4356);
#4356 = AXIS2_PLACEMENT_3D('',#4357,#4358,#4359);
#4357 = CARTESIAN_POINT('',(-0.85,0.7,0.9));
#4358 = DIRECTION('',(0.,0.,-1.));
#4359 = DIRECTION('',(1.,-1.144237745222E-17,0.));
#4360 = ADVANCED_FACE('',(#4361),#4425,.F.);
#4361 = FACE_BOUND('',#4362,.F.);
#4362 = EDGE_LOOP('',(#4363,#4373,#4381,#4389,#4397,#4403,#4404,#4405,
    #4412,#4420));
#4363 = ORIENTED_EDGE('',*,*,#4364,.T.);
#4364 = EDGE_CURVE('',#4365,#4367,#4369,.T.);
#4365 = VERTEX_POINT('',#4366);
#4366 = CARTESIAN_POINT('',(-0.775,-1.3425,0.9));
#4367 = VERTEX_POINT('',#4368);
#4368 = CARTESIAN_POINT('',(-0.775,-1.2,0.9));
#4369 = LINE('',#4370,#4371);
#4370 = CARTESIAN_POINT('',(-0.775,-1.3425,0.9));
#4371 = VECTOR('',#4372,1.);
#4372 = DIRECTION('',(-1.110223024625E-16,1.,0.));
#4373 = ORIENTED_EDGE('',*,*,#4374,.T.);
#4374 = EDGE_CURVE('',#4367,#4375,#4377,.T.);
#4375 = VERTEX_POINT('',#4376);
#4376 = CARTESIAN_POINT('',(-0.775,-0.7,0.9));
#4377 = LINE('',#4378,#4379);
#4378 = CARTESIAN_POINT('',(-0.775,-1.3425,0.9));
#4379 = VECTOR('',#4380,1.);
#4380 = DIRECTION('',(-1.110223024625E-16,1.,0.));
#4381 = ORIENTED_EDGE('',*,*,#4382,.T.);
#4382 = EDGE_CURVE('',#4375,#4383,#4385,.T.);
#4383 = VERTEX_POINT('',#4384);
#4384 = CARTESIAN_POINT('',(-0.775,-0.25,0.9));
#4385 = LINE('',#4386,#4387);
#4386 = CARTESIAN_POINT('',(-0.775,-1.3425,0.9));
#4387 = VECTOR('',#4388,1.);
#4388 = DIRECTION('',(-1.110223024625E-16,1.,0.));
#4389 = ORIENTED_EDGE('',*,*,#4390,.T.);
#4390 = EDGE_CURVE('',#4383,#4391,#4393,.T.);
#4391 = VERTEX_POINT('',#4392);
#4392 = CARTESIAN_POINT('',(-0.775,0.25,0.9));
#4393 = LINE('',#4394,#4395);
#4394 = CARTESIAN_POINT('',(-0.775,-1.3425,0.9));
#4395 = VECTOR('',#4396,1.);
#4396 = DIRECTION('',(-1.110223024625E-16,1.,0.));
#4397 = ORIENTED_EDGE('',*,*,#4398,.T.);
#4398 = EDGE_CURVE('',#4391,#4343,#4399,.T.);
#4399 = LINE('',#4400,#4401);
#4400 = CARTESIAN_POINT('',(-0.775,-1.3425,0.9));
#4401 = VECTOR('',#4402,1.);
#4402 = DIRECTION('',(-1.110223024625E-16,1.,0.));
#4403 = ORIENTED_EDGE('',*,*,#4342,.T.);
#4404 = ORIENTED_EDGE('',*,*,#3868,.T.);
#4405 = ORIENTED_EDGE('',*,*,#4406,.T.);
#4406 = EDGE_CURVE('',#3861,#4407,#4409,.T.);
#4407 = VERTEX_POINT('',#4408);
#4408 = CARTESIAN_POINT('',(-0.683648457443,1.296824228722,1.55));
#4409 = B_SPLINE_CURVE_WITH_KNOTS('',1,(#4410,#4411),.UNSPECIFIED.,.F.,
  .F.,(2,2),(0.,1.),.PIECEWISE_BEZIER_KNOTS.);
#4410 = CARTESIAN_POINT('',(-0.775,1.3425,0.9));
#4411 = CARTESIAN_POINT('',(-0.683648457443,1.296824228722,1.55));
#4412 = ORIENTED_EDGE('',*,*,#4413,.F.);
#4413 = EDGE_CURVE('',#4414,#4407,#4416,.T.);
#4414 = VERTEX_POINT('',#4415);
#4415 = CARTESIAN_POINT('',(-0.683648457443,-1.296824228722,1.55));
#4416 = LINE('',#4417,#4418);
#4417 = CARTESIAN_POINT('',(-0.683648457443,-1.296824228722,1.55));
#4418 = VECTOR('',#4419,1.);
#4419 = DIRECTION('',(-1.110223024625E-16,1.,0.));
#4420 = ORIENTED_EDGE('',*,*,#4421,.F.);
#4421 = EDGE_CURVE('',#4365,#4414,#4422,.T.);
#4422 = B_SPLINE_CURVE_WITH_KNOTS('',1,(#4423,#4424),.UNSPECIFIED.,.F.,
  .F.,(2,2),(0.,1.),.PIECEWISE_BEZIER_KNOTS.);
#4423 = CARTESIAN_POINT('',(-0.775,-1.3425,0.9));
#4424 = CARTESIAN_POINT('',(-0.683648457443,-1.296824228722,1.55));
#4425 = B_SPLINE_SURFACE_WITH_KNOTS('',1,1,(
    (#4426,#4427)
    ,(#4428,#4429
    )),.UNSPECIFIED.,.F.,.F.,.F.,(2,2),(2,2),(0.,2.685),(0.,1.),
  .PIECEWISE_BEZIER_KNOTS.);
#4426 = CARTESIAN_POINT('',(-0.775,-1.3425,0.9));
#4427 = CARTESIAN_POINT('',(-0.683648457443,-1.296824228722,1.55));
#4428 = CARTESIAN_POINT('',(-0.775,1.3425,0.9));
#4429 = CARTESIAN_POINT('',(-0.683648457443,1.296824228722,1.55));
#4430 = ADVANCED_FACE('',(#4431),#4448,.F.);
#4431 = FACE_BOUND('',#4432,.F.);
#4432 = EDGE_LOOP('',(#4433,#4434,#4441,#4447));
#4433 = ORIENTED_EDGE('',*,*,#3860,.T.);
#4434 = ORIENTED_EDGE('',*,*,#4435,.T.);
#4435 = EDGE_CURVE('',#3853,#4436,#4438,.T.);
#4436 = VERTEX_POINT('',#4437);
#4437 = CARTESIAN_POINT('',(-0.646824228722,1.333648457443,1.55));
#4438 = B_SPLINE_CURVE_WITH_KNOTS('',1,(#4439,#4440),.UNSPECIFIED.,.F.,
  .F.,(2,2),(0.,1.),.PIECEWISE_BEZIER_KNOTS.);
#4439 = CARTESIAN_POINT('',(-0.6925,1.425,0.9));
#4440 = CARTESIAN_POINT('',(-0.646824228722,1.333648457443,1.55));
#4441 = ORIENTED_EDGE('',*,*,#4442,.F.);
#4442 = EDGE_CURVE('',#4407,#4436,#4443,.T.);
#4443 = LINE('',#4444,#4445);
#4444 = CARTESIAN_POINT('',(-0.683648457443,1.296824228722,1.55));
#4445 = VECTOR('',#4446,1.);
#4446 = DIRECTION('',(0.707106781187,0.707106781187,0.));
#4447 = ORIENTED_EDGE('',*,*,#4406,.F.);
#4448 = B_SPLINE_SURFACE_WITH_KNOTS('',1,1,(
    (#4449,#4450)
    ,(#4451,#4452
    )),.UNSPECIFIED.,.F.,.F.,.F.,(2,2),(2,2),(0.,0.116672618896),(0.,1.)
  ,.PIECEWISE_BEZIER_KNOTS.);
#4449 = CARTESIAN_POINT('',(-0.775,1.3425,0.9));
#4450 = CARTESIAN_POINT('',(-0.683648457443,1.296824228722,1.55));
#4451 = CARTESIAN_POINT('',(-0.6925,1.425,0.9));
#4452 = CARTESIAN_POINT('',(-0.646824228722,1.333648457443,1.55));
#4453 = ADVANCED_FACE('',(#4454),#4471,.F.);
#4454 = FACE_BOUND('',#4455,.F.);
#4455 = EDGE_LOOP('',(#4456,#4457,#4464,#4470));
#4456 = ORIENTED_EDGE('',*,*,#3852,.T.);
#4457 = ORIENTED_EDGE('',*,*,#4458,.T.);
#4458 = EDGE_CURVE('',#3845,#4459,#4461,.T.);
#4459 = VERTEX_POINT('',#4460);
#4460 = CARTESIAN_POINT('',(0.646824228722,1.333648457443,1.55));
#4461 = B_SPLINE_CURVE_WITH_KNOTS('',1,(#4462,#4463),.UNSPECIFIED.,.F.,
  .F.,(2,2),(0.,1.),.PIECEWISE_BEZIER_KNOTS.);
#4462 = CARTESIAN_POINT('',(0.6925,1.425,0.9));
#4463 = CARTESIAN_POINT('',(0.646824228722,1.333648457443,1.55));
#4464 = ORIENTED_EDGE('',*,*,#4465,.F.);
#4465 = EDGE_CURVE('',#4436,#4459,#4466,.T.);
#4466 = LINE('',#4467,#4468);
#4467 = CARTESIAN_POINT('',(-0.646824228722,1.333648457443,1.55));
#4468 = VECTOR('',#4469,1.);
#4469 = DIRECTION('',(1.,1.110223024625E-16,0.));
#4470 = ORIENTED_EDGE('',*,*,#4435,.F.);
#4471 = B_SPLINE_SURFACE_WITH_KNOTS('',1,1,(
    (#4472,#4473)
    ,(#4474,#4475
    )),.UNSPECIFIED.,.F.,.F.,.F.,(2,2),(2,2),(0.,1.385),(0.,1.),
  .PIECEWISE_BEZIER_KNOTS.);
#4472 = CARTESIAN_POINT('',(-0.6925,1.425,0.9));
#4473 = CARTESIAN_POINT('',(-0.646824228722,1.333648457443,1.55));
#4474 = CARTESIAN_POINT('',(0.6925,1.425,0.9));
#4475 = CARTESIAN_POINT('',(0.646824228722,1.333648457443,1.55));
#4476 = ADVANCED_FACE('',(#4477),#4494,.F.);
#4477 = FACE_BOUND('',#4478,.F.);
#4478 = EDGE_LOOP('',(#4479,#4480,#4487,#4493));
#4479 = ORIENTED_EDGE('',*,*,#3844,.T.);
#4480 = ORIENTED_EDGE('',*,*,#4481,.T.);
#4481 = EDGE_CURVE('',#3837,#4482,#4484,.T.);
#4482 = VERTEX_POINT('',#4483);
#4483 = CARTESIAN_POINT('',(0.683648457443,1.296824228722,1.55));
#4484 = B_SPLINE_CURVE_WITH_KNOTS('',1,(#4485,#4486),.UNSPECIFIED.,.F.,
  .F.,(2,2),(0.,1.),.PIECEWISE_BEZIER_KNOTS.);
#4485 = CARTESIAN_POINT('',(0.775,1.3425,0.9));
#4486 = CARTESIAN_POINT('',(0.683648457443,1.296824228722,1.55));
#4487 = ORIENTED_EDGE('',*,*,#4488,.F.);
#4488 = EDGE_CURVE('',#4459,#4482,#4489,.T.);
#4489 = LINE('',#4490,#4491);
#4490 = CARTESIAN_POINT('',(0.646824228722,1.333648457443,1.55));
#4491 = VECTOR('',#4492,1.);
#4492 = DIRECTION('',(0.707106781187,-0.707106781187,0.));
#4493 = ORIENTED_EDGE('',*,*,#4458,.F.);
#4494 = B_SPLINE_SURFACE_WITH_KNOTS('',1,1,(
    (#4495,#4496)
    ,(#4497,#4498
    )),.UNSPECIFIED.,.F.,.F.,.F.,(2,2),(2,2),(0.,0.116672618896),(0.,1.)
  ,.PIECEWISE_BEZIER_KNOTS.);
#4495 = CARTESIAN_POINT('',(0.6925,1.425,0.9));
#4496 = CARTESIAN_POINT('',(0.646824228722,1.333648457443,1.55));
#4497 = CARTESIAN_POINT('',(0.775,1.3425,0.9));
#4498 = CARTESIAN_POINT('',(0.683648457443,1.296824228722,1.55));
#4499 = ADVANCED_FACE('',(#4500),#4549,.F.);
#4500 = FACE_BOUND('',#4501,.F.);
#4501 = EDGE_LOOP('',(#4502,#4503,#4511,#4519,#4527,#4535,#4542,#4548));
#4502 = ORIENTED_EDGE('',*,*,#3836,.T.);
#4503 = ORIENTED_EDGE('',*,*,#4504,.T.);
#4504 = EDGE_CURVE('',#3829,#4505,#4507,.T.);
#4505 = VERTEX_POINT('',#4506);
#4506 = CARTESIAN_POINT('',(0.775,0.7,0.9));
#4507 = LINE('',#4508,#4509);
#4508 = CARTESIAN_POINT('',(0.775,1.3425,0.9));
#4509 = VECTOR('',#4510,1.);
#4510 = DIRECTION('',(1.110223024625E-16,-1.,0.));
#4511 = ORIENTED_EDGE('',*,*,#4512,.T.);
#4512 = EDGE_CURVE('',#4505,#4513,#4515,.T.);
#4513 = VERTEX_POINT('',#4514);
#4514 = CARTESIAN_POINT('',(0.775,-0.7,0.9));
#4515 = LINE('',#4516,#4517);
#4516 = CARTESIAN_POINT('',(0.775,1.3425,0.9));
#4517 = VECTOR('',#4518,1.);
#4518 = DIRECTION('',(1.110223024625E-16,-1.,0.));
#4519 = ORIENTED_EDGE('',*,*,#4520,.T.);
#4520 = EDGE_CURVE('',#4513,#4521,#4523,.T.);
#4521 = VERTEX_POINT('',#4522);
#4522 = CARTESIAN_POINT('',(0.775,-1.2,0.9));
#4523 = LINE('',#4524,#4525);
#4524 = CARTESIAN_POINT('',(0.775,1.3425,0.9));
#4525 = VECTOR('',#4526,1.);
#4526 = DIRECTION('',(1.110223024625E-16,-1.,0.));
#4527 = ORIENTED_EDGE('',*,*,#4528,.T.);
#4528 = EDGE_CURVE('',#4521,#4529,#4531,.T.);
#4529 = VERTEX_POINT('',#4530);
#4530 = CARTESIAN_POINT('',(0.775,-1.3425,0.9));
#4531 = LINE('',#4532,#4533);
#4532 = CARTESIAN_POINT('',(0.775,1.3425,0.9));
#4533 = VECTOR('',#4534,1.);
#4534 = DIRECTION('',(1.110223024625E-16,-1.,0.));
#4535 = ORIENTED_EDGE('',*,*,#4536,.T.);
#4536 = EDGE_CURVE('',#4529,#4537,#4539,.T.);
#4537 = VERTEX_POINT('',#4538);
#4538 = CARTESIAN_POINT('',(0.683648457443,-1.296824228722,1.55));
#4539 = B_SPLINE_CURVE_WITH_KNOTS('',1,(#4540,#4541),.UNSPECIFIED.,.F.,
  .F.,(2,2),(0.,1.),.PIECEWISE_BEZIER_KNOTS.);
#4540 = CARTESIAN_POINT('',(0.775,-1.3425,0.9));
#4541 = CARTESIAN_POINT('',(0.683648457443,-1.296824228722,1.55));
#4542 = ORIENTED_EDGE('',*,*,#4543,.F.);
#4543 = EDGE_CURVE('',#4482,#4537,#4544,.T.);
#4544 = LINE('',#4545,#4546);
#4545 = CARTESIAN_POINT('',(0.683648457443,1.296824228722,1.55));
#4546 = VECTOR('',#4547,1.);
#4547 = DIRECTION('',(1.110223024625E-16,-1.,0.));
#4548 = ORIENTED_EDGE('',*,*,#4481,.F.);
#4549 = B_SPLINE_SURFACE_WITH_KNOTS('',1,1,(
    (#4550,#4551)
    ,(#4552,#4553
    )),.UNSPECIFIED.,.F.,.F.,.F.,(2,2),(2,2),(0.,2.685),(0.,1.),
  .PIECEWISE_BEZIER_KNOTS.);
#4550 = CARTESIAN_POINT('',(0.775,1.3425,0.9));
#4551 = CARTESIAN_POINT('',(0.683648457443,1.296824228722,1.55));
#4552 = CARTESIAN_POINT('',(0.775,-1.3425,0.9));
#4553 = CARTESIAN_POINT('',(0.683648457443,-1.296824228722,1.55));
#4554 = ADVANCED_FACE('',(#4555),#4587,.F.);
#4555 = FACE_BOUND('',#4556,.F.);
#4556 = EDGE_LOOP('',(#4557,#4565,#4573,#4579,#4585,#4586));
#4557 = ORIENTED_EDGE('',*,*,#4558,.F.);
#4558 = EDGE_CURVE('',#4559,#3821,#4561,.T.);
#4559 = VERTEX_POINT('',#4560);
#4560 = CARTESIAN_POINT('',(0.85,1.2,0.9));
#4561 = LINE('',#4562,#4563);
#4562 = CARTESIAN_POINT('',(0.85,1.2,0.9));
#4563 = VECTOR('',#4564,1.);
#4564 = DIRECTION('',(-1.,-1.110223024625E-16,0.));
#4565 = ORIENTED_EDGE('',*,*,#4566,.T.);
#4566 = EDGE_CURVE('',#4559,#4567,#4569,.T.);
#4567 = VERTEX_POINT('',#4568);
#4568 = CARTESIAN_POINT('',(0.85,0.7,0.9));
#4569 = LINE('',#4570,#4571);
#4570 = CARTESIAN_POINT('',(0.85,1.2,0.9));
#4571 = VECTOR('',#4572,1.);
#4572 = DIRECTION('',(1.110223024625E-16,-1.,0.));
#4573 = ORIENTED_EDGE('',*,*,#4574,.T.);
#4574 = EDGE_CURVE('',#4567,#4165,#4575,.T.);
#4575 = LINE('',#4576,#4577);
#4576 = CARTESIAN_POINT('',(0.85,0.7,0.9));
#4577 = VECTOR('',#4578,1.);
#4578 = DIRECTION('',(-1.,-1.110223024625E-16,0.));
#4579 = ORIENTED_EDGE('',*,*,#4580,.T.);
#4580 = EDGE_CURVE('',#4165,#4505,#4581,.T.);
#4581 = LINE('',#4582,#4583);
#4582 = CARTESIAN_POINT('',(0.85,0.7,0.9));
#4583 = VECTOR('',#4584,1.);
#4584 = DIRECTION('',(-1.,-1.110223024625E-16,0.));
#4585 = ORIENTED_EDGE('',*,*,#4504,.F.);
#4586 = ORIENTED_EDGE('',*,*,#3828,.F.);
#4587 = PLANE('',#4588);
#4588 = AXIS2_PLACEMENT_3D('',#4589,#4590,#4591);
#4589 = CARTESIAN_POINT('',(0.85,1.2,0.9));
#4590 = DIRECTION('',(0.,0.,-1.));
#4591 = DIRECTION('',(-1.,-1.110223024625E-16,-0.));
#4592 = ADVANCED_FACE('',(#4593),#4636,.F.);
#4593 = FACE_BOUND('',#4594,.F.);
#4594 = EDGE_LOOP('',(#4595,#4601,#4602,#4603,#4604,#4605,#4606,#4612,
    #4613,#4621,#4629,#4635));
#4595 = ORIENTED_EDGE('',*,*,#4596,.F.);
#4596 = EDGE_CURVE('',#4227,#4521,#4597,.T.);
#4597 = LINE('',#4598,#4599);
#4598 = CARTESIAN_POINT('',(0.85,-1.2,0.9));
#4599 = VECTOR('',#4600,1.);
#4600 = DIRECTION('',(-1.,-1.110223024625E-16,0.));
#4601 = ORIENTED_EDGE('',*,*,#4242,.T.);
#4602 = ORIENTED_EDGE('',*,*,#4287,.T.);
#4603 = ORIENTED_EDGE('',*,*,#4304,.T.);
#4604 = ORIENTED_EDGE('',*,*,#4258,.T.);
#4605 = ORIENTED_EDGE('',*,*,#3930,.T.);
#4606 = ORIENTED_EDGE('',*,*,#4607,.T.);
#4607 = EDGE_CURVE('',#3923,#4367,#4608,.T.);
#4608 = LINE('',#4609,#4610);
#4609 = CARTESIAN_POINT('',(-0.85,-1.2,0.9));
#4610 = VECTOR('',#4611,1.);
#4611 = DIRECTION('',(1.,-1.144237745222E-17,0.));
#4612 = ORIENTED_EDGE('',*,*,#4364,.F.);
#4613 = ORIENTED_EDGE('',*,*,#4614,.F.);
#4614 = EDGE_CURVE('',#4615,#4365,#4617,.T.);
#4615 = VERTEX_POINT('',#4616);
#4616 = CARTESIAN_POINT('',(-0.6925,-1.425,0.9));
#4617 = LINE('',#4618,#4619);
#4618 = CARTESIAN_POINT('',(-0.6925,-1.425,0.9));
#4619 = VECTOR('',#4620,1.);
#4620 = DIRECTION('',(-0.707106781187,0.707106781187,0.));
#4621 = ORIENTED_EDGE('',*,*,#4622,.F.);
#4622 = EDGE_CURVE('',#4623,#4615,#4625,.T.);
#4623 = VERTEX_POINT('',#4624);
#4624 = CARTESIAN_POINT('',(0.6925,-1.425,0.9));
#4625 = LINE('',#4626,#4627);
#4626 = CARTESIAN_POINT('',(0.6925,-1.425,0.9));
#4627 = VECTOR('',#4628,1.);
#4628 = DIRECTION('',(-1.,-1.110223024625E-16,0.));
#4629 = ORIENTED_EDGE('',*,*,#4630,.F.);
#4630 = EDGE_CURVE('',#4529,#4623,#4631,.T.);
#4631 = LINE('',#4632,#4633);
#4632 = CARTESIAN_POINT('',(0.775,-1.3425,0.9));
#4633 = VECTOR('',#4634,1.);
#4634 = DIRECTION('',(-0.707106781187,-0.707106781187,0.));
#4635 = ORIENTED_EDGE('',*,*,#4528,.F.);
#4636 = PLANE('',#4637);
#4637 = AXIS2_PLACEMENT_3D('',#4638,#4639,#4640);
#4638 = CARTESIAN_POINT('',(-2.091417030376E-16,1.4375,0.9));
#4639 = DIRECTION('',(4.595758349624E-18,6.551522493592E-27,-1.));
#4640 = DIRECTION('',(1.,1.51922136901E-16,4.595758349624E-18));
#4641 = ADVANCED_FACE('',(#4642),#4728,.F.);
#4642 = FACE_BOUND('',#4643,.F.);
#4643 = EDGE_LOOP('',(#4644,#4645,#4646,#4655,#4663,#4672,#4680,#4688,
    #4696,#4705,#4713,#4722));
#4644 = ORIENTED_EDGE('',*,*,#3922,.F.);
#4645 = ORIENTED_EDGE('',*,*,#3944,.T.);
#4646 = ORIENTED_EDGE('',*,*,#4647,.T.);
#4647 = EDGE_CURVE('',#3945,#4648,#4650,.T.);
#4648 = VERTEX_POINT('',#4649);
#4649 = CARTESIAN_POINT('',(-0.948480775301,-1.2,0.667364817767));
#4650 = CIRCLE('',#4651,0.1);
#4651 = AXIS2_PLACEMENT_3D('',#4652,#4653,#4654);
#4652 = CARTESIAN_POINT('',(-0.85,-1.2,0.65));
#4653 = DIRECTION('',(-1.144237745222E-17,-1.,0.));
#4654 = DIRECTION('',(0.,0.,1.));
#4655 = ORIENTED_EDGE('',*,*,#4656,.T.);
#4656 = EDGE_CURVE('',#4648,#4657,#4659,.T.);
#4657 = VERTEX_POINT('',#4658);
#4658 = CARTESIAN_POINT('',(-1.02432885403,-1.2,0.206587955583));
#4659 = LINE('',#4660,#4661);
#4660 = CARTESIAN_POINT('',(-0.948480775301,-1.2,0.667364817767));
#4661 = VECTOR('',#4662,1.);
#4662 = DIRECTION('',(-0.162423314012,1.858508865964E-18,-0.986721169868
    ));
#4663 = ORIENTED_EDGE('',*,*,#4664,.T.);
#4664 = EDGE_CURVE('',#4657,#4665,#4667,.T.);
#4665 = VERTEX_POINT('',#4666);
#4666 = CARTESIAN_POINT('',(-1.270530792283,-1.2,0.));
#4667 = CIRCLE('',#4668,0.25);
#4668 = AXIS2_PLACEMENT_3D('',#4669,#4670,#4671);
#4669 = CARTESIAN_POINT('',(-1.270530792283,-1.2,0.25));
#4670 = DIRECTION('',(1.144237745222E-17,1.,1.24725095109E-33));
#4671 = DIRECTION('',(0.984807753012,-1.126854202784E-17,-0.173648177667
    ));
#4672 = ORIENTED_EDGE('',*,*,#4673,.T.);
#4673 = EDGE_CURVE('',#4665,#4674,#4676,.T.);
#4674 = VERTEX_POINT('',#4675);
#4675 = CARTESIAN_POINT('',(-1.4,-1.2,0.));
#4676 = LINE('',#4677,#4678);
#4677 = CARTESIAN_POINT('',(-1.270530792283,-1.2,0.));
#4678 = VECTOR('',#4679,1.);
#4679 = DIRECTION('',(-1.,1.144237745222E-17,0.));
#4680 = ORIENTED_EDGE('',*,*,#4681,.T.);
#4681 = EDGE_CURVE('',#4674,#4682,#4684,.T.);
#4682 = VERTEX_POINT('',#4683);
#4683 = CARTESIAN_POINT('',(-1.4,-1.2,0.15));
#4684 = LINE('',#4685,#4686);
#4685 = CARTESIAN_POINT('',(-1.4,-1.2,0.));
#4686 = VECTOR('',#4687,1.);
#4687 = DIRECTION('',(0.,0.,1.));
#4688 = ORIENTED_EDGE('',*,*,#4689,.T.);
#4689 = EDGE_CURVE('',#4682,#4690,#4692,.T.);
#4690 = VERTEX_POINT('',#4691);
#4691 = CARTESIAN_POINT('',(-1.270530792283,-1.2,0.15));
#4692 = LINE('',#4693,#4694);
#4693 = CARTESIAN_POINT('',(-1.4,-1.2,0.15));
#4694 = VECTOR('',#4695,1.);
#4695 = DIRECTION('',(1.,-1.144237745222E-17,0.));
#4696 = ORIENTED_EDGE('',*,*,#4697,.T.);
#4697 = EDGE_CURVE('',#4690,#4698,#4700,.T.);
#4698 = VERTEX_POINT('',#4699);
#4699 = CARTESIAN_POINT('',(-1.172050016982,-1.2,0.232635182233));
#4700 = CIRCLE('',#4701,0.1);
#4701 = AXIS2_PLACEMENT_3D('',#4702,#4703,#4704);
#4702 = CARTESIAN_POINT('',(-1.270530792283,-1.2,0.25));
#4703 = DIRECTION('',(-1.144237745222E-17,-1.,1.855131475086E-48));
#4704 = DIRECTION('',(-2.22044604925E-15,2.540718180781E-32,-1.));
#4705 = ORIENTED_EDGE('',*,*,#4706,.T.);
#4706 = EDGE_CURVE('',#4698,#4707,#4709,.T.);
#4707 = VERTEX_POINT('',#4708);
#4708 = CARTESIAN_POINT('',(-1.096201938253,-1.2,0.693412044417));
#4709 = LINE('',#4710,#4711);
#4710 = CARTESIAN_POINT('',(-1.172050016982,-1.2,0.232635182233));
#4711 = VECTOR('',#4712,1.);
#4712 = DIRECTION('',(0.162423314012,-1.858508865964E-18,0.986721169868)
  );
#4713 = ORIENTED_EDGE('',*,*,#4714,.T.);
#4714 = EDGE_CURVE('',#4707,#4715,#4717,.T.);
#4715 = VERTEX_POINT('',#4716);
#4716 = CARTESIAN_POINT('',(-0.85,-1.2,0.9));
#4717 = CIRCLE('',#4718,0.25);
#4718 = AXIS2_PLACEMENT_3D('',#4719,#4720,#4721);
#4719 = CARTESIAN_POINT('',(-0.85,-1.2,0.65));
#4720 = DIRECTION('',(1.144237745222E-17,1.,8.679168028915E-34));
#4721 = DIRECTION('',(-0.984807753012,1.126854202784E-17,0.173648177667)
  );
#4722 = ORIENTED_EDGE('',*,*,#4723,.T.);
#4723 = EDGE_CURVE('',#4715,#3923,#4724,.T.);
#4724 = LINE('',#4725,#4726);
#4725 = CARTESIAN_POINT('',(-0.85,-1.2,0.9));
#4726 = VECTOR('',#4727,1.);
#4727 = DIRECTION('',(1.,-1.144237745222E-17,0.));
#4728 = PLANE('',#4729);
#4729 = AXIS2_PLACEMENT_3D('',#4730,#4731,#4732);
#4730 = CARTESIAN_POINT('',(-1.069123385139,-1.2,0.441695635315));
#4731 = DIRECTION('',(1.144237745222E-17,1.,0.));
#4732 = DIRECTION('',(0.,-0.,1.));
#4733 = ADVANCED_FACE('',(#4734),#4753,.F.);
#4734 = FACE_BOUND('',#4735,.F.);
#4735 = EDGE_LOOP('',(#4736,#4737,#4746,#4752));
#4736 = ORIENTED_EDGE('',*,*,#3961,.T.);
#4737 = ORIENTED_EDGE('',*,*,#4738,.T.);
#4738 = EDGE_CURVE('',#3954,#4739,#4741,.T.);
#4739 = VERTEX_POINT('',#4740);
#4740 = CARTESIAN_POINT('',(-0.948480775301,-0.7,0.667364817767));
#4741 = CIRCLE('',#4742,0.1);
#4742 = AXIS2_PLACEMENT_3D('',#4743,#4744,#4745);
#4743 = CARTESIAN_POINT('',(-0.85,-0.7,0.65));
#4744 = DIRECTION('',(-1.144237745222E-17,-1.,0.));
#4745 = DIRECTION('',(0.,0.,1.));
#4746 = ORIENTED_EDGE('',*,*,#4747,.F.);
#4747 = EDGE_CURVE('',#4648,#4739,#4748,.T.);
#4748 = LINE('',#4749,#4750);
#4749 = CARTESIAN_POINT('',(-0.948480775301,-1.2,0.667364817767));
#4750 = VECTOR('',#4751,1.);
#4751 = DIRECTION('',(1.144237745222E-17,1.,0.));
#4752 = ORIENTED_EDGE('',*,*,#4647,.F.);
#4753 = CYLINDRICAL_SURFACE('',#4754,0.1);
#4754 = AXIS2_PLACEMENT_3D('',#4755,#4756,#4757);
#4755 = CARTESIAN_POINT('',(-0.85,-1.2,0.65));
#4756 = DIRECTION('',(-1.144237745222E-17,-1.,0.));
#4757 = DIRECTION('',(0.,0.,1.));
#4758 = ADVANCED_FACE('',(#4759),#4837,.T.);
#4759 = FACE_BOUND('',#4760,.T.);
#4760 = EDGE_LOOP('',(#4761,#4762,#4763,#4764,#4772,#4781,#4789,#4797,
    #4805,#4814,#4822,#4831));
#4761 = ORIENTED_EDGE('',*,*,#3975,.F.);
#4762 = ORIENTED_EDGE('',*,*,#3953,.T.);
#4763 = ORIENTED_EDGE('',*,*,#4738,.T.);
#4764 = ORIENTED_EDGE('',*,*,#4765,.T.);
#4765 = EDGE_CURVE('',#4739,#4766,#4768,.T.);
#4766 = VERTEX_POINT('',#4767);
#4767 = CARTESIAN_POINT('',(-1.02432885403,-0.7,0.206587955583));
#4768 = LINE('',#4769,#4770);
#4769 = CARTESIAN_POINT('',(-0.948480775301,-0.7,0.667364817767));
#4770 = VECTOR('',#4771,1.);
#4771 = DIRECTION('',(-0.162423314012,1.858508865964E-18,-0.986721169868
    ));
#4772 = ORIENTED_EDGE('',*,*,#4773,.T.);
#4773 = EDGE_CURVE('',#4766,#4774,#4776,.T.);
#4774 = VERTEX_POINT('',#4775);
#4775 = CARTESIAN_POINT('',(-1.270530792283,-0.7,0.));
#4776 = CIRCLE('',#4777,0.25);
#4777 = AXIS2_PLACEMENT_3D('',#4778,#4779,#4780);
#4778 = CARTESIAN_POINT('',(-1.270530792283,-0.7,0.25));
#4779 = DIRECTION('',(1.144237745222E-17,1.,1.24725095109E-33));
#4780 = DIRECTION('',(0.984807753012,-1.126854202784E-17,-0.173648177667
    ));
#4781 = ORIENTED_EDGE('',*,*,#4782,.T.);
#4782 = EDGE_CURVE('',#4774,#4783,#4785,.T.);
#4783 = VERTEX_POINT('',#4784);
#4784 = CARTESIAN_POINT('',(-1.4,-0.7,0.));
#4785 = LINE('',#4786,#4787);
#4786 = CARTESIAN_POINT('',(-1.270530792283,-0.7,0.));
#4787 = VECTOR('',#4788,1.);
#4788 = DIRECTION('',(-1.,1.144237745222E-17,0.));
#4789 = ORIENTED_EDGE('',*,*,#4790,.T.);
#4790 = EDGE_CURVE('',#4783,#4791,#4793,.T.);
#4791 = VERTEX_POINT('',#4792);
#4792 = CARTESIAN_POINT('',(-1.4,-0.7,0.15));
#4793 = LINE('',#4794,#4795);
#4794 = CARTESIAN_POINT('',(-1.4,-0.7,0.));
#4795 = VECTOR('',#4796,1.);
#4796 = DIRECTION('',(0.,0.,1.));
#4797 = ORIENTED_EDGE('',*,*,#4798,.T.);
#4798 = EDGE_CURVE('',#4791,#4799,#4801,.T.);
#4799 = VERTEX_POINT('',#4800);
#4800 = CARTESIAN_POINT('',(-1.270530792283,-0.7,0.15));
#4801 = LINE('',#4802,#4803);
#4802 = CARTESIAN_POINT('',(-1.4,-0.7,0.15));
#4803 = VECTOR('',#4804,1.);
#4804 = DIRECTION('',(1.,-1.144237745222E-17,0.));
#4805 = ORIENTED_EDGE('',*,*,#4806,.T.);
#4806 = EDGE_CURVE('',#4799,#4807,#4809,.T.);
#4807 = VERTEX_POINT('',#4808);
#4808 = CARTESIAN_POINT('',(-1.172050016982,-0.7,0.232635182233));
#4809 = CIRCLE('',#4810,0.1);
#4810 = AXIS2_PLACEMENT_3D('',#4811,#4812,#4813);
#4811 = CARTESIAN_POINT('',(-1.270530792283,-0.7,0.25));
#4812 = DIRECTION('',(-1.144237745222E-17,-1.,1.855131475086E-48));
#4813 = DIRECTION('',(-2.22044604925E-15,2.540718180781E-32,-1.));
#4814 = ORIENTED_EDGE('',*,*,#4815,.T.);
#4815 = EDGE_CURVE('',#4807,#4816,#4818,.T.);
#4816 = VERTEX_POINT('',#4817);
#4817 = CARTESIAN_POINT('',(-1.096201938253,-0.7,0.693412044417));
#4818 = LINE('',#4819,#4820);
#4819 = CARTESIAN_POINT('',(-1.172050016982,-0.7,0.232635182233));
#4820 = VECTOR('',#4821,1.);
#4821 = DIRECTION('',(0.162423314012,-1.858508865964E-18,0.986721169868)
  );
#4822 = ORIENTED_EDGE('',*,*,#4823,.T.);
#4823 = EDGE_CURVE('',#4816,#4824,#4826,.T.);
#4824 = VERTEX_POINT('',#4825);
#4825 = CARTESIAN_POINT('',(-0.85,-0.7,0.9));
#4826 = CIRCLE('',#4827,0.25);
#4827 = AXIS2_PLACEMENT_3D('',#4828,#4829,#4830);
#4828 = CARTESIAN_POINT('',(-0.85,-0.7,0.65));
#4829 = DIRECTION('',(1.144237745222E-17,1.,8.679168028915E-34));
#4830 = DIRECTION('',(-0.984807753012,1.126854202784E-17,0.173648177667)
  );
#4831 = ORIENTED_EDGE('',*,*,#4832,.T.);
#4832 = EDGE_CURVE('',#4824,#3976,#4833,.T.);
#4833 = LINE('',#4834,#4835);
#4834 = CARTESIAN_POINT('',(-0.85,-0.7,0.9));
#4835 = VECTOR('',#4836,1.);
#4836 = DIRECTION('',(1.,-1.144237745222E-17,0.));
#4837 = PLANE('',#4838);
#4838 = AXIS2_PLACEMENT_3D('',#4839,#4840,#4841);
#4839 = CARTESIAN_POINT('',(-1.069123385139,-0.7,0.441695635315));
#4840 = DIRECTION('',(1.144237745222E-17,1.,0.));
#4841 = DIRECTION('',(0.,-0.,1.));
#4842 = ADVANCED_FACE('',(#4843),#4859,.F.);
#4843 = FACE_BOUND('',#4844,.F.);
#4844 = EDGE_LOOP('',(#4845,#4846,#4852,#4853));
#4845 = ORIENTED_EDGE('',*,*,#3992,.T.);
#4846 = ORIENTED_EDGE('',*,*,#4847,.T.);
#4847 = EDGE_CURVE('',#3985,#4383,#4848,.T.);
#4848 = LINE('',#4849,#4850);
#4849 = CARTESIAN_POINT('',(-0.85,-0.25,0.9));
#4850 = VECTOR('',#4851,1.);
#4851 = DIRECTION('',(1.,-1.144237745222E-17,0.));
#4852 = ORIENTED_EDGE('',*,*,#4382,.F.);
#4853 = ORIENTED_EDGE('',*,*,#4854,.F.);
#4854 = EDGE_CURVE('',#3976,#4375,#4855,.T.);
#4855 = LINE('',#4856,#4857);
#4856 = CARTESIAN_POINT('',(-0.85,-0.7,0.9));
#4857 = VECTOR('',#4858,1.);
#4858 = DIRECTION('',(1.,-1.144237745222E-17,0.));
#4859 = PLANE('',#4860);
#4860 = AXIS2_PLACEMENT_3D('',#4861,#4862,#4863);
#4861 = CARTESIAN_POINT('',(-2.091417030376E-16,1.4375,0.9));
#4862 = DIRECTION('',(4.595758349624E-18,6.551522493592E-27,-1.));
#4863 = DIRECTION('',(1.,1.51922136901E-16,4.595758349624E-18));
#4864 = ADVANCED_FACE('',(#4865),#4951,.F.);
#4865 = FACE_BOUND('',#4866,.F.);
#4866 = EDGE_LOOP('',(#4867,#4868,#4869,#4878,#4886,#4895,#4903,#4911,
    #4919,#4928,#4936,#4945));
#4867 = ORIENTED_EDGE('',*,*,#3984,.F.);
#4868 = ORIENTED_EDGE('',*,*,#4006,.T.);
#4869 = ORIENTED_EDGE('',*,*,#4870,.T.);
#4870 = EDGE_CURVE('',#4007,#4871,#4873,.T.);
#4871 = VERTEX_POINT('',#4872);
#4872 = CARTESIAN_POINT('',(-0.948480775301,-0.25,0.667364817767));
#4873 = CIRCLE('',#4874,0.1);
#4874 = AXIS2_PLACEMENT_3D('',#4875,#4876,#4877);
#4875 = CARTESIAN_POINT('',(-0.85,-0.25,0.65));
#4876 = DIRECTION('',(-1.144237745222E-17,-1.,0.));
#4877 = DIRECTION('',(0.,0.,1.));
#4878 = ORIENTED_EDGE('',*,*,#4879,.T.);
#4879 = EDGE_CURVE('',#4871,#4880,#4882,.T.);
#4880 = VERTEX_POINT('',#4881);
#4881 = CARTESIAN_POINT('',(-1.02432885403,-0.25,0.206587955583));
#4882 = LINE('',#4883,#4884);
#4883 = CARTESIAN_POINT('',(-0.948480775301,-0.25,0.667364817767));
#4884 = VECTOR('',#4885,1.);
#4885 = DIRECTION('',(-0.162423314012,1.858508865964E-18,-0.986721169868
    ));
#4886 = ORIENTED_EDGE('',*,*,#4887,.T.);
#4887 = EDGE_CURVE('',#4880,#4888,#4890,.T.);
#4888 = VERTEX_POINT('',#4889);
#4889 = CARTESIAN_POINT('',(-1.270530792283,-0.25,0.));
#4890 = CIRCLE('',#4891,0.25);
#4891 = AXIS2_PLACEMENT_3D('',#4892,#4893,#4894);
#4892 = CARTESIAN_POINT('',(-1.270530792283,-0.25,0.25));
#4893 = DIRECTION('',(1.144237745222E-17,1.,1.24725095109E-33));
#4894 = DIRECTION('',(0.984807753012,-1.126854202784E-17,-0.173648177667
    ));
#4895 = ORIENTED_EDGE('',*,*,#4896,.T.);
#4896 = EDGE_CURVE('',#4888,#4897,#4899,.T.);
#4897 = VERTEX_POINT('',#4898);
#4898 = CARTESIAN_POINT('',(-1.4,-0.25,0.));
#4899 = LINE('',#4900,#4901);
#4900 = CARTESIAN_POINT('',(-1.270530792283,-0.25,0.));
#4901 = VECTOR('',#4902,1.);
#4902 = DIRECTION('',(-1.,1.144237745222E-17,0.));
#4903 = ORIENTED_EDGE('',*,*,#4904,.T.);
#4904 = EDGE_CURVE('',#4897,#4905,#4907,.T.);
#4905 = VERTEX_POINT('',#4906);
#4906 = CARTESIAN_POINT('',(-1.4,-0.25,0.15));
#4907 = LINE('',#4908,#4909);
#4908 = CARTESIAN_POINT('',(-1.4,-0.25,0.));
#4909 = VECTOR('',#4910,1.);
#4910 = DIRECTION('',(0.,0.,1.));
#4911 = ORIENTED_EDGE('',*,*,#4912,.T.);
#4912 = EDGE_CURVE('',#4905,#4913,#4915,.T.);
#4913 = VERTEX_POINT('',#4914);
#4914 = CARTESIAN_POINT('',(-1.270530792283,-0.25,0.15));
#4915 = LINE('',#4916,#4917);
#4916 = CARTESIAN_POINT('',(-1.4,-0.25,0.15));
#4917 = VECTOR('',#4918,1.);
#4918 = DIRECTION('',(1.,-1.144237745222E-17,0.));
#4919 = ORIENTED_EDGE('',*,*,#4920,.T.);
#4920 = EDGE_CURVE('',#4913,#4921,#4923,.T.);
#4921 = VERTEX_POINT('',#4922);
#4922 = CARTESIAN_POINT('',(-1.172050016982,-0.25,0.232635182233));
#4923 = CIRCLE('',#4924,0.1);
#4924 = AXIS2_PLACEMENT_3D('',#4925,#4926,#4927);
#4925 = CARTESIAN_POINT('',(-1.270530792283,-0.25,0.25));
#4926 = DIRECTION('',(-1.144237745222E-17,-1.,1.855131475086E-48));
#4927 = DIRECTION('',(-2.22044604925E-15,2.540718180781E-32,-1.));
#4928 = ORIENTED_EDGE('',*,*,#4929,.T.);
#4929 = EDGE_CURVE('',#4921,#4930,#4932,.T.);
#4930 = VERTEX_POINT('',#4931);
#4931 = CARTESIAN_POINT('',(-1.096201938253,-0.25,0.693412044417));
#4932 = LINE('',#4933,#4934);
#4933 = CARTESIAN_POINT('',(-1.172050016982,-0.25,0.232635182233));
#4934 = VECTOR('',#4935,1.);
#4935 = DIRECTION('',(0.162423314012,-1.858508865964E-18,0.986721169868)
  );
#4936 = ORIENTED_EDGE('',*,*,#4937,.T.);
#4937 = EDGE_CURVE('',#4930,#4938,#4940,.T.);
#4938 = VERTEX_POINT('',#4939);
#4939 = CARTESIAN_POINT('',(-0.85,-0.25,0.9));
#4940 = CIRCLE('',#4941,0.25);
#4941 = AXIS2_PLACEMENT_3D('',#4942,#4943,#4944);
#4942 = CARTESIAN_POINT('',(-0.85,-0.25,0.65));
#4943 = DIRECTION('',(1.144237745222E-17,1.,8.679168028915E-34));
#4944 = DIRECTION('',(-0.984807753012,1.126854202784E-17,0.173648177667)
  );
#4945 = ORIENTED_EDGE('',*,*,#4946,.T.);
#4946 = EDGE_CURVE('',#4938,#3985,#4947,.T.);
#4947 = LINE('',#4948,#4949);
#4948 = CARTESIAN_POINT('',(-0.85,-0.25,0.9));
#4949 = VECTOR('',#4950,1.);
#4950 = DIRECTION('',(1.,-1.144237745222E-17,0.));
#4951 = PLANE('',#4952);
#4952 = AXIS2_PLACEMENT_3D('',#4953,#4954,#4955);
#4953 = CARTESIAN_POINT('',(-1.069123385139,-0.25,0.441695635315));
#4954 = DIRECTION('',(1.144237745222E-17,1.,0.));
#4955 = DIRECTION('',(0.,-0.,1.));
#4956 = ADVANCED_FACE('',(#4957),#4976,.F.);
#4957 = FACE_BOUND('',#4958,.F.);
#4958 = EDGE_LOOP('',(#4959,#4960,#4969,#4975));
#4959 = ORIENTED_EDGE('',*,*,#4023,.T.);
#4960 = ORIENTED_EDGE('',*,*,#4961,.T.);
#4961 = EDGE_CURVE('',#4016,#4962,#4964,.T.);
#4962 = VERTEX_POINT('',#4963);
#4963 = CARTESIAN_POINT('',(-0.948480775301,0.25,0.667364817767));
#4964 = CIRCLE('',#4965,0.1);
#4965 = AXIS2_PLACEMENT_3D('',#4966,#4967,#4968);
#4966 = CARTESIAN_POINT('',(-0.85,0.25,0.65));
#4967 = DIRECTION('',(-1.144237745222E-17,-1.,0.));
#4968 = DIRECTION('',(0.,0.,1.));
#4969 = ORIENTED_EDGE('',*,*,#4970,.F.);
#4970 = EDGE_CURVE('',#4871,#4962,#4971,.T.);
#4971 = LINE('',#4972,#4973);
#4972 = CARTESIAN_POINT('',(-0.948480775301,-0.25,0.667364817767));
#4973 = VECTOR('',#4974,1.);
#4974 = DIRECTION('',(1.144237745222E-17,1.,0.));
#4975 = ORIENTED_EDGE('',*,*,#4870,.F.);
#4976 = CYLINDRICAL_SURFACE('',#4977,0.1);
#4977 = AXIS2_PLACEMENT_3D('',#4978,#4979,#4980);
#4978 = CARTESIAN_POINT('',(-0.85,-0.25,0.65));
#4979 = DIRECTION('',(-1.144237745222E-17,-1.,0.));
#4980 = DIRECTION('',(0.,0.,1.));
#4981 = ADVANCED_FACE('',(#4982),#5060,.T.);
#4982 = FACE_BOUND('',#4983,.T.);
#4983 = EDGE_LOOP('',(#4984,#4985,#4986,#4987,#4995,#5004,#5012,#5020,
    #5028,#5037,#5045,#5054));
#4984 = ORIENTED_EDGE('',*,*,#4037,.F.);
#4985 = ORIENTED_EDGE('',*,*,#4015,.T.);
#4986 = ORIENTED_EDGE('',*,*,#4961,.T.);
#4987 = ORIENTED_EDGE('',*,*,#4988,.T.);
#4988 = EDGE_CURVE('',#4962,#4989,#4991,.T.);
#4989 = VERTEX_POINT('',#4990);
#4990 = CARTESIAN_POINT('',(-1.02432885403,0.25,0.206587955583));
#4991 = LINE('',#4992,#4993);
#4992 = CARTESIAN_POINT('',(-0.948480775301,0.25,0.667364817767));
#4993 = VECTOR('',#4994,1.);
#4994 = DIRECTION('',(-0.162423314012,1.858508865964E-18,-0.986721169868
    ));
#4995 = ORIENTED_EDGE('',*,*,#4996,.T.);
#4996 = EDGE_CURVE('',#4989,#4997,#4999,.T.);
#4997 = VERTEX_POINT('',#4998);
#4998 = CARTESIAN_POINT('',(-1.270530792283,0.25,0.));
#4999 = CIRCLE('',#5000,0.25);
#5000 = AXIS2_PLACEMENT_3D('',#5001,#5002,#5003);
#5001 = CARTESIAN_POINT('',(-1.270530792283,0.25,0.25));
#5002 = DIRECTION('',(1.144237745222E-17,1.,1.24725095109E-33));
#5003 = DIRECTION('',(0.984807753012,-1.126854202784E-17,-0.173648177667
    ));
#5004 = ORIENTED_EDGE('',*,*,#5005,.T.);
#5005 = EDGE_CURVE('',#4997,#5006,#5008,.T.);
#5006 = VERTEX_POINT('',#5007);
#5007 = CARTESIAN_POINT('',(-1.4,0.25,0.));
#5008 = LINE('',#5009,#5010);
#5009 = CARTESIAN_POINT('',(-1.270530792283,0.25,0.));
#5010 = VECTOR('',#5011,1.);
#5011 = DIRECTION('',(-1.,1.144237745222E-17,0.));
#5012 = ORIENTED_EDGE('',*,*,#5013,.T.);
#5013 = EDGE_CURVE('',#5006,#5014,#5016,.T.);
#5014 = VERTEX_POINT('',#5015);
#5015 = CARTESIAN_POINT('',(-1.4,0.25,0.15));
#5016 = LINE('',#5017,#5018);
#5017 = CARTESIAN_POINT('',(-1.4,0.25,0.));
#5018 = VECTOR('',#5019,1.);
#5019 = DIRECTION('',(0.,0.,1.));
#5020 = ORIENTED_EDGE('',*,*,#5021,.T.);
#5021 = EDGE_CURVE('',#5014,#5022,#5024,.T.);
#5022 = VERTEX_POINT('',#5023);
#5023 = CARTESIAN_POINT('',(-1.270530792283,0.25,0.15));
#5024 = LINE('',#5025,#5026);
#5025 = CARTESIAN_POINT('',(-1.4,0.25,0.15));
#5026 = VECTOR('',#5027,1.);
#5027 = DIRECTION('',(1.,-1.144237745222E-17,0.));
#5028 = ORIENTED_EDGE('',*,*,#5029,.T.);
#5029 = EDGE_CURVE('',#5022,#5030,#5032,.T.);
#5030 = VERTEX_POINT('',#5031);
#5031 = CARTESIAN_POINT('',(-1.172050016982,0.25,0.232635182233));
#5032 = CIRCLE('',#5033,0.1);
#5033 = AXIS2_PLACEMENT_3D('',#5034,#5035,#5036);
#5034 = CARTESIAN_POINT('',(-1.270530792283,0.25,0.25));
#5035 = DIRECTION('',(-1.144237745222E-17,-1.,1.855131475086E-48));
#5036 = DIRECTION('',(-2.22044604925E-15,2.540718180781E-32,-1.));
#5037 = ORIENTED_EDGE('',*,*,#5038,.T.);
#5038 = EDGE_CURVE('',#5030,#5039,#5041,.T.);
#5039 = VERTEX_POINT('',#5040);
#5040 = CARTESIAN_POINT('',(-1.096201938253,0.25,0.693412044417));
#5041 = LINE('',#5042,#5043);
#5042 = CARTESIAN_POINT('',(-1.172050016982,0.25,0.232635182233));
#5043 = VECTOR('',#5044,1.);
#5044 = DIRECTION('',(0.162423314012,-1.858508865964E-18,0.986721169868)
  );
#5045 = ORIENTED_EDGE('',*,*,#5046,.T.);
#5046 = EDGE_CURVE('',#5039,#5047,#5049,.T.);
#5047 = VERTEX_POINT('',#5048);
#5048 = CARTESIAN_POINT('',(-0.85,0.25,0.9));
#5049 = CIRCLE('',#5050,0.25);
#5050 = AXIS2_PLACEMENT_3D('',#5051,#5052,#5053);
#5051 = CARTESIAN_POINT('',(-0.85,0.25,0.65));
#5052 = DIRECTION('',(1.144237745222E-17,1.,8.679168028915E-34));
#5053 = DIRECTION('',(-0.984807753012,1.126854202784E-17,0.173648177667)
  );
#5054 = ORIENTED_EDGE('',*,*,#5055,.T.);
#5055 = EDGE_CURVE('',#5047,#4038,#5056,.T.);
#5056 = LINE('',#5057,#5058);
#5057 = CARTESIAN_POINT('',(-0.85,0.25,0.9));
#5058 = VECTOR('',#5059,1.);
#5059 = DIRECTION('',(1.,-1.144237745222E-17,0.));
#5060 = PLANE('',#5061);
#5061 = AXIS2_PLACEMENT_3D('',#5062,#5063,#5064);
#5062 = CARTESIAN_POINT('',(-1.069123385139,0.25,0.441695635315));
#5063 = DIRECTION('',(1.144237745222E-17,1.,0.));
#5064 = DIRECTION('',(0.,-0.,1.));
#5065 = ADVANCED_FACE('',(#5066),#5077,.F.);
#5066 = FACE_BOUND('',#5067,.F.);
#5067 = EDGE_LOOP('',(#5068,#5069,#5070,#5071));
#5068 = ORIENTED_EDGE('',*,*,#4054,.T.);
#5069 = ORIENTED_EDGE('',*,*,#4350,.T.);
#5070 = ORIENTED_EDGE('',*,*,#4398,.F.);
#5071 = ORIENTED_EDGE('',*,*,#5072,.F.);
#5072 = EDGE_CURVE('',#4038,#4391,#5073,.T.);
#5073 = LINE('',#5074,#5075);
#5074 = CARTESIAN_POINT('',(-0.85,0.25,0.9));
#5075 = VECTOR('',#5076,1.);
#5076 = DIRECTION('',(1.,-1.144237745222E-17,0.));
#5077 = PLANE('',#5078);
#5078 = AXIS2_PLACEMENT_3D('',#5079,#5080,#5081);
#5079 = CARTESIAN_POINT('',(-2.091417030376E-16,1.4375,0.9));
#5080 = DIRECTION('',(4.595758349624E-18,6.551522493592E-27,-1.));
#5081 = DIRECTION('',(1.,1.51922136901E-16,4.595758349624E-18));
#5082 = ADVANCED_FACE('',(#5083),#5162,.F.);
#5083 = FACE_BOUND('',#5084,.F.);
#5084 = EDGE_LOOP('',(#5085,#5086,#5087,#5096,#5104,#5113,#5121,#5129,
    #5137,#5146,#5154,#5161));
#5085 = ORIENTED_EDGE('',*,*,#4046,.F.);
#5086 = ORIENTED_EDGE('',*,*,#4068,.T.);
#5087 = ORIENTED_EDGE('',*,*,#5088,.T.);
#5088 = EDGE_CURVE('',#4069,#5089,#5091,.T.);
#5089 = VERTEX_POINT('',#5090);
#5090 = CARTESIAN_POINT('',(-0.948480775301,0.7,0.667364817767));
#5091 = CIRCLE('',#5092,0.1);
#5092 = AXIS2_PLACEMENT_3D('',#5093,#5094,#5095);
#5093 = CARTESIAN_POINT('',(-0.85,0.7,0.65));
#5094 = DIRECTION('',(-1.144237745222E-17,-1.,0.));
#5095 = DIRECTION('',(0.,0.,1.));
#5096 = ORIENTED_EDGE('',*,*,#5097,.T.);
#5097 = EDGE_CURVE('',#5089,#5098,#5100,.T.);
#5098 = VERTEX_POINT('',#5099);
#5099 = CARTESIAN_POINT('',(-1.02432885403,0.7,0.206587955583));
#5100 = LINE('',#5101,#5102);
#5101 = CARTESIAN_POINT('',(-0.948480775301,0.7,0.667364817767));
#5102 = VECTOR('',#5103,1.);
#5103 = DIRECTION('',(-0.162423314012,1.858508865964E-18,-0.986721169868
    ));
#5104 = ORIENTED_EDGE('',*,*,#5105,.T.);
#5105 = EDGE_CURVE('',#5098,#5106,#5108,.T.);
#5106 = VERTEX_POINT('',#5107);
#5107 = CARTESIAN_POINT('',(-1.270530792283,0.7,0.));
#5108 = CIRCLE('',#5109,0.25);
#5109 = AXIS2_PLACEMENT_3D('',#5110,#5111,#5112);
#5110 = CARTESIAN_POINT('',(-1.270530792283,0.7,0.25));
#5111 = DIRECTION('',(1.144237745222E-17,1.,1.24725095109E-33));
#5112 = DIRECTION('',(0.984807753012,-1.126854202784E-17,-0.173648177667
    ));
#5113 = ORIENTED_EDGE('',*,*,#5114,.T.);
#5114 = EDGE_CURVE('',#5106,#5115,#5117,.T.);
#5115 = VERTEX_POINT('',#5116);
#5116 = CARTESIAN_POINT('',(-1.4,0.7,0.));
#5117 = LINE('',#5118,#5119);
#5118 = CARTESIAN_POINT('',(-1.270530792283,0.7,0.));
#5119 = VECTOR('',#5120,1.);
#5120 = DIRECTION('',(-1.,1.144237745222E-17,0.));
#5121 = ORIENTED_EDGE('',*,*,#5122,.T.);
#5122 = EDGE_CURVE('',#5115,#5123,#5125,.T.);
#5123 = VERTEX_POINT('',#5124);
#5124 = CARTESIAN_POINT('',(-1.4,0.7,0.15));
#5125 = LINE('',#5126,#5127);
#5126 = CARTESIAN_POINT('',(-1.4,0.7,0.));
#5127 = VECTOR('',#5128,1.);
#5128 = DIRECTION('',(0.,0.,1.));
#5129 = ORIENTED_EDGE('',*,*,#5130,.T.);
#5130 = EDGE_CURVE('',#5123,#5131,#5133,.T.);
#5131 = VERTEX_POINT('',#5132);
#5132 = CARTESIAN_POINT('',(-1.270530792283,0.7,0.15));
#5133 = LINE('',#5134,#5135);
#5134 = CARTESIAN_POINT('',(-1.4,0.7,0.15));
#5135 = VECTOR('',#5136,1.);
#5136 = DIRECTION('',(1.,-1.144237745222E-17,0.));
#5137 = ORIENTED_EDGE('',*,*,#5138,.T.);
#5138 = EDGE_CURVE('',#5131,#5139,#5141,.T.);
#5139 = VERTEX_POINT('',#5140);
#5140 = CARTESIAN_POINT('',(-1.172050016982,0.7,0.232635182233));
#5141 = CIRCLE('',#5142,0.1);
#5142 = AXIS2_PLACEMENT_3D('',#5143,#5144,#5145);
#5143 = CARTESIAN_POINT('',(-1.270530792283,0.7,0.25));
#5144 = DIRECTION('',(-1.144237745222E-17,-1.,1.855131475086E-48));
#5145 = DIRECTION('',(-2.22044604925E-15,2.540718180781E-32,-1.));
#5146 = ORIENTED_EDGE('',*,*,#5147,.T.);
#5147 = EDGE_CURVE('',#5139,#5148,#5150,.T.);
#5148 = VERTEX_POINT('',#5149);
#5149 = CARTESIAN_POINT('',(-1.096201938253,0.7,0.693412044417));
#5150 = LINE('',#5151,#5152);
#5151 = CARTESIAN_POINT('',(-1.172050016982,0.7,0.232635182233));
#5152 = VECTOR('',#5153,1.);
#5153 = DIRECTION('',(0.162423314012,-1.858508865964E-18,0.986721169868)
  );
#5154 = ORIENTED_EDGE('',*,*,#5155,.T.);
#5155 = EDGE_CURVE('',#5148,#4320,#5156,.T.);
#5156 = CIRCLE('',#5157,0.25);
#5157 = AXIS2_PLACEMENT_3D('',#5158,#5159,#5160);
#5158 = CARTESIAN_POINT('',(-0.85,0.7,0.65));
#5159 = DIRECTION('',(1.144237745222E-17,1.,8.679168028915E-34));
#5160 = DIRECTION('',(-0.984807753012,1.126854202784E-17,0.173648177667)
  );
#5161 = ORIENTED_EDGE('',*,*,#4319,.T.);
#5162 = PLANE('',#5163);
#5163 = AXIS2_PLACEMENT_3D('',#5164,#5165,#5166);
#5164 = CARTESIAN_POINT('',(-1.069123385139,0.7,0.441695635315));
#5165 = DIRECTION('',(1.144237745222E-17,1.,0.));
#5166 = DIRECTION('',(0.,-0.,1.));
#5167 = ADVANCED_FACE('',(#5168),#5187,.F.);
#5168 = FACE_BOUND('',#5169,.F.);
#5169 = EDGE_LOOP('',(#5170,#5171,#5180,#5186));
#5170 = ORIENTED_EDGE('',*,*,#4085,.T.);
#5171 = ORIENTED_EDGE('',*,*,#5172,.T.);
#5172 = EDGE_CURVE('',#4078,#5173,#5175,.T.);
#5173 = VERTEX_POINT('',#5174);
#5174 = CARTESIAN_POINT('',(-0.948480775301,1.2,0.667364817767));
#5175 = CIRCLE('',#5176,0.1);
#5176 = AXIS2_PLACEMENT_3D('',#5177,#5178,#5179);
#5177 = CARTESIAN_POINT('',(-0.85,1.2,0.65));
#5178 = DIRECTION('',(-1.144237745222E-17,-1.,0.));
#5179 = DIRECTION('',(0.,0.,1.));
#5180 = ORIENTED_EDGE('',*,*,#5181,.F.);
#5181 = EDGE_CURVE('',#5089,#5173,#5182,.T.);
#5182 = LINE('',#5183,#5184);
#5183 = CARTESIAN_POINT('',(-0.948480775301,0.7,0.667364817767));
#5184 = VECTOR('',#5185,1.);
#5185 = DIRECTION('',(1.144237745222E-17,1.,0.));
#5186 = ORIENTED_EDGE('',*,*,#5088,.F.);
#5187 = CYLINDRICAL_SURFACE('',#5188,0.1);
#5188 = AXIS2_PLACEMENT_3D('',#5189,#5190,#5191);
#5189 = CARTESIAN_POINT('',(-0.85,0.7,0.65));
#5190 = DIRECTION('',(-1.144237745222E-17,-1.,0.));
#5191 = DIRECTION('',(0.,0.,1.));
#5192 = ADVANCED_FACE('',(#5193),#5264,.T.);
#5193 = FACE_BOUND('',#5194,.T.);
#5194 = EDGE_LOOP('',(#5195,#5196,#5197,#5198,#5206,#5215,#5223,#5231,
    #5239,#5248,#5256,#5263));
#5195 = ORIENTED_EDGE('',*,*,#4099,.F.);
#5196 = ORIENTED_EDGE('',*,*,#4077,.T.);
#5197 = ORIENTED_EDGE('',*,*,#5172,.T.);
#5198 = ORIENTED_EDGE('',*,*,#5199,.T.);
#5199 = EDGE_CURVE('',#5173,#5200,#5202,.T.);
#5200 = VERTEX_POINT('',#5201);
#5201 = CARTESIAN_POINT('',(-1.02432885403,1.2,0.206587955583));
#5202 = LINE('',#5203,#5204);
#5203 = CARTESIAN_POINT('',(-0.948480775301,1.2,0.667364817767));
#5204 = VECTOR('',#5205,1.);
#5205 = DIRECTION('',(-0.162423314012,1.858508865964E-18,-0.986721169868
    ));
#5206 = ORIENTED_EDGE('',*,*,#5207,.T.);
#5207 = EDGE_CURVE('',#5200,#5208,#5210,.T.);
#5208 = VERTEX_POINT('',#5209);
#5209 = CARTESIAN_POINT('',(-1.270530792283,1.2,0.));
#5210 = CIRCLE('',#5211,0.25);
#5211 = AXIS2_PLACEMENT_3D('',#5212,#5213,#5214);
#5212 = CARTESIAN_POINT('',(-1.270530792283,1.2,0.25));
#5213 = DIRECTION('',(1.144237745222E-17,1.,1.24725095109E-33));
#5214 = DIRECTION('',(0.984807753012,-1.126854202784E-17,-0.173648177667
    ));
#5215 = ORIENTED_EDGE('',*,*,#5216,.T.);
#5216 = EDGE_CURVE('',#5208,#5217,#5219,.T.);
#5217 = VERTEX_POINT('',#5218);
#5218 = CARTESIAN_POINT('',(-1.4,1.2,0.));
#5219 = LINE('',#5220,#5221);
#5220 = CARTESIAN_POINT('',(-1.270530792283,1.2,0.));
#5221 = VECTOR('',#5222,1.);
#5222 = DIRECTION('',(-1.,1.144237745222E-17,0.));
#5223 = ORIENTED_EDGE('',*,*,#5224,.T.);
#5224 = EDGE_CURVE('',#5217,#5225,#5227,.T.);
#5225 = VERTEX_POINT('',#5226);
#5226 = CARTESIAN_POINT('',(-1.4,1.2,0.15));
#5227 = LINE('',#5228,#5229);
#5228 = CARTESIAN_POINT('',(-1.4,1.2,0.));
#5229 = VECTOR('',#5230,1.);
#5230 = DIRECTION('',(0.,0.,1.));
#5231 = ORIENTED_EDGE('',*,*,#5232,.T.);
#5232 = EDGE_CURVE('',#5225,#5233,#5235,.T.);
#5233 = VERTEX_POINT('',#5234);
#5234 = CARTESIAN_POINT('',(-1.270530792283,1.2,0.15));
#5235 = LINE('',#5236,#5237);
#5236 = CARTESIAN_POINT('',(-1.4,1.2,0.15));
#5237 = VECTOR('',#5238,1.);
#5238 = DIRECTION('',(1.,-1.144237745222E-17,0.));
#5239 = ORIENTED_EDGE('',*,*,#5240,.T.);
#5240 = EDGE_CURVE('',#5233,#5241,#5243,.T.);
#5241 = VERTEX_POINT('',#5242);
#5242 = CARTESIAN_POINT('',(-1.172050016982,1.2,0.232635182233));
#5243 = CIRCLE('',#5244,0.1);
#5244 = AXIS2_PLACEMENT_3D('',#5245,#5246,#5247);
#5245 = CARTESIAN_POINT('',(-1.270530792283,1.2,0.25));
#5246 = DIRECTION('',(-1.144237745222E-17,-1.,1.855131475086E-48));
#5247 = DIRECTION('',(-2.22044604925E-15,2.540718180781E-32,-1.));
#5248 = ORIENTED_EDGE('',*,*,#5249,.T.);
#5249 = EDGE_CURVE('',#5241,#5250,#5252,.T.);
#5250 = VERTEX_POINT('',#5251);
#5251 = CARTESIAN_POINT('',(-1.096201938253,1.2,0.693412044417));
#5252 = LINE('',#5253,#5254);
#5253 = CARTESIAN_POINT('',(-1.172050016982,1.2,0.232635182233));
#5254 = VECTOR('',#5255,1.);
#5255 = DIRECTION('',(0.162423314012,-1.858508865964E-18,0.986721169868)
  );
#5256 = ORIENTED_EDGE('',*,*,#5257,.T.);
#5257 = EDGE_CURVE('',#5250,#4328,#5258,.T.);
#5258 = CIRCLE('',#5259,0.25);
#5259 = AXIS2_PLACEMENT_3D('',#5260,#5261,#5262);
#5260 = CARTESIAN_POINT('',(-0.85,1.2,0.65));
#5261 = DIRECTION('',(1.144237745222E-17,1.,8.679168028915E-34));
#5262 = DIRECTION('',(-0.984807753012,1.126854202784E-17,0.173648177667)
  );
#5263 = ORIENTED_EDGE('',*,*,#4335,.T.);
#5264 = PLANE('',#5265);
#5265 = AXIS2_PLACEMENT_3D('',#5266,#5267,#5268);
#5266 = CARTESIAN_POINT('',(-1.069123385139,1.2,0.441695635315));
#5267 = DIRECTION('',(1.144237745222E-17,1.,0.));
#5268 = DIRECTION('',(0.,-0.,1.));
#5269 = ADVANCED_FACE('',(#5270),#5349,.F.);
#5270 = FACE_BOUND('',#5271,.F.);
#5271 = EDGE_LOOP('',(#5272,#5273,#5274,#5283,#5291,#5300,#5308,#5316,
    #5324,#5333,#5341,#5348));
#5272 = ORIENTED_EDGE('',*,*,#4118,.F.);
#5273 = ORIENTED_EDGE('',*,*,#4133,.T.);
#5274 = ORIENTED_EDGE('',*,*,#5275,.T.);
#5275 = EDGE_CURVE('',#4134,#5276,#5278,.T.);
#5276 = VERTEX_POINT('',#5277);
#5277 = CARTESIAN_POINT('',(0.948480775301,1.2,0.667364817767));
#5278 = CIRCLE('',#5279,0.1);
#5279 = AXIS2_PLACEMENT_3D('',#5280,#5281,#5282);
#5280 = CARTESIAN_POINT('',(0.85,1.2,0.65));
#5281 = DIRECTION('',(-1.110223024625E-16,1.,0.));
#5282 = DIRECTION('',(0.,0.,1.));
#5283 = ORIENTED_EDGE('',*,*,#5284,.T.);
#5284 = EDGE_CURVE('',#5276,#5285,#5287,.T.);
#5285 = VERTEX_POINT('',#5286);
#5286 = CARTESIAN_POINT('',(1.02432885403,1.2,0.206587955583));
#5287 = LINE('',#5288,#5289);
#5288 = CARTESIAN_POINT('',(0.948480775301,1.2,0.667364817767));
#5289 = VECTOR('',#5290,1.);
#5290 = DIRECTION('',(0.162423314012,1.803261029519E-17,-0.986721169868)
  );
#5291 = ORIENTED_EDGE('',*,*,#5292,.T.);
#5292 = EDGE_CURVE('',#5285,#5293,#5295,.T.);
#5293 = VERTEX_POINT('',#5294);
#5294 = CARTESIAN_POINT('',(1.270530792283,1.2,0.));
#5295 = CIRCLE('',#5296,0.25);
#5296 = AXIS2_PLACEMENT_3D('',#5297,#5298,#5299);
#5297 = CARTESIAN_POINT('',(1.270530792283,1.2,0.25));
#5298 = DIRECTION('',(1.110223024625E-16,-1.,-6.255634725081E-34));
#5299 = DIRECTION('',(-0.984807753012,-1.093356242223E-16,
    -0.173648177667));
#5300 = ORIENTED_EDGE('',*,*,#5301,.T.);
#5301 = EDGE_CURVE('',#5293,#5302,#5304,.T.);
#5302 = VERTEX_POINT('',#5303);
#5303 = CARTESIAN_POINT('',(1.4,1.2,0.));
#5304 = LINE('',#5305,#5306);
#5305 = CARTESIAN_POINT('',(1.270530792283,1.2,0.));
#5306 = VECTOR('',#5307,1.);
#5307 = DIRECTION('',(1.,1.110223024625E-16,0.));
#5308 = ORIENTED_EDGE('',*,*,#5309,.T.);
#5309 = EDGE_CURVE('',#5302,#5310,#5312,.T.);
#5310 = VERTEX_POINT('',#5311);
#5311 = CARTESIAN_POINT('',(1.4,1.2,0.15));
#5312 = LINE('',#5313,#5314);
#5313 = CARTESIAN_POINT('',(1.4,1.2,0.));
#5314 = VECTOR('',#5315,1.);
#5315 = DIRECTION('',(0.,0.,1.));
#5316 = ORIENTED_EDGE('',*,*,#5317,.T.);
#5317 = EDGE_CURVE('',#5310,#5318,#5320,.T.);
#5318 = VERTEX_POINT('',#5319);
#5319 = CARTESIAN_POINT('',(1.270530792283,1.2,0.15));
#5320 = LINE('',#5321,#5322);
#5321 = CARTESIAN_POINT('',(1.4,1.2,0.15));
#5322 = VECTOR('',#5323,1.);
#5323 = DIRECTION('',(-1.,-1.110223024625E-16,0.));
#5324 = ORIENTED_EDGE('',*,*,#5325,.T.);
#5325 = EDGE_CURVE('',#5318,#5326,#5328,.T.);
#5326 = VERTEX_POINT('',#5327);
#5327 = CARTESIAN_POINT('',(1.172050016982,1.2,0.232635182233));
#5328 = CIRCLE('',#5329,0.1);
#5329 = AXIS2_PLACEMENT_3D('',#5330,#5331,#5332);
#5330 = CARTESIAN_POINT('',(1.270530792283,1.2,0.25));
#5331 = DIRECTION('',(-1.110223024625E-16,1.,-1.094764425744E-47));
#5332 = DIRECTION('',(2.22044604925E-15,2.465190328815E-31,-1.));
#5333 = ORIENTED_EDGE('',*,*,#5334,.T.);
#5334 = EDGE_CURVE('',#5326,#5335,#5337,.T.);
#5335 = VERTEX_POINT('',#5336);
#5336 = CARTESIAN_POINT('',(1.096201938253,1.2,0.693412044417));
#5337 = LINE('',#5338,#5339);
#5338 = CARTESIAN_POINT('',(1.172050016982,1.2,0.232635182233));
#5339 = VECTOR('',#5340,1.);
#5340 = DIRECTION('',(-0.162423314012,-1.803261029519E-17,0.986721169868
    ));
#5341 = ORIENTED_EDGE('',*,*,#5342,.T.);
#5342 = EDGE_CURVE('',#5335,#4559,#5343,.T.);
#5343 = CIRCLE('',#5344,0.25);
#5344 = AXIS2_PLACEMENT_3D('',#5345,#5346,#5347);
#5345 = CARTESIAN_POINT('',(0.85,1.2,0.65));
#5346 = DIRECTION('',(1.110223024625E-16,-1.,-6.255634725081E-34));
#5347 = DIRECTION('',(0.984807753012,1.093356242223E-16,0.173648177667)
  );
#5348 = ORIENTED_EDGE('',*,*,#4558,.T.);
#5349 = PLANE('',#5350);
#5350 = AXIS2_PLACEMENT_3D('',#5351,#5352,#5353);
#5351 = CARTESIAN_POINT('',(1.069123385139,1.2,0.441695635315));
#5352 = DIRECTION('',(1.110223024625E-16,-1.,0.));
#5353 = DIRECTION('',(0.,0.,1.));
#5354 = ADVANCED_FACE('',(#5355),#5374,.F.);
#5355 = FACE_BOUND('',#5356,.F.);
#5356 = EDGE_LOOP('',(#5357,#5358,#5367,#5373));
#5357 = ORIENTED_EDGE('',*,*,#4150,.T.);
#5358 = ORIENTED_EDGE('',*,*,#5359,.T.);
#5359 = EDGE_CURVE('',#4143,#5360,#5362,.T.);
#5360 = VERTEX_POINT('',#5361);
#5361 = CARTESIAN_POINT('',(0.948480775301,0.7,0.667364817767));
#5362 = CIRCLE('',#5363,0.1);
#5363 = AXIS2_PLACEMENT_3D('',#5364,#5365,#5366);
#5364 = CARTESIAN_POINT('',(0.85,0.7,0.65));
#5365 = DIRECTION('',(-1.110223024625E-16,1.,0.));
#5366 = DIRECTION('',(0.,0.,1.));
#5367 = ORIENTED_EDGE('',*,*,#5368,.F.);
#5368 = EDGE_CURVE('',#5276,#5360,#5369,.T.);
#5369 = LINE('',#5370,#5371);
#5370 = CARTESIAN_POINT('',(0.948480775301,1.2,0.667364817767));
#5371 = VECTOR('',#5372,1.);
#5372 = DIRECTION('',(1.110223024625E-16,-1.,0.));
#5373 = ORIENTED_EDGE('',*,*,#5275,.F.);
#5374 = CYLINDRICAL_SURFACE('',#5375,0.1);
#5375 = AXIS2_PLACEMENT_3D('',#5376,#5377,#5378);
#5376 = CARTESIAN_POINT('',(0.85,1.2,0.65));
#5377 = DIRECTION('',(-1.110223024625E-16,1.,0.));
#5378 = DIRECTION('',(0.,0.,1.));
#5379 = ADVANCED_FACE('',(#5380),#5451,.T.);
#5380 = FACE_BOUND('',#5381,.T.);
#5381 = EDGE_LOOP('',(#5382,#5383,#5384,#5385,#5393,#5402,#5410,#5418,
    #5426,#5435,#5443,#5450));
#5382 = ORIENTED_EDGE('',*,*,#4164,.F.);
#5383 = ORIENTED_EDGE('',*,*,#4142,.T.);
#5384 = ORIENTED_EDGE('',*,*,#5359,.T.);
#5385 = ORIENTED_EDGE('',*,*,#5386,.T.);
#5386 = EDGE_CURVE('',#5360,#5387,#5389,.T.);
#5387 = VERTEX_POINT('',#5388);
#5388 = CARTESIAN_POINT('',(1.02432885403,0.7,0.206587955583));
#5389 = LINE('',#5390,#5391);
#5390 = CARTESIAN_POINT('',(0.948480775301,0.7,0.667364817767));
#5391 = VECTOR('',#5392,1.);
#5392 = DIRECTION('',(0.162423314012,1.803261029519E-17,-0.986721169868)
  );
#5393 = ORIENTED_EDGE('',*,*,#5394,.T.);
#5394 = EDGE_CURVE('',#5387,#5395,#5397,.T.);
#5395 = VERTEX_POINT('',#5396);
#5396 = CARTESIAN_POINT('',(1.270530792283,0.7,0.));
#5397 = CIRCLE('',#5398,0.25);
#5398 = AXIS2_PLACEMENT_3D('',#5399,#5400,#5401);
#5399 = CARTESIAN_POINT('',(1.270530792283,0.7,0.25));
#5400 = DIRECTION('',(1.110223024625E-16,-1.,-6.255634725081E-34));
#5401 = DIRECTION('',(-0.984807753012,-1.093356242223E-16,
    -0.173648177667));
#5402 = ORIENTED_EDGE('',*,*,#5403,.T.);
#5403 = EDGE_CURVE('',#5395,#5404,#5406,.T.);
#5404 = VERTEX_POINT('',#5405);
#5405 = CARTESIAN_POINT('',(1.4,0.7,0.));
#5406 = LINE('',#5407,#5408);
#5407 = CARTESIAN_POINT('',(1.270530792283,0.7,0.));
#5408 = VECTOR('',#5409,1.);
#5409 = DIRECTION('',(1.,1.110223024625E-16,0.));
#5410 = ORIENTED_EDGE('',*,*,#5411,.T.);
#5411 = EDGE_CURVE('',#5404,#5412,#5414,.T.);
#5412 = VERTEX_POINT('',#5413);
#5413 = CARTESIAN_POINT('',(1.4,0.7,0.15));
#5414 = LINE('',#5415,#5416);
#5415 = CARTESIAN_POINT('',(1.4,0.7,0.));
#5416 = VECTOR('',#5417,1.);
#5417 = DIRECTION('',(0.,0.,1.));
#5418 = ORIENTED_EDGE('',*,*,#5419,.T.);
#5419 = EDGE_CURVE('',#5412,#5420,#5422,.T.);
#5420 = VERTEX_POINT('',#5421);
#5421 = CARTESIAN_POINT('',(1.270530792283,0.7,0.15));
#5422 = LINE('',#5423,#5424);
#5423 = CARTESIAN_POINT('',(1.4,0.7,0.15));
#5424 = VECTOR('',#5425,1.);
#5425 = DIRECTION('',(-1.,-1.110223024625E-16,0.));
#5426 = ORIENTED_EDGE('',*,*,#5427,.T.);
#5427 = EDGE_CURVE('',#5420,#5428,#5430,.T.);
#5428 = VERTEX_POINT('',#5429);
#5429 = CARTESIAN_POINT('',(1.172050016982,0.7,0.232635182233));
#5430 = CIRCLE('',#5431,0.1);
#5431 = AXIS2_PLACEMENT_3D('',#5432,#5433,#5434);
#5432 = CARTESIAN_POINT('',(1.270530792283,0.7,0.25));
#5433 = DIRECTION('',(-1.110223024625E-16,1.,-1.094764425744E-47));
#5434 = DIRECTION('',(2.22044604925E-15,2.465190328815E-31,-1.));
#5435 = ORIENTED_EDGE('',*,*,#5436,.T.);
#5436 = EDGE_CURVE('',#5428,#5437,#5439,.T.);
#5437 = VERTEX_POINT('',#5438);
#5438 = CARTESIAN_POINT('',(1.096201938253,0.7,0.693412044417));
#5439 = LINE('',#5440,#5441);
#5440 = CARTESIAN_POINT('',(1.172050016982,0.7,0.232635182233));
#5441 = VECTOR('',#5442,1.);
#5442 = DIRECTION('',(-0.162423314012,-1.803261029519E-17,0.986721169868
    ));
#5443 = ORIENTED_EDGE('',*,*,#5444,.T.);
#5444 = EDGE_CURVE('',#5437,#4567,#5445,.T.);
#5445 = CIRCLE('',#5446,0.25);
#5446 = AXIS2_PLACEMENT_3D('',#5447,#5448,#5449);
#5447 = CARTESIAN_POINT('',(0.85,0.7,0.65));
#5448 = DIRECTION('',(1.110223024625E-16,-1.,-6.255634725081E-34));
#5449 = DIRECTION('',(0.984807753012,1.093356242223E-16,0.173648177667)
  );
#5450 = ORIENTED_EDGE('',*,*,#4574,.T.);
#5451 = PLANE('',#5452);
#5452 = AXIS2_PLACEMENT_3D('',#5453,#5454,#5455);
#5453 = CARTESIAN_POINT('',(1.069123385139,0.7,0.441695635315));
#5454 = DIRECTION('',(1.110223024625E-16,-1.,0.));
#5455 = DIRECTION('',(0.,0.,1.));
#5456 = ADVANCED_FACE('',(#5457),#5468,.F.);
#5457 = FACE_BOUND('',#5458,.F.);
#5458 = EDGE_LOOP('',(#5459,#5460,#5461,#5467));
#5459 = ORIENTED_EDGE('',*,*,#4580,.F.);
#5460 = ORIENTED_EDGE('',*,*,#4181,.T.);
#5461 = ORIENTED_EDGE('',*,*,#5462,.T.);
#5462 = EDGE_CURVE('',#4174,#4513,#5463,.T.);
#5463 = LINE('',#5464,#5465);
#5464 = CARTESIAN_POINT('',(0.85,-0.7,0.9));
#5465 = VECTOR('',#5466,1.);
#5466 = DIRECTION('',(-1.,-1.110223024625E-16,0.));
#5467 = ORIENTED_EDGE('',*,*,#4512,.F.);
#5468 = PLANE('',#5469);
#5469 = AXIS2_PLACEMENT_3D('',#5470,#5471,#5472);
#5470 = CARTESIAN_POINT('',(-2.091417030376E-16,1.4375,0.9));
#5471 = DIRECTION('',(4.595758349624E-18,6.551522493592E-27,-1.));
#5472 = DIRECTION('',(1.,1.51922136901E-16,4.595758349624E-18));
#5473 = ADVANCED_FACE('',(#5474),#5560,.F.);
#5474 = FACE_BOUND('',#5475,.F.);
#5475 = EDGE_LOOP('',(#5476,#5477,#5478,#5487,#5495,#5504,#5512,#5520,
    #5528,#5537,#5545,#5554));
#5476 = ORIENTED_EDGE('',*,*,#4173,.F.);
#5477 = ORIENTED_EDGE('',*,*,#4195,.T.);
#5478 = ORIENTED_EDGE('',*,*,#5479,.T.);
#5479 = EDGE_CURVE('',#4196,#5480,#5482,.T.);
#5480 = VERTEX_POINT('',#5481);
#5481 = CARTESIAN_POINT('',(0.948480775301,-0.7,0.667364817767));
#5482 = CIRCLE('',#5483,0.1);
#5483 = AXIS2_PLACEMENT_3D('',#5484,#5485,#5486);
#5484 = CARTESIAN_POINT('',(0.85,-0.7,0.65));
#5485 = DIRECTION('',(-1.110223024625E-16,1.,0.));
#5486 = DIRECTION('',(0.,0.,1.));
#5487 = ORIENTED_EDGE('',*,*,#5488,.T.);
#5488 = EDGE_CURVE('',#5480,#5489,#5491,.T.);
#5489 = VERTEX_POINT('',#5490);
#5490 = CARTESIAN_POINT('',(1.02432885403,-0.7,0.206587955583));
#5491 = LINE('',#5492,#5493);
#5492 = CARTESIAN_POINT('',(0.948480775301,-0.7,0.667364817767));
#5493 = VECTOR('',#5494,1.);
#5494 = DIRECTION('',(0.162423314012,1.803261029519E-17,-0.986721169868)
  );
#5495 = ORIENTED_EDGE('',*,*,#5496,.T.);
#5496 = EDGE_CURVE('',#5489,#5497,#5499,.T.);
#5497 = VERTEX_POINT('',#5498);
#5498 = CARTESIAN_POINT('',(1.270530792283,-0.7,0.));
#5499 = CIRCLE('',#5500,0.25);
#5500 = AXIS2_PLACEMENT_3D('',#5501,#5502,#5503);
#5501 = CARTESIAN_POINT('',(1.270530792283,-0.7,0.25));
#5502 = DIRECTION('',(1.110223024625E-16,-1.,-6.255634725081E-34));
#5503 = DIRECTION('',(-0.984807753012,-1.093356242223E-16,
    -0.173648177667));
#5504 = ORIENTED_EDGE('',*,*,#5505,.T.);
#5505 = EDGE_CURVE('',#5497,#5506,#5508,.T.);
#5506 = VERTEX_POINT('',#5507);
#5507 = CARTESIAN_POINT('',(1.4,-0.7,0.));
#5508 = LINE('',#5509,#5510);
#5509 = CARTESIAN_POINT('',(1.270530792283,-0.7,0.));
#5510 = VECTOR('',#5511,1.);
#5511 = DIRECTION('',(1.,1.110223024625E-16,0.));
#5512 = ORIENTED_EDGE('',*,*,#5513,.T.);
#5513 = EDGE_CURVE('',#5506,#5514,#5516,.T.);
#5514 = VERTEX_POINT('',#5515);
#5515 = CARTESIAN_POINT('',(1.4,-0.7,0.15));
#5516 = LINE('',#5517,#5518);
#5517 = CARTESIAN_POINT('',(1.4,-0.7,0.));
#5518 = VECTOR('',#5519,1.);
#5519 = DIRECTION('',(0.,0.,1.));
#5520 = ORIENTED_EDGE('',*,*,#5521,.T.);
#5521 = EDGE_CURVE('',#5514,#5522,#5524,.T.);
#5522 = VERTEX_POINT('',#5523);
#5523 = CARTESIAN_POINT('',(1.270530792283,-0.7,0.15));
#5524 = LINE('',#5525,#5526);
#5525 = CARTESIAN_POINT('',(1.4,-0.7,0.15));
#5526 = VECTOR('',#5527,1.);
#5527 = DIRECTION('',(-1.,-1.110223024625E-16,0.));
#5528 = ORIENTED_EDGE('',*,*,#5529,.T.);
#5529 = EDGE_CURVE('',#5522,#5530,#5532,.T.);
#5530 = VERTEX_POINT('',#5531);
#5531 = CARTESIAN_POINT('',(1.172050016982,-0.7,0.232635182233));
#5532 = CIRCLE('',#5533,0.1);
#5533 = AXIS2_PLACEMENT_3D('',#5534,#5535,#5536);
#5534 = CARTESIAN_POINT('',(1.270530792283,-0.7,0.25));
#5535 = DIRECTION('',(-1.110223024625E-16,1.,-1.094764425744E-47));
#5536 = DIRECTION('',(2.22044604925E-15,2.465190328815E-31,-1.));
#5537 = ORIENTED_EDGE('',*,*,#5538,.T.);
#5538 = EDGE_CURVE('',#5530,#5539,#5541,.T.);
#5539 = VERTEX_POINT('',#5540);
#5540 = CARTESIAN_POINT('',(1.096201938253,-0.7,0.693412044417));
#5541 = LINE('',#5542,#5543);
#5542 = CARTESIAN_POINT('',(1.172050016982,-0.7,0.232635182233));
#5543 = VECTOR('',#5544,1.);
#5544 = DIRECTION('',(-0.162423314012,-1.803261029519E-17,0.986721169868
    ));
#5545 = ORIENTED_EDGE('',*,*,#5546,.T.);
#5546 = EDGE_CURVE('',#5539,#5547,#5549,.T.);
#5547 = VERTEX_POINT('',#5548);
#5548 = CARTESIAN_POINT('',(0.85,-0.7,0.9));
#5549 = CIRCLE('',#5550,0.25);
#5550 = AXIS2_PLACEMENT_3D('',#5551,#5552,#5553);
#5551 = CARTESIAN_POINT('',(0.85,-0.7,0.65));
#5552 = DIRECTION('',(1.110223024625E-16,-1.,-6.255634725081E-34));
#5553 = DIRECTION('',(0.984807753012,1.093356242223E-16,0.173648177667)
  );
#5554 = ORIENTED_EDGE('',*,*,#5555,.T.);
#5555 = EDGE_CURVE('',#5547,#4174,#5556,.T.);
#5556 = LINE('',#5557,#5558);
#5557 = CARTESIAN_POINT('',(0.85,-0.7,0.9));
#5558 = VECTOR('',#5559,1.);
#5559 = DIRECTION('',(-1.,-1.110223024625E-16,0.));
#5560 = PLANE('',#5561);
#5561 = AXIS2_PLACEMENT_3D('',#5562,#5563,#5564);
#5562 = CARTESIAN_POINT('',(1.069123385139,-0.7,0.441695635315));
#5563 = DIRECTION('',(1.110223024625E-16,-1.,0.));
#5564 = DIRECTION('',(0.,0.,1.));
#5565 = ADVANCED_FACE('',(#5566),#5585,.F.);
#5566 = FACE_BOUND('',#5567,.F.);
#5567 = EDGE_LOOP('',(#5568,#5569,#5578,#5584));
#5568 = ORIENTED_EDGE('',*,*,#4212,.T.);
#5569 = ORIENTED_EDGE('',*,*,#5570,.T.);
#5570 = EDGE_CURVE('',#4205,#5571,#5573,.T.);
#5571 = VERTEX_POINT('',#5572);
#5572 = CARTESIAN_POINT('',(0.948480775301,-1.2,0.667364817767));
#5573 = CIRCLE('',#5574,0.1);
#5574 = AXIS2_PLACEMENT_3D('',#5575,#5576,#5577);
#5575 = CARTESIAN_POINT('',(0.85,-1.2,0.65));
#5576 = DIRECTION('',(-1.110223024625E-16,1.,0.));
#5577 = DIRECTION('',(0.,0.,1.));
#5578 = ORIENTED_EDGE('',*,*,#5579,.F.);
#5579 = EDGE_CURVE('',#5480,#5571,#5580,.T.);
#5580 = LINE('',#5581,#5582);
#5581 = CARTESIAN_POINT('',(0.948480775301,-0.7,0.667364817767));
#5582 = VECTOR('',#5583,1.);
#5583 = DIRECTION('',(1.110223024625E-16,-1.,0.));
#5584 = ORIENTED_EDGE('',*,*,#5479,.F.);
#5585 = CYLINDRICAL_SURFACE('',#5586,0.1);
#5586 = AXIS2_PLACEMENT_3D('',#5587,#5588,#5589);
#5587 = CARTESIAN_POINT('',(0.85,-0.7,0.65));
#5588 = DIRECTION('',(-1.110223024625E-16,1.,0.));
#5589 = DIRECTION('',(0.,0.,1.));
#5590 = ADVANCED_FACE('',(#5591),#5669,.T.);
#5591 = FACE_BOUND('',#5592,.T.);
#5592 = EDGE_LOOP('',(#5593,#5594,#5595,#5596,#5604,#5613,#5621,#5629,
    #5637,#5646,#5654,#5663));
#5593 = ORIENTED_EDGE('',*,*,#4226,.F.);
#5594 = ORIENTED_EDGE('',*,*,#4204,.T.);
#5595 = ORIENTED_EDGE('',*,*,#5570,.T.);
#5596 = ORIENTED_EDGE('',*,*,#5597,.T.);
#5597 = EDGE_CURVE('',#5571,#5598,#5600,.T.);
#5598 = VERTEX_POINT('',#5599);
#5599 = CARTESIAN_POINT('',(1.02432885403,-1.2,0.206587955583));
#5600 = LINE('',#5601,#5602);
#5601 = CARTESIAN_POINT('',(0.948480775301,-1.2,0.667364817767));
#5602 = VECTOR('',#5603,1.);
#5603 = DIRECTION('',(0.162423314012,1.803261029519E-17,-0.986721169868)
  );
#5604 = ORIENTED_EDGE('',*,*,#5605,.T.);
#5605 = EDGE_CURVE('',#5598,#5606,#5608,.T.);
#5606 = VERTEX_POINT('',#5607);
#5607 = CARTESIAN_POINT('',(1.270530792283,-1.2,0.));
#5608 = CIRCLE('',#5609,0.25);
#5609 = AXIS2_PLACEMENT_3D('',#5610,#5611,#5612);
#5610 = CARTESIAN_POINT('',(1.270530792283,-1.2,0.25));
#5611 = DIRECTION('',(1.110223024625E-16,-1.,-6.255634725081E-34));
#5612 = DIRECTION('',(-0.984807753012,-1.093356242223E-16,
    -0.173648177667));
#5613 = ORIENTED_EDGE('',*,*,#5614,.T.);
#5614 = EDGE_CURVE('',#5606,#5615,#5617,.T.);
#5615 = VERTEX_POINT('',#5616);
#5616 = CARTESIAN_POINT('',(1.4,-1.2,0.));
#5617 = LINE('',#5618,#5619);
#5618 = CARTESIAN_POINT('',(1.270530792283,-1.2,0.));
#5619 = VECTOR('',#5620,1.);
#5620 = DIRECTION('',(1.,1.110223024625E-16,0.));
#5621 = ORIENTED_EDGE('',*,*,#5622,.T.);
#5622 = EDGE_CURVE('',#5615,#5623,#5625,.T.);
#5623 = VERTEX_POINT('',#5624);
#5624 = CARTESIAN_POINT('',(1.4,-1.2,0.15));
#5625 = LINE('',#5626,#5627);
#5626 = CARTESIAN_POINT('',(1.4,-1.2,0.));
#5627 = VECTOR('',#5628,1.);
#5628 = DIRECTION('',(0.,0.,1.));
#5629 = ORIENTED_EDGE('',*,*,#5630,.T.);
#5630 = EDGE_CURVE('',#5623,#5631,#5633,.T.);
#5631 = VERTEX_POINT('',#5632);
#5632 = CARTESIAN_POINT('',(1.270530792283,-1.2,0.15));
#5633 = LINE('',#5634,#5635);
#5634 = CARTESIAN_POINT('',(1.4,-1.2,0.15));
#5635 = VECTOR('',#5636,1.);
#5636 = DIRECTION('',(-1.,-1.110223024625E-16,0.));
#5637 = ORIENTED_EDGE('',*,*,#5638,.T.);
#5638 = EDGE_CURVE('',#5631,#5639,#5641,.T.);
#5639 = VERTEX_POINT('',#5640);
#5640 = CARTESIAN_POINT('',(1.172050016982,-1.2,0.232635182233));
#5641 = CIRCLE('',#5642,0.1);
#5642 = AXIS2_PLACEMENT_3D('',#5643,#5644,#5645);
#5643 = CARTESIAN_POINT('',(1.270530792283,-1.2,0.25));
#5644 = DIRECTION('',(-1.110223024625E-16,1.,-1.094764425744E-47));
#5645 = DIRECTION('',(2.22044604925E-15,2.465190328815E-31,-1.));
#5646 = ORIENTED_EDGE('',*,*,#5647,.T.);
#5647 = EDGE_CURVE('',#5639,#5648,#5650,.T.);
#5648 = VERTEX_POINT('',#5649);
#5649 = CARTESIAN_POINT('',(1.096201938253,-1.2,0.693412044417));
#5650 = LINE('',#5651,#5652);
#5651 = CARTESIAN_POINT('',(1.172050016982,-1.2,0.232635182233));
#5652 = VECTOR('',#5653,1.);
#5653 = DIRECTION('',(-0.162423314012,-1.803261029519E-17,0.986721169868
    ));
#5654 = ORIENTED_EDGE('',*,*,#5655,.T.);
#5655 = EDGE_CURVE('',#5648,#5656,#5658,.T.);
#5656 = VERTEX_POINT('',#5657);
#5657 = CARTESIAN_POINT('',(0.85,-1.2,0.9));
#5658 = CIRCLE('',#5659,0.25);
#5659 = AXIS2_PLACEMENT_3D('',#5660,#5661,#5662);
#5660 = CARTESIAN_POINT('',(0.85,-1.2,0.65));
#5661 = DIRECTION('',(1.110223024625E-16,-1.,-6.255634725081E-34));
#5662 = DIRECTION('',(0.984807753012,1.093356242223E-16,0.173648177667)
  );
#5663 = ORIENTED_EDGE('',*,*,#5664,.T.);
#5664 = EDGE_CURVE('',#5656,#4227,#5665,.T.);
#5665 = LINE('',#5666,#5667);
#5666 = CARTESIAN_POINT('',(0.85,-1.2,0.9));
#5667 = VECTOR('',#5668,1.);
#5668 = DIRECTION('',(-1.,-1.110223024625E-16,0.));
#5669 = PLANE('',#5670);
#5670 = AXIS2_PLACEMENT_3D('',#5671,#5672,#5673);
#5671 = CARTESIAN_POINT('',(1.069123385139,-1.2,0.441695635315));
#5672 = DIRECTION('',(1.110223024625E-16,-1.,0.));
#5673 = DIRECTION('',(0.,0.,1.));
#5674 = ADVANCED_FACE('',(#5675),#5686,.T.);
#5675 = FACE_BOUND('',#5676,.T.);
#5676 = EDGE_LOOP('',(#5677,#5678,#5679,#5680));
#5677 = ORIENTED_EDGE('',*,*,#5155,.T.);
#5678 = ORIENTED_EDGE('',*,*,#4327,.T.);
#5679 = ORIENTED_EDGE('',*,*,#5257,.F.);
#5680 = ORIENTED_EDGE('',*,*,#5681,.F.);
#5681 = EDGE_CURVE('',#5148,#5250,#5682,.T.);
#5682 = LINE('',#5683,#5684);
#5683 = CARTESIAN_POINT('',(-1.096201938253,0.7,0.693412044417));
#5684 = VECTOR('',#5685,1.);
#5685 = DIRECTION('',(1.144237745222E-17,1.,0.));
#5686 = CYLINDRICAL_SURFACE('',#5687,0.25);
#5687 = AXIS2_PLACEMENT_3D('',#5688,#5689,#5690);
#5688 = CARTESIAN_POINT('',(-0.85,0.7,0.65));
#5689 = DIRECTION('',(-1.144237745222E-17,-1.,0.));
#5690 = DIRECTION('',(-0.984807753012,1.126854202784E-17,0.173648177667)
  );
#5691 = ADVANCED_FACE('',(#5692),#5705,.F.);
#5692 = FACE_BOUND('',#5693,.F.);
#5693 = EDGE_LOOP('',(#5694,#5695,#5701,#5702,#5703,#5704));
#5694 = ORIENTED_EDGE('',*,*,#4723,.F.);
#5695 = ORIENTED_EDGE('',*,*,#5696,.T.);
#5696 = EDGE_CURVE('',#4715,#4824,#5697,.T.);
#5697 = LINE('',#5698,#5699);
#5698 = CARTESIAN_POINT('',(-0.85,-1.2,0.9));
#5699 = VECTOR('',#5700,1.);
#5700 = DIRECTION('',(1.144237745222E-17,1.,0.));
#5701 = ORIENTED_EDGE('',*,*,#4832,.T.);
#5702 = ORIENTED_EDGE('',*,*,#4854,.T.);
#5703 = ORIENTED_EDGE('',*,*,#4374,.F.);
#5704 = ORIENTED_EDGE('',*,*,#4607,.F.);
#5705 = PLANE('',#5706);
#5706 = AXIS2_PLACEMENT_3D('',#5707,#5708,#5709);
#5707 = CARTESIAN_POINT('',(-0.85,-1.2,0.9));
#5708 = DIRECTION('',(0.,0.,-1.));
#5709 = DIRECTION('',(1.,-1.144237745222E-17,0.));
#5710 = ADVANCED_FACE('',(#5711),#5724,.F.);
#5711 = FACE_BOUND('',#5712,.F.);
#5712 = EDGE_LOOP('',(#5713,#5714,#5720,#5721,#5722,#5723));
#5713 = ORIENTED_EDGE('',*,*,#4946,.F.);
#5714 = ORIENTED_EDGE('',*,*,#5715,.T.);
#5715 = EDGE_CURVE('',#4938,#5047,#5716,.T.);
#5716 = LINE('',#5717,#5718);
#5717 = CARTESIAN_POINT('',(-0.85,-0.25,0.9));
#5718 = VECTOR('',#5719,1.);
#5719 = DIRECTION('',(1.144237745222E-17,1.,0.));
#5720 = ORIENTED_EDGE('',*,*,#5055,.T.);
#5721 = ORIENTED_EDGE('',*,*,#5072,.T.);
#5722 = ORIENTED_EDGE('',*,*,#4390,.F.);
#5723 = ORIENTED_EDGE('',*,*,#4847,.F.);
#5724 = PLANE('',#5725);
#5725 = AXIS2_PLACEMENT_3D('',#5726,#5727,#5728);
#5726 = CARTESIAN_POINT('',(-0.85,-0.25,0.9));
#5727 = DIRECTION('',(0.,0.,-1.));
#5728 = DIRECTION('',(1.,-1.144237745222E-17,0.));
#5729 = ADVANCED_FACE('',(#5730,#5759),#5770,.T.);
#5730 = FACE_BOUND('',#5731,.T.);
#5731 = EDGE_LOOP('',(#5732,#5733,#5734,#5735,#5743,#5751,#5757,#5758));
#5732 = ORIENTED_EDGE('',*,*,#4465,.F.);
#5733 = ORIENTED_EDGE('',*,*,#4442,.F.);
#5734 = ORIENTED_EDGE('',*,*,#4413,.F.);
#5735 = ORIENTED_EDGE('',*,*,#5736,.F.);
#5736 = EDGE_CURVE('',#5737,#4414,#5739,.T.);
#5737 = VERTEX_POINT('',#5738);
#5738 = CARTESIAN_POINT('',(-0.646824228722,-1.333648457443,1.55));
#5739 = LINE('',#5740,#5741);
#5740 = CARTESIAN_POINT('',(-0.646824228722,-1.333648457443,1.55));
#5741 = VECTOR('',#5742,1.);
#5742 = DIRECTION('',(-0.707106781187,0.707106781187,0.));
#5743 = ORIENTED_EDGE('',*,*,#5744,.F.);
#5744 = EDGE_CURVE('',#5745,#5737,#5747,.T.);
#5745 = VERTEX_POINT('',#5746);
#5746 = CARTESIAN_POINT('',(0.646824228722,-1.333648457443,1.55));
#5747 = LINE('',#5748,#5749);
#5748 = CARTESIAN_POINT('',(0.646824228722,-1.333648457443,1.55));
#5749 = VECTOR('',#5750,1.);
#5750 = DIRECTION('',(-1.,-1.110223024625E-16,0.));
#5751 = ORIENTED_EDGE('',*,*,#5752,.F.);
#5752 = EDGE_CURVE('',#4537,#5745,#5753,.T.);
#5753 = LINE('',#5754,#5755);
#5754 = CARTESIAN_POINT('',(0.683648457443,-1.296824228722,1.55));
#5755 = VECTOR('',#5756,1.);
#5756 = DIRECTION('',(-0.707106781187,-0.707106781187,0.));
#5757 = ORIENTED_EDGE('',*,*,#4543,.F.);
#5758 = ORIENTED_EDGE('',*,*,#4488,.F.);
#5759 = FACE_BOUND('',#5760,.T.);
#5760 = EDGE_LOOP('',(#5761));
#5761 = ORIENTED_EDGE('',*,*,#5762,.T.);
#5762 = EDGE_CURVE('',#5763,#5763,#5765,.T.);
#5763 = VERTEX_POINT('',#5764);
#5764 = CARTESIAN_POINT('',(-0.483648457443,1.083648457443,1.55));
#5765 = CIRCLE('',#5766,5.E-02);
#5766 = AXIS2_PLACEMENT_3D('',#5767,#5768,#5769);
#5767 = CARTESIAN_POINT('',(-0.483648457443,1.133648457443,1.55));
#5768 = DIRECTION('',(0.,-0.,-1.));
#5769 = DIRECTION('',(1.110223024625E-16,-1.,0.));
#5770 = PLANE('',#5771);
#5771 = AXIS2_PLACEMENT_3D('',#5772,#5773,#5774);
#5772 = CARTESIAN_POINT('',(-0.646824228722,1.333648457443,1.55));
#5773 = DIRECTION('',(0.,0.,1.));
#5774 = DIRECTION('',(0.436386464522,-0.899759330922,0.));
#5775 = ADVANCED_FACE('',(#5776),#5786,.F.);
#5776 = FACE_BOUND('',#5777,.F.);
#5777 = EDGE_LOOP('',(#5778,#5779,#5780,#5781));
#5778 = ORIENTED_EDGE('',*,*,#4614,.T.);
#5779 = ORIENTED_EDGE('',*,*,#4421,.T.);
#5780 = ORIENTED_EDGE('',*,*,#5736,.F.);
#5781 = ORIENTED_EDGE('',*,*,#5782,.F.);
#5782 = EDGE_CURVE('',#4615,#5737,#5783,.T.);
#5783 = B_SPLINE_CURVE_WITH_KNOTS('',1,(#5784,#5785),.UNSPECIFIED.,.F.,
  .F.,(2,2),(0.,1.),.PIECEWISE_BEZIER_KNOTS.);
#5784 = CARTESIAN_POINT('',(-0.6925,-1.425,0.9));
#5785 = CARTESIAN_POINT('',(-0.646824228722,-1.333648457443,1.55));
#5786 = B_SPLINE_SURFACE_WITH_KNOTS('',1,1,(
    (#5787,#5788)
    ,(#5789,#5790
    )),.UNSPECIFIED.,.F.,.F.,.F.,(2,2),(2,2),(0.,0.116672618896),(0.,1.)
  ,.PIECEWISE_BEZIER_KNOTS.);
#5787 = CARTESIAN_POINT('',(-0.6925,-1.425,0.9));
#5788 = CARTESIAN_POINT('',(-0.646824228722,-1.333648457443,1.55));
#5789 = CARTESIAN_POINT('',(-0.775,-1.3425,0.9));
#5790 = CARTESIAN_POINT('',(-0.683648457443,-1.296824228722,1.55));
#5791 = ADVANCED_FACE('',(#5792),#5805,.F.);
#5792 = FACE_BOUND('',#5793,.F.);
#5793 = EDGE_LOOP('',(#5794,#5795,#5801,#5802,#5803,#5804));
#5794 = ORIENTED_EDGE('',*,*,#5555,.F.);
#5795 = ORIENTED_EDGE('',*,*,#5796,.T.);
#5796 = EDGE_CURVE('',#5547,#5656,#5797,.T.);
#5797 = LINE('',#5798,#5799);
#5798 = CARTESIAN_POINT('',(0.85,-0.7,0.9));
#5799 = VECTOR('',#5800,1.);
#5800 = DIRECTION('',(1.110223024625E-16,-1.,0.));
#5801 = ORIENTED_EDGE('',*,*,#5664,.T.);
#5802 = ORIENTED_EDGE('',*,*,#4596,.T.);
#5803 = ORIENTED_EDGE('',*,*,#4520,.F.);
#5804 = ORIENTED_EDGE('',*,*,#5462,.F.);
#5805 = PLANE('',#5806);
#5806 = AXIS2_PLACEMENT_3D('',#5807,#5808,#5809);
#5807 = CARTESIAN_POINT('',(0.85,-0.7,0.9));
#5808 = DIRECTION('',(0.,0.,-1.));
#5809 = DIRECTION('',(-1.,-1.110223024625E-16,-0.));
#5810 = ADVANCED_FACE('',(#5811),#5821,.F.);
#5811 = FACE_BOUND('',#5812,.F.);
#5812 = EDGE_LOOP('',(#5813,#5814,#5819,#5820));
#5813 = ORIENTED_EDGE('',*,*,#4630,.T.);
#5814 = ORIENTED_EDGE('',*,*,#5815,.T.);
#5815 = EDGE_CURVE('',#4623,#5745,#5816,.T.);
#5816 = B_SPLINE_CURVE_WITH_KNOTS('',1,(#5817,#5818),.UNSPECIFIED.,.F.,
  .F.,(2,2),(0.,1.),.PIECEWISE_BEZIER_KNOTS.);
#5817 = CARTESIAN_POINT('',(0.6925,-1.425,0.9));
#5818 = CARTESIAN_POINT('',(0.646824228722,-1.333648457443,1.55));
#5819 = ORIENTED_EDGE('',*,*,#5752,.F.);
#5820 = ORIENTED_EDGE('',*,*,#4536,.F.);
#5821 = B_SPLINE_SURFACE_WITH_KNOTS('',1,1,(
    (#5822,#5823)
    ,(#5824,#5825
    )),.UNSPECIFIED.,.F.,.F.,.F.,(2,2),(2,2),(0.,0.116672618896),(0.,1.)
  ,.PIECEWISE_BEZIER_KNOTS.);
#5822 = CARTESIAN_POINT('',(0.775,-1.3425,0.9));
#5823 = CARTESIAN_POINT('',(0.683648457443,-1.296824228722,1.55));
#5824 = CARTESIAN_POINT('',(0.6925,-1.425,0.9));
#5825 = CARTESIAN_POINT('',(0.646824228722,-1.333648457443,1.55));
#5826 = ADVANCED_FACE('',(#5827),#5838,.T.);
#5827 = FACE_BOUND('',#5828,.T.);
#5828 = EDGE_LOOP('',(#5829,#5830,#5831,#5832));
#5829 = ORIENTED_EDGE('',*,*,#5342,.T.);
#5830 = ORIENTED_EDGE('',*,*,#4566,.T.);
#5831 = ORIENTED_EDGE('',*,*,#5444,.F.);
#5832 = ORIENTED_EDGE('',*,*,#5833,.F.);
#5833 = EDGE_CURVE('',#5335,#5437,#5834,.T.);
#5834 = LINE('',#5835,#5836);
#5835 = CARTESIAN_POINT('',(1.096201938253,1.2,0.693412044417));
#5836 = VECTOR('',#5837,1.);
#5837 = DIRECTION('',(1.110223024625E-16,-1.,0.));
#5838 = CYLINDRICAL_SURFACE('',#5839,0.25);
#5839 = AXIS2_PLACEMENT_3D('',#5840,#5841,#5842);
#5840 = CARTESIAN_POINT('',(0.85,1.2,0.65));
#5841 = DIRECTION('',(-1.110223024625E-16,1.,0.));
#5842 = DIRECTION('',(0.984807753012,1.093356242223E-16,0.173648177667)
  );
#5843 = ADVANCED_FACE('',(#5844),#5850,.F.);
#5844 = FACE_BOUND('',#5845,.F.);
#5845 = EDGE_LOOP('',(#5846,#5847,#5848,#5849));
#5846 = ORIENTED_EDGE('',*,*,#4622,.T.);
#5847 = ORIENTED_EDGE('',*,*,#5782,.T.);
#5848 = ORIENTED_EDGE('',*,*,#5744,.F.);
#5849 = ORIENTED_EDGE('',*,*,#5815,.F.);
#5850 = B_SPLINE_SURFACE_WITH_KNOTS('',1,1,(
    (#5851,#5852)
    ,(#5853,#5854
    )),.UNSPECIFIED.,.F.,.F.,.F.,(2,2),(2,2),(0.,1.385),(0.,1.),
  .PIECEWISE_BEZIER_KNOTS.);
#5851 = CARTESIAN_POINT('',(0.6925,-1.425,0.9));
#5852 = CARTESIAN_POINT('',(0.646824228722,-1.333648457443,1.55));
#5853 = CARTESIAN_POINT('',(-0.6925,-1.425,0.9));
#5854 = CARTESIAN_POINT('',(-0.646824228722,-1.333648457443,1.55));
#5855 = ADVANCED_FACE('',(#5856),#5867,.T.);
#5856 = FACE_BOUND('',#5857,.T.);
#5857 = EDGE_LOOP('',(#5858,#5859,#5860,#5861));
#5858 = ORIENTED_EDGE('',*,*,#4714,.T.);
#5859 = ORIENTED_EDGE('',*,*,#5696,.T.);
#5860 = ORIENTED_EDGE('',*,*,#4823,.F.);
#5861 = ORIENTED_EDGE('',*,*,#5862,.F.);
#5862 = EDGE_CURVE('',#4707,#4816,#5863,.T.);
#5863 = LINE('',#5864,#5865);
#5864 = CARTESIAN_POINT('',(-1.096201938253,-1.2,0.693412044417));
#5865 = VECTOR('',#5866,1.);
#5866 = DIRECTION('',(1.144237745222E-17,1.,0.));
#5867 = CYLINDRICAL_SURFACE('',#5868,0.25);
#5868 = AXIS2_PLACEMENT_3D('',#5869,#5870,#5871);
#5869 = CARTESIAN_POINT('',(-0.85,-1.2,0.65));
#5870 = DIRECTION('',(-1.144237745222E-17,-1.,0.));
#5871 = DIRECTION('',(-0.984807753012,1.126854202784E-17,0.173648177667)
  );
#5872 = ADVANCED_FACE('',(#5873),#5884,.F.);
#5873 = FACE_BOUND('',#5874,.F.);
#5874 = EDGE_LOOP('',(#5875,#5881,#5882,#5883));
#5875 = ORIENTED_EDGE('',*,*,#5876,.T.);
#5876 = EDGE_CURVE('',#4698,#4807,#5877,.T.);
#5877 = LINE('',#5878,#5879);
#5878 = CARTESIAN_POINT('',(-1.172050016982,-1.2,0.232635182233));
#5879 = VECTOR('',#5880,1.);
#5880 = DIRECTION('',(1.144237745222E-17,1.,0.));
#5881 = ORIENTED_EDGE('',*,*,#4815,.T.);
#5882 = ORIENTED_EDGE('',*,*,#5862,.F.);
#5883 = ORIENTED_EDGE('',*,*,#4706,.F.);
#5884 = PLANE('',#5885);
#5885 = AXIS2_PLACEMENT_3D('',#5886,#5887,#5888);
#5886 = CARTESIAN_POINT('',(-1.172050016982,-1.2,0.232635182233));
#5887 = DIRECTION('',(0.986721169868,-1.129043606572E-17,-0.162423314012
    ));
#5888 = DIRECTION('',(0.162423314012,-1.858508865964E-18,0.986721169868)
  );
#5889 = ADVANCED_FACE('',(#5890),#5901,.F.);
#5890 = FACE_BOUND('',#5891,.F.);
#5891 = EDGE_LOOP('',(#5892,#5898,#5899,#5900));
#5892 = ORIENTED_EDGE('',*,*,#5893,.T.);
#5893 = EDGE_CURVE('',#4690,#4799,#5894,.T.);
#5894 = LINE('',#5895,#5896);
#5895 = CARTESIAN_POINT('',(-1.270530792283,-1.2,0.15));
#5896 = VECTOR('',#5897,1.);
#5897 = DIRECTION('',(1.144237745222E-17,1.,0.));
#5898 = ORIENTED_EDGE('',*,*,#4806,.T.);
#5899 = ORIENTED_EDGE('',*,*,#5876,.F.);
#5900 = ORIENTED_EDGE('',*,*,#4697,.F.);
#5901 = CYLINDRICAL_SURFACE('',#5902,0.1);
#5902 = AXIS2_PLACEMENT_3D('',#5903,#5904,#5905);
#5903 = CARTESIAN_POINT('',(-1.270530792283,-1.2,0.25));
#5904 = DIRECTION('',(-1.144237745222E-17,-1.,0.));
#5905 = DIRECTION('',(-2.22044604925E-15,2.540718180781E-32,-1.));
#5906 = ADVANCED_FACE('',(#5907),#5918,.F.);
#5907 = FACE_BOUND('',#5908,.F.);
#5908 = EDGE_LOOP('',(#5909,#5915,#5916,#5917));
#5909 = ORIENTED_EDGE('',*,*,#5910,.T.);
#5910 = EDGE_CURVE('',#4682,#4791,#5911,.T.);
#5911 = LINE('',#5912,#5913);
#5912 = CARTESIAN_POINT('',(-1.4,-1.2,0.15));
#5913 = VECTOR('',#5914,1.);
#5914 = DIRECTION('',(1.144237745222E-17,1.,0.));
#5915 = ORIENTED_EDGE('',*,*,#4798,.T.);
#5916 = ORIENTED_EDGE('',*,*,#5893,.F.);
#5917 = ORIENTED_EDGE('',*,*,#4689,.F.);
#5918 = PLANE('',#5919);
#5919 = AXIS2_PLACEMENT_3D('',#5920,#5921,#5922);
#5920 = CARTESIAN_POINT('',(-1.4,-1.2,0.15));
#5921 = DIRECTION('',(0.,0.,-1.));
#5922 = DIRECTION('',(1.,-1.144237745222E-17,0.));
#5923 = ADVANCED_FACE('',(#5924),#5935,.F.);
#5924 = FACE_BOUND('',#5925,.F.);
#5925 = EDGE_LOOP('',(#5926,#5932,#5933,#5934));
#5926 = ORIENTED_EDGE('',*,*,#5927,.T.);
#5927 = EDGE_CURVE('',#4674,#4783,#5928,.T.);
#5928 = LINE('',#5929,#5930);
#5929 = CARTESIAN_POINT('',(-1.4,-1.2,0.));
#5930 = VECTOR('',#5931,1.);
#5931 = DIRECTION('',(1.144237745222E-17,1.,0.));
#5932 = ORIENTED_EDGE('',*,*,#4790,.T.);
#5933 = ORIENTED_EDGE('',*,*,#5910,.F.);
#5934 = ORIENTED_EDGE('',*,*,#4681,.F.);
#5935 = PLANE('',#5936);
#5936 = AXIS2_PLACEMENT_3D('',#5937,#5938,#5939);
#5937 = CARTESIAN_POINT('',(-1.4,-1.2,0.));
#5938 = DIRECTION('',(1.,-1.144237745222E-17,0.));
#5939 = DIRECTION('',(0.,0.,1.));
#5940 = ADVANCED_FACE('',(#5941),#5952,.F.);
#5941 = FACE_BOUND('',#5942,.F.);
#5942 = EDGE_LOOP('',(#5943,#5949,#5950,#5951));
#5943 = ORIENTED_EDGE('',*,*,#5944,.T.);
#5944 = EDGE_CURVE('',#4665,#4774,#5945,.T.);
#5945 = LINE('',#5946,#5947);
#5946 = CARTESIAN_POINT('',(-1.270530792283,-1.2,0.));
#5947 = VECTOR('',#5948,1.);
#5948 = DIRECTION('',(1.144237745222E-17,1.,0.));
#5949 = ORIENTED_EDGE('',*,*,#4782,.T.);
#5950 = ORIENTED_EDGE('',*,*,#5927,.F.);
#5951 = ORIENTED_EDGE('',*,*,#4673,.F.);
#5952 = PLANE('',#5953);
#5953 = AXIS2_PLACEMENT_3D('',#5954,#5955,#5956);
#5954 = CARTESIAN_POINT('',(-1.270530792283,-1.2,0.));
#5955 = DIRECTION('',(0.,0.,1.));
#5956 = DIRECTION('',(-1.,1.144237745222E-17,0.));
#5957 = ADVANCED_FACE('',(#5958),#5969,.T.);
#5958 = FACE_BOUND('',#5959,.T.);
#5959 = EDGE_LOOP('',(#5960,#5961,#5962,#5963));
#5960 = ORIENTED_EDGE('',*,*,#4664,.T.);
#5961 = ORIENTED_EDGE('',*,*,#5944,.T.);
#5962 = ORIENTED_EDGE('',*,*,#4773,.F.);
#5963 = ORIENTED_EDGE('',*,*,#5964,.F.);
#5964 = EDGE_CURVE('',#4657,#4766,#5965,.T.);
#5965 = LINE('',#5966,#5967);
#5966 = CARTESIAN_POINT('',(-1.02432885403,-1.2,0.206587955583));
#5967 = VECTOR('',#5968,1.);
#5968 = DIRECTION('',(1.144237745222E-17,1.,0.));
#5969 = CYLINDRICAL_SURFACE('',#5970,0.25);
#5970 = AXIS2_PLACEMENT_3D('',#5971,#5972,#5973);
#5971 = CARTESIAN_POINT('',(-1.270530792283,-1.2,0.25));
#5972 = DIRECTION('',(-1.144237745222E-17,-1.,0.));
#5973 = DIRECTION('',(0.984807753012,-1.126854202784E-17,-0.173648177667
    ));
#5974 = ADVANCED_FACE('',(#5975),#5981,.F.);
#5975 = FACE_BOUND('',#5976,.F.);
#5976 = EDGE_LOOP('',(#5977,#5978,#5979,#5980));
#5977 = ORIENTED_EDGE('',*,*,#4747,.T.);
#5978 = ORIENTED_EDGE('',*,*,#4765,.T.);
#5979 = ORIENTED_EDGE('',*,*,#5964,.F.);
#5980 = ORIENTED_EDGE('',*,*,#4656,.F.);
#5981 = PLANE('',#5982);
#5982 = AXIS2_PLACEMENT_3D('',#5983,#5984,#5985);
#5983 = CARTESIAN_POINT('',(-0.948480775301,-1.2,0.667364817767));
#5984 = DIRECTION('',(-0.986721169868,1.129043606572E-17,0.162423314012)
  );
#5985 = DIRECTION('',(-0.162423314012,1.858508865964E-18,-0.986721169868
    ));
#5986 = ADVANCED_FACE('',(#5987),#5998,.T.);
#5987 = FACE_BOUND('',#5988,.T.);
#5988 = EDGE_LOOP('',(#5989,#5990,#5991,#5992));
#5989 = ORIENTED_EDGE('',*,*,#4937,.T.);
#5990 = ORIENTED_EDGE('',*,*,#5715,.T.);
#5991 = ORIENTED_EDGE('',*,*,#5046,.F.);
#5992 = ORIENTED_EDGE('',*,*,#5993,.F.);
#5993 = EDGE_CURVE('',#4930,#5039,#5994,.T.);
#5994 = LINE('',#5995,#5996);
#5995 = CARTESIAN_POINT('',(-1.096201938253,-0.25,0.693412044417));
#5996 = VECTOR('',#5997,1.);
#5997 = DIRECTION('',(1.144237745222E-17,1.,0.));
#5998 = CYLINDRICAL_SURFACE('',#5999,0.25);
#5999 = AXIS2_PLACEMENT_3D('',#6000,#6001,#6002);
#6000 = CARTESIAN_POINT('',(-0.85,-0.25,0.65));
#6001 = DIRECTION('',(-1.144237745222E-17,-1.,0.));
#6002 = DIRECTION('',(-0.984807753012,1.126854202784E-17,0.173648177667)
  );
#6003 = ADVANCED_FACE('',(#6004),#6015,.F.);
#6004 = FACE_BOUND('',#6005,.F.);
#6005 = EDGE_LOOP('',(#6006,#6012,#6013,#6014));
#6006 = ORIENTED_EDGE('',*,*,#6007,.T.);
#6007 = EDGE_CURVE('',#4921,#5030,#6008,.T.);
#6008 = LINE('',#6009,#6010);
#6009 = CARTESIAN_POINT('',(-1.172050016982,-0.25,0.232635182233));
#6010 = VECTOR('',#6011,1.);
#6011 = DIRECTION('',(1.144237745222E-17,1.,0.));
#6012 = ORIENTED_EDGE('',*,*,#5038,.T.);
#6013 = ORIENTED_EDGE('',*,*,#5993,.F.);
#6014 = ORIENTED_EDGE('',*,*,#4929,.F.);
#6015 = PLANE('',#6016);
#6016 = AXIS2_PLACEMENT_3D('',#6017,#6018,#6019);
#6017 = CARTESIAN_POINT('',(-1.172050016982,-0.25,0.232635182233));
#6018 = DIRECTION('',(0.986721169868,-1.129043606572E-17,-0.162423314012
    ));
#6019 = DIRECTION('',(0.162423314012,-1.858508865964E-18,0.986721169868)
  );
#6020 = ADVANCED_FACE('',(#6021),#6032,.F.);
#6021 = FACE_BOUND('',#6022,.F.);
#6022 = EDGE_LOOP('',(#6023,#6029,#6030,#6031));
#6023 = ORIENTED_EDGE('',*,*,#6024,.T.);
#6024 = EDGE_CURVE('',#4913,#5022,#6025,.T.);
#6025 = LINE('',#6026,#6027);
#6026 = CARTESIAN_POINT('',(-1.270530792283,-0.25,0.15));
#6027 = VECTOR('',#6028,1.);
#6028 = DIRECTION('',(1.144237745222E-17,1.,0.));
#6029 = ORIENTED_EDGE('',*,*,#5029,.T.);
#6030 = ORIENTED_EDGE('',*,*,#6007,.F.);
#6031 = ORIENTED_EDGE('',*,*,#4920,.F.);
#6032 = CYLINDRICAL_SURFACE('',#6033,0.1);
#6033 = AXIS2_PLACEMENT_3D('',#6034,#6035,#6036);
#6034 = CARTESIAN_POINT('',(-1.270530792283,-0.25,0.25));
#6035 = DIRECTION('',(-1.144237745222E-17,-1.,0.));
#6036 = DIRECTION('',(-2.22044604925E-15,2.540718180781E-32,-1.));
#6037 = ADVANCED_FACE('',(#6038),#6049,.F.);
#6038 = FACE_BOUND('',#6039,.F.);
#6039 = EDGE_LOOP('',(#6040,#6046,#6047,#6048));
#6040 = ORIENTED_EDGE('',*,*,#6041,.T.);
#6041 = EDGE_CURVE('',#4905,#5014,#6042,.T.);
#6042 = LINE('',#6043,#6044);
#6043 = CARTESIAN_POINT('',(-1.4,-0.25,0.15));
#6044 = VECTOR('',#6045,1.);
#6045 = DIRECTION('',(1.144237745222E-17,1.,0.));
#6046 = ORIENTED_EDGE('',*,*,#5021,.T.);
#6047 = ORIENTED_EDGE('',*,*,#6024,.F.);
#6048 = ORIENTED_EDGE('',*,*,#4912,.F.);
#6049 = PLANE('',#6050);
#6050 = AXIS2_PLACEMENT_3D('',#6051,#6052,#6053);
#6051 = CARTESIAN_POINT('',(-1.4,-0.25,0.15));
#6052 = DIRECTION('',(0.,0.,-1.));
#6053 = DIRECTION('',(1.,-1.144237745222E-17,0.));
#6054 = ADVANCED_FACE('',(#6055),#6066,.F.);
#6055 = FACE_BOUND('',#6056,.F.);
#6056 = EDGE_LOOP('',(#6057,#6063,#6064,#6065));
#6057 = ORIENTED_EDGE('',*,*,#6058,.T.);
#6058 = EDGE_CURVE('',#4897,#5006,#6059,.T.);
#6059 = LINE('',#6060,#6061);
#6060 = CARTESIAN_POINT('',(-1.4,-0.25,0.));
#6061 = VECTOR('',#6062,1.);
#6062 = DIRECTION('',(1.144237745222E-17,1.,0.));
#6063 = ORIENTED_EDGE('',*,*,#5013,.T.);
#6064 = ORIENTED_EDGE('',*,*,#6041,.F.);
#6065 = ORIENTED_EDGE('',*,*,#4904,.F.);
#6066 = PLANE('',#6067);
#6067 = AXIS2_PLACEMENT_3D('',#6068,#6069,#6070);
#6068 = CARTESIAN_POINT('',(-1.4,-0.25,0.));
#6069 = DIRECTION('',(1.,-1.144237745222E-17,0.));
#6070 = DIRECTION('',(0.,0.,1.));
#6071 = ADVANCED_FACE('',(#6072),#6083,.F.);
#6072 = FACE_BOUND('',#6073,.F.);
#6073 = EDGE_LOOP('',(#6074,#6080,#6081,#6082));
#6074 = ORIENTED_EDGE('',*,*,#6075,.T.);
#6075 = EDGE_CURVE('',#4888,#4997,#6076,.T.);
#6076 = LINE('',#6077,#6078);
#6077 = CARTESIAN_POINT('',(-1.270530792283,-0.25,0.));
#6078 = VECTOR('',#6079,1.);
#6079 = DIRECTION('',(1.144237745222E-17,1.,0.));
#6080 = ORIENTED_EDGE('',*,*,#5005,.T.);
#6081 = ORIENTED_EDGE('',*,*,#6058,.F.);
#6082 = ORIENTED_EDGE('',*,*,#4896,.F.);
#6083 = PLANE('',#6084);
#6084 = AXIS2_PLACEMENT_3D('',#6085,#6086,#6087);
#6085 = CARTESIAN_POINT('',(-1.270530792283,-0.25,0.));
#6086 = DIRECTION('',(0.,0.,1.));
#6087 = DIRECTION('',(-1.,1.144237745222E-17,0.));
#6088 = ADVANCED_FACE('',(#6089),#6100,.T.);
#6089 = FACE_BOUND('',#6090,.T.);
#6090 = EDGE_LOOP('',(#6091,#6092,#6093,#6094));
#6091 = ORIENTED_EDGE('',*,*,#4887,.T.);
#6092 = ORIENTED_EDGE('',*,*,#6075,.T.);
#6093 = ORIENTED_EDGE('',*,*,#4996,.F.);
#6094 = ORIENTED_EDGE('',*,*,#6095,.F.);
#6095 = EDGE_CURVE('',#4880,#4989,#6096,.T.);
#6096 = LINE('',#6097,#6098);
#6097 = CARTESIAN_POINT('',(-1.02432885403,-0.25,0.206587955583));
#6098 = VECTOR('',#6099,1.);
#6099 = DIRECTION('',(1.144237745222E-17,1.,0.));
#6100 = CYLINDRICAL_SURFACE('',#6101,0.25);
#6101 = AXIS2_PLACEMENT_3D('',#6102,#6103,#6104);
#6102 = CARTESIAN_POINT('',(-1.270530792283,-0.25,0.25));
#6103 = DIRECTION('',(-1.144237745222E-17,-1.,0.));
#6104 = DIRECTION('',(0.984807753012,-1.126854202784E-17,-0.173648177667
    ));
#6105 = ADVANCED_FACE('',(#6106),#6112,.F.);
#6106 = FACE_BOUND('',#6107,.F.);
#6107 = EDGE_LOOP('',(#6108,#6109,#6110,#6111));
#6108 = ORIENTED_EDGE('',*,*,#4970,.T.);
#6109 = ORIENTED_EDGE('',*,*,#4988,.T.);
#6110 = ORIENTED_EDGE('',*,*,#6095,.F.);
#6111 = ORIENTED_EDGE('',*,*,#4879,.F.);
#6112 = PLANE('',#6113);
#6113 = AXIS2_PLACEMENT_3D('',#6114,#6115,#6116);
#6114 = CARTESIAN_POINT('',(-0.948480775301,-0.25,0.667364817767));
#6115 = DIRECTION('',(-0.986721169868,1.129043606572E-17,0.162423314012)
  );
#6116 = DIRECTION('',(-0.162423314012,1.858508865964E-18,-0.986721169868
    ));
#6117 = ADVANCED_FACE('',(#6118),#6129,.F.);
#6118 = FACE_BOUND('',#6119,.F.);
#6119 = EDGE_LOOP('',(#6120,#6126,#6127,#6128));
#6120 = ORIENTED_EDGE('',*,*,#6121,.T.);
#6121 = EDGE_CURVE('',#5139,#5241,#6122,.T.);
#6122 = LINE('',#6123,#6124);
#6123 = CARTESIAN_POINT('',(-1.172050016982,0.7,0.232635182233));
#6124 = VECTOR('',#6125,1.);
#6125 = DIRECTION('',(1.144237745222E-17,1.,0.));
#6126 = ORIENTED_EDGE('',*,*,#5249,.T.);
#6127 = ORIENTED_EDGE('',*,*,#5681,.F.);
#6128 = ORIENTED_EDGE('',*,*,#5147,.F.);
#6129 = PLANE('',#6130);
#6130 = AXIS2_PLACEMENT_3D('',#6131,#6132,#6133);
#6131 = CARTESIAN_POINT('',(-1.172050016982,0.7,0.232635182233));
#6132 = DIRECTION('',(0.986721169868,-1.129043606572E-17,-0.162423314012
    ));
#6133 = DIRECTION('',(0.162423314012,-1.858508865964E-18,0.986721169868)
  );
#6134 = ADVANCED_FACE('',(#6135),#6146,.F.);
#6135 = FACE_BOUND('',#6136,.F.);
#6136 = EDGE_LOOP('',(#6137,#6143,#6144,#6145));
#6137 = ORIENTED_EDGE('',*,*,#6138,.T.);
#6138 = EDGE_CURVE('',#5131,#5233,#6139,.T.);
#6139 = LINE('',#6140,#6141);
#6140 = CARTESIAN_POINT('',(-1.270530792283,0.7,0.15));
#6141 = VECTOR('',#6142,1.);
#6142 = DIRECTION('',(1.144237745222E-17,1.,0.));
#6143 = ORIENTED_EDGE('',*,*,#5240,.T.);
#6144 = ORIENTED_EDGE('',*,*,#6121,.F.);
#6145 = ORIENTED_EDGE('',*,*,#5138,.F.);
#6146 = CYLINDRICAL_SURFACE('',#6147,0.1);
#6147 = AXIS2_PLACEMENT_3D('',#6148,#6149,#6150);
#6148 = CARTESIAN_POINT('',(-1.270530792283,0.7,0.25));
#6149 = DIRECTION('',(-1.144237745222E-17,-1.,0.));
#6150 = DIRECTION('',(-2.22044604925E-15,2.540718180781E-32,-1.));
#6151 = ADVANCED_FACE('',(#6152),#6163,.F.);
#6152 = FACE_BOUND('',#6153,.F.);
#6153 = EDGE_LOOP('',(#6154,#6160,#6161,#6162));
#6154 = ORIENTED_EDGE('',*,*,#6155,.T.);
#6155 = EDGE_CURVE('',#5123,#5225,#6156,.T.);
#6156 = LINE('',#6157,#6158);
#6157 = CARTESIAN_POINT('',(-1.4,0.7,0.15));
#6158 = VECTOR('',#6159,1.);
#6159 = DIRECTION('',(1.144237745222E-17,1.,0.));
#6160 = ORIENTED_EDGE('',*,*,#5232,.T.);
#6161 = ORIENTED_EDGE('',*,*,#6138,.F.);
#6162 = ORIENTED_EDGE('',*,*,#5130,.F.);
#6163 = PLANE('',#6164);
#6164 = AXIS2_PLACEMENT_3D('',#6165,#6166,#6167);
#6165 = CARTESIAN_POINT('',(-1.4,0.7,0.15));
#6166 = DIRECTION('',(0.,0.,-1.));
#6167 = DIRECTION('',(1.,-1.144237745222E-17,0.));
#6168 = ADVANCED_FACE('',(#6169),#6180,.F.);
#6169 = FACE_BOUND('',#6170,.F.);
#6170 = EDGE_LOOP('',(#6171,#6177,#6178,#6179));
#6171 = ORIENTED_EDGE('',*,*,#6172,.T.);
#6172 = EDGE_CURVE('',#5115,#5217,#6173,.T.);
#6173 = LINE('',#6174,#6175);
#6174 = CARTESIAN_POINT('',(-1.4,0.7,0.));
#6175 = VECTOR('',#6176,1.);
#6176 = DIRECTION('',(1.144237745222E-17,1.,0.));
#6177 = ORIENTED_EDGE('',*,*,#5224,.T.);
#6178 = ORIENTED_EDGE('',*,*,#6155,.F.);
#6179 = ORIENTED_EDGE('',*,*,#5122,.F.);
#6180 = PLANE('',#6181);
#6181 = AXIS2_PLACEMENT_3D('',#6182,#6183,#6184);
#6182 = CARTESIAN_POINT('',(-1.4,0.7,0.));
#6183 = DIRECTION('',(1.,-1.144237745222E-17,0.));
#6184 = DIRECTION('',(0.,0.,1.));
#6185 = ADVANCED_FACE('',(#6186),#6197,.F.);
#6186 = FACE_BOUND('',#6187,.F.);
#6187 = EDGE_LOOP('',(#6188,#6194,#6195,#6196));
#6188 = ORIENTED_EDGE('',*,*,#6189,.T.);
#6189 = EDGE_CURVE('',#5106,#5208,#6190,.T.);
#6190 = LINE('',#6191,#6192);
#6191 = CARTESIAN_POINT('',(-1.270530792283,0.7,0.));
#6192 = VECTOR('',#6193,1.);
#6193 = DIRECTION('',(1.144237745222E-17,1.,0.));
#6194 = ORIENTED_EDGE('',*,*,#5216,.T.);
#6195 = ORIENTED_EDGE('',*,*,#6172,.F.);
#6196 = ORIENTED_EDGE('',*,*,#5114,.F.);
#6197 = PLANE('',#6198);
#6198 = AXIS2_PLACEMENT_3D('',#6199,#6200,#6201);
#6199 = CARTESIAN_POINT('',(-1.270530792283,0.7,0.));
#6200 = DIRECTION('',(0.,0.,1.));
#6201 = DIRECTION('',(-1.,1.144237745222E-17,0.));
#6202 = ADVANCED_FACE('',(#6203),#6214,.T.);
#6203 = FACE_BOUND('',#6204,.T.);
#6204 = EDGE_LOOP('',(#6205,#6206,#6207,#6208));
#6205 = ORIENTED_EDGE('',*,*,#5105,.T.);
#6206 = ORIENTED_EDGE('',*,*,#6189,.T.);
#6207 = ORIENTED_EDGE('',*,*,#5207,.F.);
#6208 = ORIENTED_EDGE('',*,*,#6209,.F.);
#6209 = EDGE_CURVE('',#5098,#5200,#6210,.T.);
#6210 = LINE('',#6211,#6212);
#6211 = CARTESIAN_POINT('',(-1.02432885403,0.7,0.206587955583));
#6212 = VECTOR('',#6213,1.);
#6213 = DIRECTION('',(1.144237745222E-17,1.,0.));
#6214 = CYLINDRICAL_SURFACE('',#6215,0.25);
#6215 = AXIS2_PLACEMENT_3D('',#6216,#6217,#6218);
#6216 = CARTESIAN_POINT('',(-1.270530792283,0.7,0.25));
#6217 = DIRECTION('',(-1.144237745222E-17,-1.,0.));
#6218 = DIRECTION('',(0.984807753012,-1.126854202784E-17,-0.173648177667
    ));
#6219 = ADVANCED_FACE('',(#6220),#6226,.F.);
#6220 = FACE_BOUND('',#6221,.F.);
#6221 = EDGE_LOOP('',(#6222,#6223,#6224,#6225));
#6222 = ORIENTED_EDGE('',*,*,#5181,.T.);
#6223 = ORIENTED_EDGE('',*,*,#5199,.T.);
#6224 = ORIENTED_EDGE('',*,*,#6209,.F.);
#6225 = ORIENTED_EDGE('',*,*,#5097,.F.);
#6226 = PLANE('',#6227);
#6227 = AXIS2_PLACEMENT_3D('',#6228,#6229,#6230);
#6228 = CARTESIAN_POINT('',(-0.948480775301,0.7,0.667364817767));
#6229 = DIRECTION('',(-0.986721169868,1.129043606572E-17,0.162423314012)
  );
#6230 = DIRECTION('',(-0.162423314012,1.858508865964E-18,-0.986721169868
    ));
#6231 = ADVANCED_FACE('',(#6232),#6243,.F.);
#6232 = FACE_BOUND('',#6233,.F.);
#6233 = EDGE_LOOP('',(#6234,#6240,#6241,#6242));
#6234 = ORIENTED_EDGE('',*,*,#6235,.T.);
#6235 = EDGE_CURVE('',#5326,#5428,#6236,.T.);
#6236 = LINE('',#6237,#6238);
#6237 = CARTESIAN_POINT('',(1.172050016982,1.2,0.232635182233));
#6238 = VECTOR('',#6239,1.);
#6239 = DIRECTION('',(1.110223024625E-16,-1.,0.));
#6240 = ORIENTED_EDGE('',*,*,#5436,.T.);
#6241 = ORIENTED_EDGE('',*,*,#5833,.F.);
#6242 = ORIENTED_EDGE('',*,*,#5334,.F.);
#6243 = PLANE('',#6244);
#6244 = AXIS2_PLACEMENT_3D('',#6245,#6246,#6247);
#6245 = CARTESIAN_POINT('',(1.172050016982,1.2,0.232635182233));
#6246 = DIRECTION('',(-0.986721169868,-1.095480561672E-16,
    -0.162423314012));
#6247 = DIRECTION('',(-0.162423314012,-1.803261029519E-17,0.986721169868
    ));
#6248 = ADVANCED_FACE('',(#6249),#6260,.F.);
#6249 = FACE_BOUND('',#6250,.F.);
#6250 = EDGE_LOOP('',(#6251,#6257,#6258,#6259));
#6251 = ORIENTED_EDGE('',*,*,#6252,.T.);
#6252 = EDGE_CURVE('',#5318,#5420,#6253,.T.);
#6253 = LINE('',#6254,#6255);
#6254 = CARTESIAN_POINT('',(1.270530792283,1.2,0.15));
#6255 = VECTOR('',#6256,1.);
#6256 = DIRECTION('',(1.110223024625E-16,-1.,0.));
#6257 = ORIENTED_EDGE('',*,*,#5427,.T.);
#6258 = ORIENTED_EDGE('',*,*,#6235,.F.);
#6259 = ORIENTED_EDGE('',*,*,#5325,.F.);
#6260 = CYLINDRICAL_SURFACE('',#6261,0.1);
#6261 = AXIS2_PLACEMENT_3D('',#6262,#6263,#6264);
#6262 = CARTESIAN_POINT('',(1.270530792283,1.2,0.25));
#6263 = DIRECTION('',(-1.110223024625E-16,1.,0.));
#6264 = DIRECTION('',(2.22044604925E-15,2.465190328815E-31,-1.));
#6265 = ADVANCED_FACE('',(#6266),#6277,.F.);
#6266 = FACE_BOUND('',#6267,.F.);
#6267 = EDGE_LOOP('',(#6268,#6274,#6275,#6276));
#6268 = ORIENTED_EDGE('',*,*,#6269,.T.);
#6269 = EDGE_CURVE('',#5310,#5412,#6270,.T.);
#6270 = LINE('',#6271,#6272);
#6271 = CARTESIAN_POINT('',(1.4,1.2,0.15));
#6272 = VECTOR('',#6273,1.);
#6273 = DIRECTION('',(1.110223024625E-16,-1.,0.));
#6274 = ORIENTED_EDGE('',*,*,#5419,.T.);
#6275 = ORIENTED_EDGE('',*,*,#6252,.F.);
#6276 = ORIENTED_EDGE('',*,*,#5317,.F.);
#6277 = PLANE('',#6278);
#6278 = AXIS2_PLACEMENT_3D('',#6279,#6280,#6281);
#6279 = CARTESIAN_POINT('',(1.4,1.2,0.15));
#6280 = DIRECTION('',(0.,0.,-1.));
#6281 = DIRECTION('',(-1.,-1.110223024625E-16,-0.));
#6282 = ADVANCED_FACE('',(#6283),#6294,.F.);
#6283 = FACE_BOUND('',#6284,.F.);
#6284 = EDGE_LOOP('',(#6285,#6291,#6292,#6293));
#6285 = ORIENTED_EDGE('',*,*,#6286,.T.);
#6286 = EDGE_CURVE('',#5302,#5404,#6287,.T.);
#6287 = LINE('',#6288,#6289);
#6288 = CARTESIAN_POINT('',(1.4,1.2,0.));
#6289 = VECTOR('',#6290,1.);
#6290 = DIRECTION('',(1.110223024625E-16,-1.,0.));
#6291 = ORIENTED_EDGE('',*,*,#5411,.T.);
#6292 = ORIENTED_EDGE('',*,*,#6269,.F.);
#6293 = ORIENTED_EDGE('',*,*,#5309,.F.);
#6294 = PLANE('',#6295);
#6295 = AXIS2_PLACEMENT_3D('',#6296,#6297,#6298);
#6296 = CARTESIAN_POINT('',(1.4,1.2,0.));
#6297 = DIRECTION('',(-1.,-1.110223024625E-16,0.));
#6298 = DIRECTION('',(0.,0.,1.));
#6299 = ADVANCED_FACE('',(#6300),#6311,.F.);
#6300 = FACE_BOUND('',#6301,.F.);
#6301 = EDGE_LOOP('',(#6302,#6308,#6309,#6310));
#6302 = ORIENTED_EDGE('',*,*,#6303,.T.);
#6303 = EDGE_CURVE('',#5293,#5395,#6304,.T.);
#6304 = LINE('',#6305,#6306);
#6305 = CARTESIAN_POINT('',(1.270530792283,1.2,0.));
#6306 = VECTOR('',#6307,1.);
#6307 = DIRECTION('',(1.110223024625E-16,-1.,0.));
#6308 = ORIENTED_EDGE('',*,*,#5403,.T.);
#6309 = ORIENTED_EDGE('',*,*,#6286,.F.);
#6310 = ORIENTED_EDGE('',*,*,#5301,.F.);
#6311 = PLANE('',#6312);
#6312 = AXIS2_PLACEMENT_3D('',#6313,#6314,#6315);
#6313 = CARTESIAN_POINT('',(1.270530792283,1.2,0.));
#6314 = DIRECTION('',(0.,0.,1.));
#6315 = DIRECTION('',(1.,1.110223024625E-16,-0.));
#6316 = ADVANCED_FACE('',(#6317),#6328,.T.);
#6317 = FACE_BOUND('',#6318,.T.);
#6318 = EDGE_LOOP('',(#6319,#6320,#6321,#6322));
#6319 = ORIENTED_EDGE('',*,*,#5292,.T.);
#6320 = ORIENTED_EDGE('',*,*,#6303,.T.);
#6321 = ORIENTED_EDGE('',*,*,#5394,.F.);
#6322 = ORIENTED_EDGE('',*,*,#6323,.F.);
#6323 = EDGE_CURVE('',#5285,#5387,#6324,.T.);
#6324 = LINE('',#6325,#6326);
#6325 = CARTESIAN_POINT('',(1.02432885403,1.2,0.206587955583));
#6326 = VECTOR('',#6327,1.);
#6327 = DIRECTION('',(1.110223024625E-16,-1.,0.));
#6328 = CYLINDRICAL_SURFACE('',#6329,0.25);
#6329 = AXIS2_PLACEMENT_3D('',#6330,#6331,#6332);
#6330 = CARTESIAN_POINT('',(1.270530792283,1.2,0.25));
#6331 = DIRECTION('',(-1.110223024625E-16,1.,0.));
#6332 = DIRECTION('',(-0.984807753012,-1.093356242223E-16,
    -0.173648177667));
#6333 = ADVANCED_FACE('',(#6334),#6340,.F.);
#6334 = FACE_BOUND('',#6335,.F.);
#6335 = EDGE_LOOP('',(#6336,#6337,#6338,#6339));
#6336 = ORIENTED_EDGE('',*,*,#5368,.T.);
#6337 = ORIENTED_EDGE('',*,*,#5386,.T.);
#6338 = ORIENTED_EDGE('',*,*,#6323,.F.);
#6339 = ORIENTED_EDGE('',*,*,#5284,.F.);
#6340 = PLANE('',#6341);
#6341 = AXIS2_PLACEMENT_3D('',#6342,#6343,#6344);
#6342 = CARTESIAN_POINT('',(0.948480775301,1.2,0.667364817767));
#6343 = DIRECTION('',(0.986721169868,1.095480561672E-16,0.162423314012)
  );
#6344 = DIRECTION('',(0.162423314012,1.803261029519E-17,-0.986721169868)
  );
#6345 = ADVANCED_FACE('',(#6346),#6357,.T.);
#6346 = FACE_BOUND('',#6347,.T.);
#6347 = EDGE_LOOP('',(#6348,#6349,#6350,#6351));
#6348 = ORIENTED_EDGE('',*,*,#5546,.T.);
#6349 = ORIENTED_EDGE('',*,*,#5796,.T.);
#6350 = ORIENTED_EDGE('',*,*,#5655,.F.);
#6351 = ORIENTED_EDGE('',*,*,#6352,.F.);
#6352 = EDGE_CURVE('',#5539,#5648,#6353,.T.);
#6353 = LINE('',#6354,#6355);
#6354 = CARTESIAN_POINT('',(1.096201938253,-0.7,0.693412044417));
#6355 = VECTOR('',#6356,1.);
#6356 = DIRECTION('',(1.110223024625E-16,-1.,0.));
#6357 = CYLINDRICAL_SURFACE('',#6358,0.25);
#6358 = AXIS2_PLACEMENT_3D('',#6359,#6360,#6361);
#6359 = CARTESIAN_POINT('',(0.85,-0.7,0.65));
#6360 = DIRECTION('',(-1.110223024625E-16,1.,0.));
#6361 = DIRECTION('',(0.984807753012,1.093356242223E-16,0.173648177667)
  );
#6362 = ADVANCED_FACE('',(#6363),#6374,.F.);
#6363 = FACE_BOUND('',#6364,.F.);
#6364 = EDGE_LOOP('',(#6365,#6371,#6372,#6373));
#6365 = ORIENTED_EDGE('',*,*,#6366,.T.);
#6366 = EDGE_CURVE('',#5530,#5639,#6367,.T.);
#6367 = LINE('',#6368,#6369);
#6368 = CARTESIAN_POINT('',(1.172050016982,-0.7,0.232635182233));
#6369 = VECTOR('',#6370,1.);
#6370 = DIRECTION('',(1.110223024625E-16,-1.,0.));
#6371 = ORIENTED_EDGE('',*,*,#5647,.T.);
#6372 = ORIENTED_EDGE('',*,*,#6352,.F.);
#6373 = ORIENTED_EDGE('',*,*,#5538,.F.);
#6374 = PLANE('',#6375);
#6375 = AXIS2_PLACEMENT_3D('',#6376,#6377,#6378);
#6376 = CARTESIAN_POINT('',(1.172050016982,-0.7,0.232635182233));
#6377 = DIRECTION('',(-0.986721169868,-1.095480561672E-16,
    -0.162423314012));
#6378 = DIRECTION('',(-0.162423314012,-1.803261029519E-17,0.986721169868
    ));
#6379 = ADVANCED_FACE('',(#6380),#6391,.F.);
#6380 = FACE_BOUND('',#6381,.F.);
#6381 = EDGE_LOOP('',(#6382,#6388,#6389,#6390));
#6382 = ORIENTED_EDGE('',*,*,#6383,.T.);
#6383 = EDGE_CURVE('',#5522,#5631,#6384,.T.);
#6384 = LINE('',#6385,#6386);
#6385 = CARTESIAN_POINT('',(1.270530792283,-0.7,0.15));
#6386 = VECTOR('',#6387,1.);
#6387 = DIRECTION('',(1.110223024625E-16,-1.,0.));
#6388 = ORIENTED_EDGE('',*,*,#5638,.T.);
#6389 = ORIENTED_EDGE('',*,*,#6366,.F.);
#6390 = ORIENTED_EDGE('',*,*,#5529,.F.);
#6391 = CYLINDRICAL_SURFACE('',#6392,0.1);
#6392 = AXIS2_PLACEMENT_3D('',#6393,#6394,#6395);
#6393 = CARTESIAN_POINT('',(1.270530792283,-0.7,0.25));
#6394 = DIRECTION('',(-1.110223024625E-16,1.,0.));
#6395 = DIRECTION('',(2.22044604925E-15,2.465190328815E-31,-1.));
#6396 = ADVANCED_FACE('',(#6397),#6408,.F.);
#6397 = FACE_BOUND('',#6398,.F.);
#6398 = EDGE_LOOP('',(#6399,#6405,#6406,#6407));
#6399 = ORIENTED_EDGE('',*,*,#6400,.T.);
#6400 = EDGE_CURVE('',#5514,#5623,#6401,.T.);
#6401 = LINE('',#6402,#6403);
#6402 = CARTESIAN_POINT('',(1.4,-0.7,0.15));
#6403 = VECTOR('',#6404,1.);
#6404 = DIRECTION('',(1.110223024625E-16,-1.,0.));
#6405 = ORIENTED_EDGE('',*,*,#5630,.T.);
#6406 = ORIENTED_EDGE('',*,*,#6383,.F.);
#6407 = ORIENTED_EDGE('',*,*,#5521,.F.);
#6408 = PLANE('',#6409);
#6409 = AXIS2_PLACEMENT_3D('',#6410,#6411,#6412);
#6410 = CARTESIAN_POINT('',(1.4,-0.7,0.15));
#6411 = DIRECTION('',(0.,0.,-1.));
#6412 = DIRECTION('',(-1.,-1.110223024625E-16,-0.));
#6413 = ADVANCED_FACE('',(#6414),#6425,.F.);
#6414 = FACE_BOUND('',#6415,.F.);
#6415 = EDGE_LOOP('',(#6416,#6422,#6423,#6424));
#6416 = ORIENTED_EDGE('',*,*,#6417,.T.);
#6417 = EDGE_CURVE('',#5506,#5615,#6418,.T.);
#6418 = LINE('',#6419,#6420);
#6419 = CARTESIAN_POINT('',(1.4,-0.7,0.));
#6420 = VECTOR('',#6421,1.);
#6421 = DIRECTION('',(1.110223024625E-16,-1.,0.));
#6422 = ORIENTED_EDGE('',*,*,#5622,.T.);
#6423 = ORIENTED_EDGE('',*,*,#6400,.F.);
#6424 = ORIENTED_EDGE('',*,*,#5513,.F.);
#6425 = PLANE('',#6426);
#6426 = AXIS2_PLACEMENT_3D('',#6427,#6428,#6429);
#6427 = CARTESIAN_POINT('',(1.4,-0.7,0.));
#6428 = DIRECTION('',(-1.,-1.110223024625E-16,0.));
#6429 = DIRECTION('',(0.,0.,1.));
#6430 = ADVANCED_FACE('',(#6431),#6442,.F.);
#6431 = FACE_BOUND('',#6432,.F.);
#6432 = EDGE_LOOP('',(#6433,#6439,#6440,#6441));
#6433 = ORIENTED_EDGE('',*,*,#6434,.T.);
#6434 = EDGE_CURVE('',#5497,#5606,#6435,.T.);
#6435 = LINE('',#6436,#6437);
#6436 = CARTESIAN_POINT('',(1.270530792283,-0.7,0.));
#6437 = VECTOR('',#6438,1.);
#6438 = DIRECTION('',(1.110223024625E-16,-1.,0.));
#6439 = ORIENTED_EDGE('',*,*,#5614,.T.);
#6440 = ORIENTED_EDGE('',*,*,#6417,.F.);
#6441 = ORIENTED_EDGE('',*,*,#5505,.F.);
#6442 = PLANE('',#6443);
#6443 = AXIS2_PLACEMENT_3D('',#6444,#6445,#6446);
#6444 = CARTESIAN_POINT('',(1.270530792283,-0.7,0.));
#6445 = DIRECTION('',(0.,0.,1.));
#6446 = DIRECTION('',(1.,1.110223024625E-16,-0.));
#6447 = ADVANCED_FACE('',(#6448),#6459,.T.);
#6448 = FACE_BOUND('',#6449,.T.);
#6449 = EDGE_LOOP('',(#6450,#6451,#6452,#6453));
#6450 = ORIENTED_EDGE('',*,*,#5496,.T.);
#6451 = ORIENTED_EDGE('',*,*,#6434,.T.);
#6452 = ORIENTED_EDGE('',*,*,#5605,.F.);
#6453 = ORIENTED_EDGE('',*,*,#6454,.F.);
#6454 = EDGE_CURVE('',#5489,#5598,#6455,.T.);
#6455 = LINE('',#6456,#6457);
#6456 = CARTESIAN_POINT('',(1.02432885403,-0.7,0.206587955583));
#6457 = VECTOR('',#6458,1.);
#6458 = DIRECTION('',(1.110223024625E-16,-1.,0.));
#6459 = CYLINDRICAL_SURFACE('',#6460,0.25);
#6460 = AXIS2_PLACEMENT_3D('',#6461,#6462,#6463);
#6461 = CARTESIAN_POINT('',(1.270530792283,-0.7,0.25));
#6462 = DIRECTION('',(-1.110223024625E-16,1.,0.));
#6463 = DIRECTION('',(-0.984807753012,-1.093356242223E-16,
    -0.173648177667));
#6464 = ADVANCED_FACE('',(#6465),#6471,.F.);
#6465 = FACE_BOUND('',#6466,.F.);
#6466 = EDGE_LOOP('',(#6467,#6468,#6469,#6470));
#6467 = ORIENTED_EDGE('',*,*,#5579,.T.);
#6468 = ORIENTED_EDGE('',*,*,#5597,.T.);
#6469 = ORIENTED_EDGE('',*,*,#6454,.F.);
#6470 = ORIENTED_EDGE('',*,*,#5488,.F.);
#6471 = PLANE('',#6472);
#6472 = AXIS2_PLACEMENT_3D('',#6473,#6474,#6475);
#6473 = CARTESIAN_POINT('',(0.948480775301,-0.7,0.667364817767));
#6474 = DIRECTION('',(0.986721169868,1.095480561672E-16,0.162423314012)
  );
#6475 = DIRECTION('',(0.162423314012,1.803261029519E-17,-0.986721169868)
  );
#6476 = ADVANCED_FACE('',(#6477),#6480,.F.);
#6477 = FACE_BOUND('',#6478,.T.);
#6478 = EDGE_LOOP('',(#6479));
#6479 = ORIENTED_EDGE('',*,*,#5762,.F.);
#6480 = PLANE('',#6481);
#6481 = AXIS2_PLACEMENT_3D('',#6482,#6483,#6484);
#6482 = CARTESIAN_POINT('',(-0.483648457443,1.133648457443,1.55));
#6483 = DIRECTION('',(0.,0.,-1.));
#6484 = DIRECTION('',(1.110223024625E-16,-1.,0.));
#6485 = ( GEOMETRIC_REPRESENTATION_CONTEXT(3) 
GLOBAL_UNCERTAINTY_ASSIGNED_CONTEXT((#6489)) 
GLOBAL_UNIT_ASSIGNED_CONTEXT((#6486,#6487,#6488)) REPRESENTATION_CONTEXT
('Context #1','3D Context with UNIT and UNCERTAINTY') );
#6486 = ( LENGTH_UNIT() NAMED_UNIT(*) SI_UNIT(.MILLI.,.METRE.) );
#6487 = ( NAMED_UNIT(*) PLANE_ANGLE_UNIT() SI_UNIT($,.RADIAN.) );
#6488 = ( NAMED_UNIT(*) SI_UNIT($,.STERADIAN.) SOLID_ANGLE_UNIT() );
#6489 = UNCERTAINTY_MEASURE_WITH_UNIT(LENGTH_MEASURE(1.E-07),#6486,
  'distance_accuracy_value','confusion accuracy');
#6490 = CONTEXT_DEPENDENT_SHAPE_REPRESENTATION(#6491,#6493);
#6491 = ( REPRESENTATION_RELATIONSHIP('','',#3415,#10) 
REPRESENTATION_RELATIONSHIP_WITH_TRANSFORMATION(#6492) 
SHAPE_REPRESENTATION_RELATIONSHIP() );
#6492 = ITEM_DEFINED_TRANSFORMATION('','',#11,#55);
#6493 = PRODUCT_DEFINITION_SHAPE('Placement','Placement of an item',
  #6494);
#6494 = NEXT_ASSEMBLY_USAGE_OCCURRENCE('11','U2','',#5,#3410,$);
#6495 = PRODUCT_RELATED_PRODUCT_CATEGORY('part',$,(#3412));
#6496 = CONTEXT_DEPENDENT_SHAPE_REPRESENTATION(#6497,#6499);
#6497 = ( REPRESENTATION_RELATIONSHIP('','',#2576,#10) 
REPRESENTATION_RELATIONSHIP_WITH_TRANSFORMATION(#6498) 
SHAPE_REPRESENTATION_RELATIONSHIP() );
#6498 = ITEM_DEFINED_TRANSFORMATION('','',#11,#59);
#6499 = PRODUCT_DEFINITION_SHAPE('Placement','Placement of an item',
  #6500);
#6500 = NEXT_ASSEMBLY_USAGE_OCCURRENCE('12','R5','',#5,#2571,$);
#6501 = CONTEXT_DEPENDENT_SHAPE_REPRESENTATION(#6502,#6504);
#6502 = ( REPRESENTATION_RELATIONSHIP('','',#156,#10) 
REPRESENTATION_RELATIONSHIP_WITH_TRANSFORMATION(#6503) 
SHAPE_REPRESENTATION_RELATIONSHIP() );
#6503 = ITEM_DEFINED_TRANSFORMATION('','',#11,#63);
#6504 = PRODUCT_DEFINITION_SHAPE('Placement','Placement of an item',
  #6505);
#6505 = NEXT_ASSEMBLY_USAGE_OCCURRENCE('13','C9','',#5,#151,$);
#6506 = SHAPE_DEFINITION_REPRESENTATION(#6507,#6513);
#6507 = PRODUCT_DEFINITION_SHAPE('','',#6508);
#6508 = PRODUCT_DEFINITION('design','',#6509,#6512);
#6509 = PRODUCT_DEFINITION_FORMATION('','',#6510);
#6510 = PRODUCT('PinHeader_1x04_P1.00mm_Vertical',
  'PinHeader_1x04_P1.00mm_Vertical','',(#6511));
#6511 = PRODUCT_CONTEXT('',#2,'mechanical');
#6512 = PRODUCT_DEFINITION_CONTEXT('part definition',#2,'design');
#6513 = ADVANCED_BREP_SHAPE_REPRESENTATION('',(#11,#6514),#9294);
#6514 = MANIFOLD_SOLID_BREP('',#6515);
#6515 = CLOSED_SHELL('',(#6516,#6556,#6587,#6618,#6947,#7276,#7293,#7310
    ,#7327,#7344,#7361,#7378,#7395,#7412,#7429,#7446,#7463,#7480,#7497,
    #7514,#7531,#7548,#7565,#7582,#7599,#7616,#7633,#7650,#7662,#7693,
    #7717,#7741,#7758,#7789,#7813,#7837,#7854,#7885,#7909,#7933,#7950,
    #7981,#8005,#8029,#8046,#8077,#8101,#8125,#8142,#8173,#8197,#8221,
    #8238,#8269,#8293,#8317,#8334,#8365,#8389,#8413,#8430,#8461,#8485,
    #8509,#8526,#8557,#8581,#8605,#8622,#8653,#8677,#8701,#8718,#8749,
    #8773,#8797,#8814,#8845,#8869,#8893,#8910,#8941,#8965,#8989,#9006,
    #9037,#9061,#9085,#9102,#9133,#9157,#9181,#9198,#9210,#9222,#9234,
    #9246,#9258,#9270,#9282));
#6516 = ADVANCED_FACE('',(#6517),#6551,.F.);
#6517 = FACE_BOUND('',#6518,.F.);
#6518 = EDGE_LOOP('',(#6519,#6529,#6537,#6545));
#6519 = ORIENTED_EDGE('',*,*,#6520,.T.);
#6520 = EDGE_CURVE('',#6521,#6523,#6525,.T.);
#6521 = VERTEX_POINT('',#6522);
#6522 = CARTESIAN_POINT('',(-0.535,0.5,0.));
#6523 = VERTEX_POINT('',#6524);
#6524 = CARTESIAN_POINT('',(-0.535,0.5,1.));
#6525 = LINE('',#6526,#6527);
#6526 = CARTESIAN_POINT('',(-0.535,0.5,0.));
#6527 = VECTOR('',#6528,1.);
#6528 = DIRECTION('',(0.,0.,1.));
#6529 = ORIENTED_EDGE('',*,*,#6530,.T.);
#6530 = EDGE_CURVE('',#6523,#6531,#6533,.T.);
#6531 = VERTEX_POINT('',#6532);
#6532 = CARTESIAN_POINT('',(-0.635,0.4,1.));
#6533 = LINE('',#6534,#6535);
#6534 = CARTESIAN_POINT('',(-0.535,0.5,1.));
#6535 = VECTOR('',#6536,1.);
#6536 = DIRECTION('',(-0.707106781187,-0.707106781187,0.));
#6537 = ORIENTED_EDGE('',*,*,#6538,.F.);
#6538 = EDGE_CURVE('',#6539,#6531,#6541,.T.);
#6539 = VERTEX_POINT('',#6540);
#6540 = CARTESIAN_POINT('',(-0.635,0.4,0.));
#6541 = LINE('',#6542,#6543);
#6542 = CARTESIAN_POINT('',(-0.635,0.4,0.));
#6543 = VECTOR('',#6544,1.);
#6544 = DIRECTION('',(0.,0.,1.));
#6545 = ORIENTED_EDGE('',*,*,#6546,.F.);
#6546 = EDGE_CURVE('',#6521,#6539,#6547,.T.);
#6547 = LINE('',#6548,#6549);
#6548 = CARTESIAN_POINT('',(-0.535,0.5,0.));
#6549 = VECTOR('',#6550,1.);
#6550 = DIRECTION('',(-0.707106781187,-0.707106781187,0.));
#6551 = PLANE('',#6552);
#6552 = AXIS2_PLACEMENT_3D('',#6553,#6554,#6555);
#6553 = CARTESIAN_POINT('',(-0.535,0.5,0.));
#6554 = DIRECTION('',(0.707106781187,-0.707106781187,0.));
#6555 = DIRECTION('',(-0.707106781187,-0.707106781187,0.));
#6556 = ADVANCED_FACE('',(#6557),#6582,.F.);
#6557 = FACE_BOUND('',#6558,.F.);
#6558 = EDGE_LOOP('',(#6559,#6569,#6575,#6576));
#6559 = ORIENTED_EDGE('',*,*,#6560,.T.);
#6560 = EDGE_CURVE('',#6561,#6563,#6565,.T.);
#6561 = VERTEX_POINT('',#6562);
#6562 = CARTESIAN_POINT('',(0.535,0.5,0.));
#6563 = VERTEX_POINT('',#6564);
#6564 = CARTESIAN_POINT('',(0.535,0.5,1.));
#6565 = LINE('',#6566,#6567);
#6566 = CARTESIAN_POINT('',(0.535,0.5,0.));
#6567 = VECTOR('',#6568,1.);
#6568 = DIRECTION('',(0.,0.,1.));
#6569 = ORIENTED_EDGE('',*,*,#6570,.T.);
#6570 = EDGE_CURVE('',#6563,#6523,#6571,.T.);
#6571 = LINE('',#6572,#6573);
#6572 = CARTESIAN_POINT('',(0.535,0.5,1.));
#6573 = VECTOR('',#6574,1.);
#6574 = DIRECTION('',(-1.,1.037591611799E-16,0.));
#6575 = ORIENTED_EDGE('',*,*,#6520,.F.);
#6576 = ORIENTED_EDGE('',*,*,#6577,.F.);
#6577 = EDGE_CURVE('',#6561,#6521,#6578,.T.);
#6578 = LINE('',#6579,#6580);
#6579 = CARTESIAN_POINT('',(0.535,0.5,0.));
#6580 = VECTOR('',#6581,1.);
#6581 = DIRECTION('',(-1.,1.037591611799E-16,0.));
#6582 = PLANE('',#6583);
#6583 = AXIS2_PLACEMENT_3D('',#6584,#6585,#6586);
#6584 = CARTESIAN_POINT('',(0.535,0.5,0.));
#6585 = DIRECTION('',(-1.037591611799E-16,-1.,0.));
#6586 = DIRECTION('',(-1.,1.037591611799E-16,0.));
#6587 = ADVANCED_FACE('',(#6588),#6613,.F.);
#6588 = FACE_BOUND('',#6589,.F.);
#6589 = EDGE_LOOP('',(#6590,#6591,#6599,#6607));
#6590 = ORIENTED_EDGE('',*,*,#6538,.T.);
#6591 = ORIENTED_EDGE('',*,*,#6592,.T.);
#6592 = EDGE_CURVE('',#6531,#6593,#6595,.T.);
#6593 = VERTEX_POINT('',#6594);
#6594 = CARTESIAN_POINT('',(-0.635,-0.4,1.));
#6595 = LINE('',#6596,#6597);
#6596 = CARTESIAN_POINT('',(-0.635,0.4,1.));
#6597 = VECTOR('',#6598,1.);
#6598 = DIRECTION('',(0.,-1.,0.));
#6599 = ORIENTED_EDGE('',*,*,#6600,.F.);
#6600 = EDGE_CURVE('',#6601,#6593,#6603,.T.);
#6601 = VERTEX_POINT('',#6602);
#6602 = CARTESIAN_POINT('',(-0.635,-0.4,0.));
#6603 = LINE('',#6604,#6605);
#6604 = CARTESIAN_POINT('',(-0.635,-0.4,0.));
#6605 = VECTOR('',#6606,1.);
#6606 = DIRECTION('',(0.,0.,1.));
#6607 = ORIENTED_EDGE('',*,*,#6608,.F.);
#6608 = EDGE_CURVE('',#6539,#6601,#6609,.T.);
#6609 = LINE('',#6610,#6611);
#6610 = CARTESIAN_POINT('',(-0.635,0.4,0.));
#6611 = VECTOR('',#6612,1.);
#6612 = DIRECTION('',(0.,-1.,0.));
#6613 = PLANE('',#6614);
#6614 = AXIS2_PLACEMENT_3D('',#6615,#6616,#6617);
#6615 = CARTESIAN_POINT('',(-0.635,0.4,0.));
#6616 = DIRECTION('',(1.,0.,0.));
#6617 = DIRECTION('',(0.,-1.,0.));
#6618 = ADVANCED_FACE('',(#6619,#6806,#6840,#6874,#6908),#6942,.F.);
#6619 = FACE_BOUND('',#6620,.F.);
#6620 = EDGE_LOOP('',(#6621,#6622,#6623,#6631,#6639,#6647,#6655,#6663,
    #6671,#6679,#6687,#6695,#6703,#6711,#6719,#6727,#6735,#6743,#6751,
    #6759,#6767,#6775,#6783,#6791,#6799,#6805));
#6621 = ORIENTED_EDGE('',*,*,#6546,.T.);
#6622 = ORIENTED_EDGE('',*,*,#6608,.T.);
#6623 = ORIENTED_EDGE('',*,*,#6624,.T.);
#6624 = EDGE_CURVE('',#6601,#6625,#6627,.T.);
#6625 = VERTEX_POINT('',#6626);
#6626 = CARTESIAN_POINT('',(-0.535,-0.5,0.));
#6627 = LINE('',#6628,#6629);
#6628 = CARTESIAN_POINT('',(-0.635,-0.4,0.));
#6629 = VECTOR('',#6630,1.);
#6630 = DIRECTION('',(0.707106781187,-0.707106781187,0.));
#6631 = ORIENTED_EDGE('',*,*,#6632,.T.);
#6632 = EDGE_CURVE('',#6625,#6633,#6635,.T.);
#6633 = VERTEX_POINT('',#6634);
#6634 = CARTESIAN_POINT('',(-0.635,-0.6,0.));
#6635 = LINE('',#6636,#6637);
#6636 = CARTESIAN_POINT('',(-0.535,-0.5,0.));
#6637 = VECTOR('',#6638,1.);
#6638 = DIRECTION('',(-0.707106781187,-0.707106781187,0.));
#6639 = ORIENTED_EDGE('',*,*,#6640,.T.);
#6640 = EDGE_CURVE('',#6633,#6641,#6643,.T.);
#6641 = VERTEX_POINT('',#6642);
#6642 = CARTESIAN_POINT('',(-0.635,-1.4,0.));
#6643 = LINE('',#6644,#6645);
#6644 = CARTESIAN_POINT('',(-0.635,-0.6,0.));
#6645 = VECTOR('',#6646,1.);
#6646 = DIRECTION('',(0.,-1.,0.));
#6647 = ORIENTED_EDGE('',*,*,#6648,.T.);
#6648 = EDGE_CURVE('',#6641,#6649,#6651,.T.);
#6649 = VERTEX_POINT('',#6650);
#6650 = CARTESIAN_POINT('',(-0.535,-1.5,0.));
#6651 = LINE('',#6652,#6653);
#6652 = CARTESIAN_POINT('',(-0.635,-1.4,0.));
#6653 = VECTOR('',#6654,1.);
#6654 = DIRECTION('',(0.707106781187,-0.707106781187,0.));
#6655 = ORIENTED_EDGE('',*,*,#6656,.T.);
#6656 = EDGE_CURVE('',#6649,#6657,#6659,.T.);
#6657 = VERTEX_POINT('',#6658);
#6658 = CARTESIAN_POINT('',(-0.635,-1.6,0.));
#6659 = LINE('',#6660,#6661);
#6660 = CARTESIAN_POINT('',(-0.535,-1.5,0.));
#6661 = VECTOR('',#6662,1.);
#6662 = DIRECTION('',(-0.707106781187,-0.707106781187,0.));
#6663 = ORIENTED_EDGE('',*,*,#6664,.T.);
#6664 = EDGE_CURVE('',#6657,#6665,#6667,.T.);
#6665 = VERTEX_POINT('',#6666);
#6666 = CARTESIAN_POINT('',(-0.635,-2.4,0.));
#6667 = LINE('',#6668,#6669);
#6668 = CARTESIAN_POINT('',(-0.635,-1.6,0.));
#6669 = VECTOR('',#6670,1.);
#6670 = DIRECTION('',(0.,-1.,0.));
#6671 = ORIENTED_EDGE('',*,*,#6672,.T.);
#6672 = EDGE_CURVE('',#6665,#6673,#6675,.T.);
#6673 = VERTEX_POINT('',#6674);
#6674 = CARTESIAN_POINT('',(-0.535,-2.5,0.));
#6675 = LINE('',#6676,#6677);
#6676 = CARTESIAN_POINT('',(-0.635,-2.4,0.));
#6677 = VECTOR('',#6678,1.);
#6678 = DIRECTION('',(0.707106781187,-0.707106781187,0.));
#6679 = ORIENTED_EDGE('',*,*,#6680,.T.);
#6680 = EDGE_CURVE('',#6673,#6681,#6683,.T.);
#6681 = VERTEX_POINT('',#6682);
#6682 = CARTESIAN_POINT('',(-0.635,-2.6,0.));
#6683 = LINE('',#6684,#6685);
#6684 = CARTESIAN_POINT('',(-0.535,-2.5,0.));
#6685 = VECTOR('',#6686,1.);
#6686 = DIRECTION('',(-0.707106781187,-0.707106781187,0.));
#6687 = ORIENTED_EDGE('',*,*,#6688,.T.);
#6688 = EDGE_CURVE('',#6681,#6689,#6691,.T.);
#6689 = VERTEX_POINT('',#6690);
#6690 = CARTESIAN_POINT('',(-0.635,-3.4,0.));
#6691 = LINE('',#6692,#6693);
#6692 = CARTESIAN_POINT('',(-0.635,-2.6,0.));
#6693 = VECTOR('',#6694,1.);
#6694 = DIRECTION('',(0.,-1.,0.));
#6695 = ORIENTED_EDGE('',*,*,#6696,.T.);
#6696 = EDGE_CURVE('',#6689,#6697,#6699,.T.);
#6697 = VERTEX_POINT('',#6698);
#6698 = CARTESIAN_POINT('',(-0.535,-3.5,0.));
#6699 = LINE('',#6700,#6701);
#6700 = CARTESIAN_POINT('',(-0.635,-3.4,0.));
#6701 = VECTOR('',#6702,1.);
#6702 = DIRECTION('',(0.707106781187,-0.707106781187,0.));
#6703 = ORIENTED_EDGE('',*,*,#6704,.T.);
#6704 = EDGE_CURVE('',#6697,#6705,#6707,.T.);
#6705 = VERTEX_POINT('',#6706);
#6706 = CARTESIAN_POINT('',(0.535,-3.5,0.));
#6707 = LINE('',#6708,#6709);
#6708 = CARTESIAN_POINT('',(-0.535,-3.5,0.));
#6709 = VECTOR('',#6710,1.);
#6710 = DIRECTION('',(1.,0.,0.));
#6711 = ORIENTED_EDGE('',*,*,#6712,.T.);
#6712 = EDGE_CURVE('',#6705,#6713,#6715,.T.);
#6713 = VERTEX_POINT('',#6714);
#6714 = CARTESIAN_POINT('',(0.635,-3.4,0.));
#6715 = LINE('',#6716,#6717);
#6716 = CARTESIAN_POINT('',(0.535,-3.5,0.));
#6717 = VECTOR('',#6718,1.);
#6718 = DIRECTION('',(0.707106781187,0.707106781187,0.));
#6719 = ORIENTED_EDGE('',*,*,#6720,.T.);
#6720 = EDGE_CURVE('',#6713,#6721,#6723,.T.);
#6721 = VERTEX_POINT('',#6722);
#6722 = CARTESIAN_POINT('',(0.635,-2.6,0.));
#6723 = LINE('',#6724,#6725);
#6724 = CARTESIAN_POINT('',(0.635,-3.4,0.));
#6725 = VECTOR('',#6726,1.);
#6726 = DIRECTION('',(0.,1.,0.));
#6727 = ORIENTED_EDGE('',*,*,#6728,.T.);
#6728 = EDGE_CURVE('',#6721,#6729,#6731,.T.);
#6729 = VERTEX_POINT('',#6730);
#6730 = CARTESIAN_POINT('',(0.535,-2.5,0.));
#6731 = LINE('',#6732,#6733);
#6732 = CARTESIAN_POINT('',(0.635,-2.6,0.));
#6733 = VECTOR('',#6734,1.);
#6734 = DIRECTION('',(-0.707106781187,0.707106781187,0.));
#6735 = ORIENTED_EDGE('',*,*,#6736,.T.);
#6736 = EDGE_CURVE('',#6729,#6737,#6739,.T.);
#6737 = VERTEX_POINT('',#6738);
#6738 = CARTESIAN_POINT('',(0.635,-2.4,0.));
#6739 = LINE('',#6740,#6741);
#6740 = CARTESIAN_POINT('',(0.535,-2.5,0.));
#6741 = VECTOR('',#6742,1.);
#6742 = DIRECTION('',(0.707106781187,0.707106781187,0.));
#6743 = ORIENTED_EDGE('',*,*,#6744,.T.);
#6744 = EDGE_CURVE('',#6737,#6745,#6747,.T.);
#6745 = VERTEX_POINT('',#6746);
#6746 = CARTESIAN_POINT('',(0.635,-1.6,0.));
#6747 = LINE('',#6748,#6749);
#6748 = CARTESIAN_POINT('',(0.635,-2.4,0.));
#6749 = VECTOR('',#6750,1.);
#6750 = DIRECTION('',(0.,1.,0.));
#6751 = ORIENTED_EDGE('',*,*,#6752,.T.);
#6752 = EDGE_CURVE('',#6745,#6753,#6755,.T.);
#6753 = VERTEX_POINT('',#6754);
#6754 = CARTESIAN_POINT('',(0.535,-1.5,0.));
#6755 = LINE('',#6756,#6757);
#6756 = CARTESIAN_POINT('',(0.635,-1.6,0.));
#6757 = VECTOR('',#6758,1.);
#6758 = DIRECTION('',(-0.707106781187,0.707106781187,0.));
#6759 = ORIENTED_EDGE('',*,*,#6760,.T.);
#6760 = EDGE_CURVE('',#6753,#6761,#6763,.T.);
#6761 = VERTEX_POINT('',#6762);
#6762 = CARTESIAN_POINT('',(0.635,-1.4,0.));
#6763 = LINE('',#6764,#6765);
#6764 = CARTESIAN_POINT('',(0.535,-1.5,0.));
#6765 = VECTOR('',#6766,1.);
#6766 = DIRECTION('',(0.707106781187,0.707106781187,0.));
#6767 = ORIENTED_EDGE('',*,*,#6768,.T.);
#6768 = EDGE_CURVE('',#6761,#6769,#6771,.T.);
#6769 = VERTEX_POINT('',#6770);
#6770 = CARTESIAN_POINT('',(0.635,-0.6,0.));
#6771 = LINE('',#6772,#6773);
#6772 = CARTESIAN_POINT('',(0.635,-1.4,0.));
#6773 = VECTOR('',#6774,1.);
#6774 = DIRECTION('',(0.,1.,0.));
#6775 = ORIENTED_EDGE('',*,*,#6776,.T.);
#6776 = EDGE_CURVE('',#6769,#6777,#6779,.T.);
#6777 = VERTEX_POINT('',#6778);
#6778 = CARTESIAN_POINT('',(0.535,-0.5,0.));
#6779 = LINE('',#6780,#6781);
#6780 = CARTESIAN_POINT('',(0.635,-0.6,0.));
#6781 = VECTOR('',#6782,1.);
#6782 = DIRECTION('',(-0.707106781187,0.707106781187,0.));
#6783 = ORIENTED_EDGE('',*,*,#6784,.T.);
#6784 = EDGE_CURVE('',#6777,#6785,#6787,.T.);
#6785 = VERTEX_POINT('',#6786);
#6786 = CARTESIAN_POINT('',(0.635,-0.4,0.));
#6787 = LINE('',#6788,#6789);
#6788 = CARTESIAN_POINT('',(0.535,-0.5,0.));
#6789 = VECTOR('',#6790,1.);
#6790 = DIRECTION('',(0.707106781187,0.707106781187,0.));
#6791 = ORIENTED_EDGE('',*,*,#6792,.T.);
#6792 = EDGE_CURVE('',#6785,#6793,#6795,.T.);
#6793 = VERTEX_POINT('',#6794);
#6794 = CARTESIAN_POINT('',(0.635,0.4,0.));
#6795 = LINE('',#6796,#6797);
#6796 = CARTESIAN_POINT('',(0.635,-0.4,0.));
#6797 = VECTOR('',#6798,1.);
#6798 = DIRECTION('',(0.,1.,0.));
#6799 = ORIENTED_EDGE('',*,*,#6800,.T.);
#6800 = EDGE_CURVE('',#6793,#6561,#6801,.T.);
#6801 = LINE('',#6802,#6803);
#6802 = CARTESIAN_POINT('',(0.635,0.4,0.));
#6803 = VECTOR('',#6804,1.);
#6804 = DIRECTION('',(-0.707106781187,0.707106781187,0.));
#6805 = ORIENTED_EDGE('',*,*,#6577,.T.);
#6806 = FACE_BOUND('',#6807,.F.);
#6807 = EDGE_LOOP('',(#6808,#6818,#6826,#6834));
#6808 = ORIENTED_EDGE('',*,*,#6809,.F.);
#6809 = EDGE_CURVE('',#6810,#6812,#6814,.T.);
#6810 = VERTEX_POINT('',#6811);
#6811 = CARTESIAN_POINT('',(0.15,-1.85,0.));
#6812 = VERTEX_POINT('',#6813);
#6813 = CARTESIAN_POINT('',(-0.15,-1.85,0.));
#6814 = LINE('',#6815,#6816);
#6815 = CARTESIAN_POINT('',(-7.5E-02,-1.85,0.));
#6816 = VECTOR('',#6817,1.);
#6817 = DIRECTION('',(-1.,0.,0.));
#6818 = ORIENTED_EDGE('',*,*,#6819,.F.);
#6819 = EDGE_CURVE('',#6820,#6810,#6822,.T.);
#6820 = VERTEX_POINT('',#6821);
#6821 = CARTESIAN_POINT('',(0.15,-2.15,0.));
#6822 = LINE('',#6823,#6824);
#6823 = CARTESIAN_POINT('',(0.15,-1.825,0.));
#6824 = VECTOR('',#6825,1.);
#6825 = DIRECTION('',(0.,1.,0.));
#6826 = ORIENTED_EDGE('',*,*,#6827,.T.);
#6827 = EDGE_CURVE('',#6820,#6828,#6830,.T.);
#6828 = VERTEX_POINT('',#6829);
#6829 = CARTESIAN_POINT('',(-0.15,-2.15,0.));
#6830 = LINE('',#6831,#6832);
#6831 = CARTESIAN_POINT('',(-7.5E-02,-2.15,0.));
#6832 = VECTOR('',#6833,1.);
#6833 = DIRECTION('',(-1.,0.,0.));
#6834 = ORIENTED_EDGE('',*,*,#6835,.T.);
#6835 = EDGE_CURVE('',#6828,#6812,#6836,.T.);
#6836 = LINE('',#6837,#6838);
#6837 = CARTESIAN_POINT('',(-0.15,-1.825,0.));
#6838 = VECTOR('',#6839,1.);
#6839 = DIRECTION('',(0.,1.,0.));
#6840 = FACE_BOUND('',#6841,.F.);
#6841 = EDGE_LOOP('',(#6842,#6852,#6860,#6868));
#6842 = ORIENTED_EDGE('',*,*,#6843,.F.);
#6843 = EDGE_CURVE('',#6844,#6846,#6848,.T.);
#6844 = VERTEX_POINT('',#6845);
#6845 = CARTESIAN_POINT('',(0.15,-3.15,0.));
#6846 = VERTEX_POINT('',#6847);
#6847 = CARTESIAN_POINT('',(0.15,-2.85,0.));
#6848 = LINE('',#6849,#6850);
#6849 = CARTESIAN_POINT('',(0.15,-2.325,0.));
#6850 = VECTOR('',#6851,1.);
#6851 = DIRECTION('',(0.,1.,0.));
#6852 = ORIENTED_EDGE('',*,*,#6853,.T.);
#6853 = EDGE_CURVE('',#6844,#6854,#6856,.T.);
#6854 = VERTEX_POINT('',#6855);
#6855 = CARTESIAN_POINT('',(-0.15,-3.15,0.));
#6856 = LINE('',#6857,#6858);
#6857 = CARTESIAN_POINT('',(-7.5E-02,-3.15,0.));
#6858 = VECTOR('',#6859,1.);
#6859 = DIRECTION('',(-1.,0.,0.));
#6860 = ORIENTED_EDGE('',*,*,#6861,.T.);
#6861 = EDGE_CURVE('',#6854,#6862,#6864,.T.);
#6862 = VERTEX_POINT('',#6863);
#6863 = CARTESIAN_POINT('',(-0.15,-2.85,0.));
#6864 = LINE('',#6865,#6866);
#6865 = CARTESIAN_POINT('',(-0.15,-2.325,0.));
#6866 = VECTOR('',#6867,1.);
#6867 = DIRECTION('',(0.,1.,0.));
#6868 = ORIENTED_EDGE('',*,*,#6869,.F.);
#6869 = EDGE_CURVE('',#6846,#6862,#6870,.T.);
#6870 = LINE('',#6871,#6872);
#6871 = CARTESIAN_POINT('',(-7.5E-02,-2.85,0.));
#6872 = VECTOR('',#6873,1.);
#6873 = DIRECTION('',(-1.,0.,0.));
#6874 = FACE_BOUND('',#6875,.F.);
#6875 = EDGE_LOOP('',(#6876,#6886,#6894,#6902));
#6876 = ORIENTED_EDGE('',*,*,#6877,.F.);
#6877 = EDGE_CURVE('',#6878,#6880,#6882,.T.);
#6878 = VERTEX_POINT('',#6879);
#6879 = CARTESIAN_POINT('',(0.15,-0.15,0.));
#6880 = VERTEX_POINT('',#6881);
#6881 = CARTESIAN_POINT('',(0.15,0.15,0.));
#6882 = LINE('',#6883,#6884);
#6883 = CARTESIAN_POINT('',(0.15,-0.825,0.));
#6884 = VECTOR('',#6885,1.);
#6885 = DIRECTION('',(0.,1.,0.));
#6886 = ORIENTED_EDGE('',*,*,#6887,.T.);
#6887 = EDGE_CURVE('',#6878,#6888,#6890,.T.);
#6888 = VERTEX_POINT('',#6889);
#6889 = CARTESIAN_POINT('',(-0.15,-0.15,0.));
#6890 = LINE('',#6891,#6892);
#6891 = CARTESIAN_POINT('',(-7.5E-02,-0.15,0.));
#6892 = VECTOR('',#6893,1.);
#6893 = DIRECTION('',(-1.,0.,0.));
#6894 = ORIENTED_EDGE('',*,*,#6895,.T.);
#6895 = EDGE_CURVE('',#6888,#6896,#6898,.T.);
#6896 = VERTEX_POINT('',#6897);
#6897 = CARTESIAN_POINT('',(-0.15,0.15,0.));
#6898 = LINE('',#6899,#6900);
#6899 = CARTESIAN_POINT('',(-0.15,-0.825,0.));
#6900 = VECTOR('',#6901,1.);
#6901 = DIRECTION('',(0.,1.,0.));
#6902 = ORIENTED_EDGE('',*,*,#6903,.F.);
#6903 = EDGE_CURVE('',#6880,#6896,#6904,.T.);
#6904 = LINE('',#6905,#6906);
#6905 = CARTESIAN_POINT('',(-7.5E-02,0.15,0.));
#6906 = VECTOR('',#6907,1.);
#6907 = DIRECTION('',(-1.,0.,0.));
#6908 = FACE_BOUND('',#6909,.F.);
#6909 = EDGE_LOOP('',(#6910,#6920,#6928,#6936));
#6910 = ORIENTED_EDGE('',*,*,#6911,.F.);
#6911 = EDGE_CURVE('',#6912,#6914,#6916,.T.);
#6912 = VERTEX_POINT('',#6913);
#6913 = CARTESIAN_POINT('',(0.15,-0.85,0.));
#6914 = VERTEX_POINT('',#6915);
#6915 = CARTESIAN_POINT('',(-0.15,-0.85,0.));
#6916 = LINE('',#6917,#6918);
#6917 = CARTESIAN_POINT('',(-7.5E-02,-0.85,0.));
#6918 = VECTOR('',#6919,1.);
#6919 = DIRECTION('',(-1.,0.,0.));
#6920 = ORIENTED_EDGE('',*,*,#6921,.F.);
#6921 = EDGE_CURVE('',#6922,#6912,#6924,.T.);
#6922 = VERTEX_POINT('',#6923);
#6923 = CARTESIAN_POINT('',(0.15,-1.15,0.));
#6924 = LINE('',#6925,#6926);
#6925 = CARTESIAN_POINT('',(0.15,-1.325,0.));
#6926 = VECTOR('',#6927,1.);
#6927 = DIRECTION('',(0.,1.,0.));
#6928 = ORIENTED_EDGE('',*,*,#6929,.T.);
#6929 = EDGE_CURVE('',#6922,#6930,#6932,.T.);
#6930 = VERTEX_POINT('',#6931);
#6931 = CARTESIAN_POINT('',(-0.15,-1.15,0.));
#6932 = LINE('',#6933,#6934);
#6933 = CARTESIAN_POINT('',(-7.5E-02,-1.15,0.));
#6934 = VECTOR('',#6935,1.);
#6935 = DIRECTION('',(-1.,0.,0.));
#6936 = ORIENTED_EDGE('',*,*,#6937,.T.);
#6937 = EDGE_CURVE('',#6930,#6914,#6938,.T.);
#6938 = LINE('',#6939,#6940);
#6939 = CARTESIAN_POINT('',(-0.15,-1.325,0.));
#6940 = VECTOR('',#6941,1.);
#6941 = DIRECTION('',(0.,1.,0.));
#6942 = PLANE('',#6943);
#6943 = AXIS2_PLACEMENT_3D('',#6944,#6945,#6946);
#6944 = CARTESIAN_POINT('',(-4.624755223859E-17,-1.5,0.));
#6945 = DIRECTION('',(0.,0.,1.));
#6946 = DIRECTION('',(1.,0.,-0.));
#6947 = ADVANCED_FACE('',(#6948,#7135,#7169,#7203,#7237),#7271,.T.);
#6948 = FACE_BOUND('',#6949,.T.);
#6949 = EDGE_LOOP('',(#6950,#6951,#6952,#6960,#6968,#6976,#6984,#6992,
    #7000,#7008,#7016,#7024,#7032,#7040,#7048,#7056,#7064,#7072,#7080,
    #7088,#7096,#7104,#7112,#7120,#7128,#7134));
#6950 = ORIENTED_EDGE('',*,*,#6530,.T.);
#6951 = ORIENTED_EDGE('',*,*,#6592,.T.);
#6952 = ORIENTED_EDGE('',*,*,#6953,.T.);
#6953 = EDGE_CURVE('',#6593,#6954,#6956,.T.);
#6954 = VERTEX_POINT('',#6955);
#6955 = CARTESIAN_POINT('',(-0.535,-0.5,1.));
#6956 = LINE('',#6957,#6958);
#6957 = CARTESIAN_POINT('',(-0.635,-0.4,1.));
#6958 = VECTOR('',#6959,1.);
#6959 = DIRECTION('',(0.707106781187,-0.707106781187,0.));
#6960 = ORIENTED_EDGE('',*,*,#6961,.T.);
#6961 = EDGE_CURVE('',#6954,#6962,#6964,.T.);
#6962 = VERTEX_POINT('',#6963);
#6963 = CARTESIAN_POINT('',(-0.635,-0.6,1.));
#6964 = LINE('',#6965,#6966);
#6965 = CARTESIAN_POINT('',(-0.535,-0.5,1.));
#6966 = VECTOR('',#6967,1.);
#6967 = DIRECTION('',(-0.707106781187,-0.707106781187,0.));
#6968 = ORIENTED_EDGE('',*,*,#6969,.T.);
#6969 = EDGE_CURVE('',#6962,#6970,#6972,.T.);
#6970 = VERTEX_POINT('',#6971);
#6971 = CARTESIAN_POINT('',(-0.635,-1.4,1.));
#6972 = LINE('',#6973,#6974);
#6973 = CARTESIAN_POINT('',(-0.635,-0.6,1.));
#6974 = VECTOR('',#6975,1.);
#6975 = DIRECTION('',(0.,-1.,0.));
#6976 = ORIENTED_EDGE('',*,*,#6977,.T.);
#6977 = EDGE_CURVE('',#6970,#6978,#6980,.T.);
#6978 = VERTEX_POINT('',#6979);
#6979 = CARTESIAN_POINT('',(-0.535,-1.5,1.));
#6980 = LINE('',#6981,#6982);
#6981 = CARTESIAN_POINT('',(-0.635,-1.4,1.));
#6982 = VECTOR('',#6983,1.);
#6983 = DIRECTION('',(0.707106781187,-0.707106781187,0.));
#6984 = ORIENTED_EDGE('',*,*,#6985,.T.);
#6985 = EDGE_CURVE('',#6978,#6986,#6988,.T.);
#6986 = VERTEX_POINT('',#6987);
#6987 = CARTESIAN_POINT('',(-0.635,-1.6,1.));
#6988 = LINE('',#6989,#6990);
#6989 = CARTESIAN_POINT('',(-0.535,-1.5,1.));
#6990 = VECTOR('',#6991,1.);
#6991 = DIRECTION('',(-0.707106781187,-0.707106781187,0.));
#6992 = ORIENTED_EDGE('',*,*,#6993,.T.);
#6993 = EDGE_CURVE('',#6986,#6994,#6996,.T.);
#6994 = VERTEX_POINT('',#6995);
#6995 = CARTESIAN_POINT('',(-0.635,-2.4,1.));
#6996 = LINE('',#6997,#6998);
#6997 = CARTESIAN_POINT('',(-0.635,-1.6,1.));
#6998 = VECTOR('',#6999,1.);
#6999 = DIRECTION('',(0.,-1.,0.));
#7000 = ORIENTED_EDGE('',*,*,#7001,.T.);
#7001 = EDGE_CURVE('',#6994,#7002,#7004,.T.);
#7002 = VERTEX_POINT('',#7003);
#7003 = CARTESIAN_POINT('',(-0.535,-2.5,1.));
#7004 = LINE('',#7005,#7006);
#7005 = CARTESIAN_POINT('',(-0.635,-2.4,1.));
#7006 = VECTOR('',#7007,1.);
#7007 = DIRECTION('',(0.707106781187,-0.707106781187,0.));
#7008 = ORIENTED_EDGE('',*,*,#7009,.T.);
#7009 = EDGE_CURVE('',#7002,#7010,#7012,.T.);
#7010 = VERTEX_POINT('',#7011);
#7011 = CARTESIAN_POINT('',(-0.635,-2.6,1.));
#7012 = LINE('',#7013,#7014);
#7013 = CARTESIAN_POINT('',(-0.535,-2.5,1.));
#7014 = VECTOR('',#7015,1.);
#7015 = DIRECTION('',(-0.707106781187,-0.707106781187,0.));
#7016 = ORIENTED_EDGE('',*,*,#7017,.T.);
#7017 = EDGE_CURVE('',#7010,#7018,#7020,.T.);
#7018 = VERTEX_POINT('',#7019);
#7019 = CARTESIAN_POINT('',(-0.635,-3.4,1.));
#7020 = LINE('',#7021,#7022);
#7021 = CARTESIAN_POINT('',(-0.635,-2.6,1.));
#7022 = VECTOR('',#7023,1.);
#7023 = DIRECTION('',(0.,-1.,0.));
#7024 = ORIENTED_EDGE('',*,*,#7025,.T.);
#7025 = EDGE_CURVE('',#7018,#7026,#7028,.T.);
#7026 = VERTEX_POINT('',#7027);
#7027 = CARTESIAN_POINT('',(-0.535,-3.5,1.));
#7028 = LINE('',#7029,#7030);
#7029 = CARTESIAN_POINT('',(-0.635,-3.4,1.));
#7030 = VECTOR('',#7031,1.);
#7031 = DIRECTION('',(0.707106781187,-0.707106781187,0.));
#7032 = ORIENTED_EDGE('',*,*,#7033,.T.);
#7033 = EDGE_CURVE('',#7026,#7034,#7036,.T.);
#7034 = VERTEX_POINT('',#7035);
#7035 = CARTESIAN_POINT('',(0.535,-3.5,1.));
#7036 = LINE('',#7037,#7038);
#7037 = CARTESIAN_POINT('',(-0.535,-3.5,1.));
#7038 = VECTOR('',#7039,1.);
#7039 = DIRECTION('',(1.,0.,0.));
#7040 = ORIENTED_EDGE('',*,*,#7041,.T.);
#7041 = EDGE_CURVE('',#7034,#7042,#7044,.T.);
#7042 = VERTEX_POINT('',#7043);
#7043 = CARTESIAN_POINT('',(0.635,-3.4,1.));
#7044 = LINE('',#7045,#7046);
#7045 = CARTESIAN_POINT('',(0.535,-3.5,1.));
#7046 = VECTOR('',#7047,1.);
#7047 = DIRECTION('',(0.707106781187,0.707106781187,0.));
#7048 = ORIENTED_EDGE('',*,*,#7049,.T.);
#7049 = EDGE_CURVE('',#7042,#7050,#7052,.T.);
#7050 = VERTEX_POINT('',#7051);
#7051 = CARTESIAN_POINT('',(0.635,-2.6,1.));
#7052 = LINE('',#7053,#7054);
#7053 = CARTESIAN_POINT('',(0.635,-3.4,1.));
#7054 = VECTOR('',#7055,1.);
#7055 = DIRECTION('',(0.,1.,0.));
#7056 = ORIENTED_EDGE('',*,*,#7057,.T.);
#7057 = EDGE_CURVE('',#7050,#7058,#7060,.T.);
#7058 = VERTEX_POINT('',#7059);
#7059 = CARTESIAN_POINT('',(0.535,-2.5,1.));
#7060 = LINE('',#7061,#7062);
#7061 = CARTESIAN_POINT('',(0.635,-2.6,1.));
#7062 = VECTOR('',#7063,1.);
#7063 = DIRECTION('',(-0.707106781187,0.707106781187,0.));
#7064 = ORIENTED_EDGE('',*,*,#7065,.T.);
#7065 = EDGE_CURVE('',#7058,#7066,#7068,.T.);
#7066 = VERTEX_POINT('',#7067);
#7067 = CARTESIAN_POINT('',(0.635,-2.4,1.));
#7068 = LINE('',#7069,#7070);
#7069 = CARTESIAN_POINT('',(0.535,-2.5,1.));
#7070 = VECTOR('',#7071,1.);
#7071 = DIRECTION('',(0.707106781187,0.707106781187,0.));
#7072 = ORIENTED_EDGE('',*,*,#7073,.T.);
#7073 = EDGE_CURVE('',#7066,#7074,#7076,.T.);
#7074 = VERTEX_POINT('',#7075);
#7075 = CARTESIAN_POINT('',(0.635,-1.6,1.));
#7076 = LINE('',#7077,#7078);
#7077 = CARTESIAN_POINT('',(0.635,-2.4,1.));
#7078 = VECTOR('',#7079,1.);
#7079 = DIRECTION('',(0.,1.,0.));
#7080 = ORIENTED_EDGE('',*,*,#7081,.T.);
#7081 = EDGE_CURVE('',#7074,#7082,#7084,.T.);
#7082 = VERTEX_POINT('',#7083);
#7083 = CARTESIAN_POINT('',(0.535,-1.5,1.));
#7084 = LINE('',#7085,#7086);
#7085 = CARTESIAN_POINT('',(0.635,-1.6,1.));
#7086 = VECTOR('',#7087,1.);
#7087 = DIRECTION('',(-0.707106781187,0.707106781187,0.));
#7088 = ORIENTED_EDGE('',*,*,#7089,.T.);
#7089 = EDGE_CURVE('',#7082,#7090,#7092,.T.);
#7090 = VERTEX_POINT('',#7091);
#7091 = CARTESIAN_POINT('',(0.635,-1.4,1.));
#7092 = LINE('',#7093,#7094);
#7093 = CARTESIAN_POINT('',(0.535,-1.5,1.));
#7094 = VECTOR('',#7095,1.);
#7095 = DIRECTION('',(0.707106781187,0.707106781187,0.));
#7096 = ORIENTED_EDGE('',*,*,#7097,.T.);
#7097 = EDGE_CURVE('',#7090,#7098,#7100,.T.);
#7098 = VERTEX_POINT('',#7099);
#7099 = CARTESIAN_POINT('',(0.635,-0.6,1.));
#7100 = LINE('',#7101,#7102);
#7101 = CARTESIAN_POINT('',(0.635,-1.4,1.));
#7102 = VECTOR('',#7103,1.);
#7103 = DIRECTION('',(0.,1.,0.));
#7104 = ORIENTED_EDGE('',*,*,#7105,.T.);
#7105 = EDGE_CURVE('',#7098,#7106,#7108,.T.);
#7106 = VERTEX_POINT('',#7107);
#7107 = CARTESIAN_POINT('',(0.535,-0.5,1.));
#7108 = LINE('',#7109,#7110);
#7109 = CARTESIAN_POINT('',(0.635,-0.6,1.));
#7110 = VECTOR('',#7111,1.);
#7111 = DIRECTION('',(-0.707106781187,0.707106781187,0.));
#7112 = ORIENTED_EDGE('',*,*,#7113,.T.);
#7113 = EDGE_CURVE('',#7106,#7114,#7116,.T.);
#7114 = VERTEX_POINT('',#7115);
#7115 = CARTESIAN_POINT('',(0.635,-0.4,1.));
#7116 = LINE('',#7117,#7118);
#7117 = CARTESIAN_POINT('',(0.535,-0.5,1.));
#7118 = VECTOR('',#7119,1.);
#7119 = DIRECTION('',(0.707106781187,0.707106781187,0.));
#7120 = ORIENTED_EDGE('',*,*,#7121,.T.);
#7121 = EDGE_CURVE('',#7114,#7122,#7124,.T.);
#7122 = VERTEX_POINT('',#7123);
#7123 = CARTESIAN_POINT('',(0.635,0.4,1.));
#7124 = LINE('',#7125,#7126);
#7125 = CARTESIAN_POINT('',(0.635,-0.4,1.));
#7126 = VECTOR('',#7127,1.);
#7127 = DIRECTION('',(0.,1.,0.));
#7128 = ORIENTED_EDGE('',*,*,#7129,.T.);
#7129 = EDGE_CURVE('',#7122,#6563,#7130,.T.);
#7130 = LINE('',#7131,#7132);
#7131 = CARTESIAN_POINT('',(0.635,0.4,1.));
#7132 = VECTOR('',#7133,1.);
#7133 = DIRECTION('',(-0.707106781187,0.707106781187,0.));
#7134 = ORIENTED_EDGE('',*,*,#6570,.T.);
#7135 = FACE_BOUND('',#7136,.T.);
#7136 = EDGE_LOOP('',(#7137,#7147,#7155,#7163));
#7137 = ORIENTED_EDGE('',*,*,#7138,.F.);
#7138 = EDGE_CURVE('',#7139,#7141,#7143,.T.);
#7139 = VERTEX_POINT('',#7140);
#7140 = CARTESIAN_POINT('',(0.15,-1.85,1.));
#7141 = VERTEX_POINT('',#7142);
#7142 = CARTESIAN_POINT('',(-0.15,-1.85,1.));
#7143 = LINE('',#7144,#7145);
#7144 = CARTESIAN_POINT('',(-7.5E-02,-1.85,1.));
#7145 = VECTOR('',#7146,1.);
#7146 = DIRECTION('',(-1.,0.,0.));
#7147 = ORIENTED_EDGE('',*,*,#7148,.F.);
#7148 = EDGE_CURVE('',#7149,#7139,#7151,.T.);
#7149 = VERTEX_POINT('',#7150);
#7150 = CARTESIAN_POINT('',(0.15,-2.15,1.));
#7151 = LINE('',#7152,#7153);
#7152 = CARTESIAN_POINT('',(0.15,-1.825,1.));
#7153 = VECTOR('',#7154,1.);
#7154 = DIRECTION('',(0.,1.,0.));
#7155 = ORIENTED_EDGE('',*,*,#7156,.T.);
#7156 = EDGE_CURVE('',#7149,#7157,#7159,.T.);
#7157 = VERTEX_POINT('',#7158);
#7158 = CARTESIAN_POINT('',(-0.15,-2.15,1.));
#7159 = LINE('',#7160,#7161);
#7160 = CARTESIAN_POINT('',(-7.5E-02,-2.15,1.));
#7161 = VECTOR('',#7162,1.);
#7162 = DIRECTION('',(-1.,0.,0.));
#7163 = ORIENTED_EDGE('',*,*,#7164,.T.);
#7164 = EDGE_CURVE('',#7157,#7141,#7165,.T.);
#7165 = LINE('',#7166,#7167);
#7166 = CARTESIAN_POINT('',(-0.15,-1.825,1.));
#7167 = VECTOR('',#7168,1.);
#7168 = DIRECTION('',(0.,1.,0.));
#7169 = FACE_BOUND('',#7170,.T.);
#7170 = EDGE_LOOP('',(#7171,#7181,#7189,#7197));
#7171 = ORIENTED_EDGE('',*,*,#7172,.F.);
#7172 = EDGE_CURVE('',#7173,#7175,#7177,.T.);
#7173 = VERTEX_POINT('',#7174);
#7174 = CARTESIAN_POINT('',(0.15,-3.15,1.));
#7175 = VERTEX_POINT('',#7176);
#7176 = CARTESIAN_POINT('',(0.15,-2.85,1.));
#7177 = LINE('',#7178,#7179);
#7178 = CARTESIAN_POINT('',(0.15,-2.325,1.));
#7179 = VECTOR('',#7180,1.);
#7180 = DIRECTION('',(0.,1.,0.));
#7181 = ORIENTED_EDGE('',*,*,#7182,.T.);
#7182 = EDGE_CURVE('',#7173,#7183,#7185,.T.);
#7183 = VERTEX_POINT('',#7184);
#7184 = CARTESIAN_POINT('',(-0.15,-3.15,1.));
#7185 = LINE('',#7186,#7187);
#7186 = CARTESIAN_POINT('',(-7.5E-02,-3.15,1.));
#7187 = VECTOR('',#7188,1.);
#7188 = DIRECTION('',(-1.,0.,0.));
#7189 = ORIENTED_EDGE('',*,*,#7190,.T.);
#7190 = EDGE_CURVE('',#7183,#7191,#7193,.T.);
#7191 = VERTEX_POINT('',#7192);
#7192 = CARTESIAN_POINT('',(-0.15,-2.85,1.));
#7193 = LINE('',#7194,#7195);
#7194 = CARTESIAN_POINT('',(-0.15,-2.325,1.));
#7195 = VECTOR('',#7196,1.);
#7196 = DIRECTION('',(0.,1.,0.));
#7197 = ORIENTED_EDGE('',*,*,#7198,.F.);
#7198 = EDGE_CURVE('',#7175,#7191,#7199,.T.);
#7199 = LINE('',#7200,#7201);
#7200 = CARTESIAN_POINT('',(-7.5E-02,-2.85,1.));
#7201 = VECTOR('',#7202,1.);
#7202 = DIRECTION('',(-1.,0.,0.));
#7203 = FACE_BOUND('',#7204,.T.);
#7204 = EDGE_LOOP('',(#7205,#7215,#7223,#7231));
#7205 = ORIENTED_EDGE('',*,*,#7206,.F.);
#7206 = EDGE_CURVE('',#7207,#7209,#7211,.T.);
#7207 = VERTEX_POINT('',#7208);
#7208 = CARTESIAN_POINT('',(0.15,-0.15,1.));
#7209 = VERTEX_POINT('',#7210);
#7210 = CARTESIAN_POINT('',(0.15,0.15,1.));
#7211 = LINE('',#7212,#7213);
#7212 = CARTESIAN_POINT('',(0.15,-0.825,1.));
#7213 = VECTOR('',#7214,1.);
#7214 = DIRECTION('',(0.,1.,0.));
#7215 = ORIENTED_EDGE('',*,*,#7216,.T.);
#7216 = EDGE_CURVE('',#7207,#7217,#7219,.T.);
#7217 = VERTEX_POINT('',#7218);
#7218 = CARTESIAN_POINT('',(-0.15,-0.15,1.));
#7219 = LINE('',#7220,#7221);
#7220 = CARTESIAN_POINT('',(-7.5E-02,-0.15,1.));
#7221 = VECTOR('',#7222,1.);
#7222 = DIRECTION('',(-1.,0.,0.));
#7223 = ORIENTED_EDGE('',*,*,#7224,.T.);
#7224 = EDGE_CURVE('',#7217,#7225,#7227,.T.);
#7225 = VERTEX_POINT('',#7226);
#7226 = CARTESIAN_POINT('',(-0.15,0.15,1.));
#7227 = LINE('',#7228,#7229);
#7228 = CARTESIAN_POINT('',(-0.15,-0.825,1.));
#7229 = VECTOR('',#7230,1.);
#7230 = DIRECTION('',(0.,1.,0.));
#7231 = ORIENTED_EDGE('',*,*,#7232,.F.);
#7232 = EDGE_CURVE('',#7209,#7225,#7233,.T.);
#7233 = LINE('',#7234,#7235);
#7234 = CARTESIAN_POINT('',(-7.5E-02,0.15,1.));
#7235 = VECTOR('',#7236,1.);
#7236 = DIRECTION('',(-1.,0.,0.));
#7237 = FACE_BOUND('',#7238,.T.);
#7238 = EDGE_LOOP('',(#7239,#7249,#7257,#7265));
#7239 = ORIENTED_EDGE('',*,*,#7240,.F.);
#7240 = EDGE_CURVE('',#7241,#7243,#7245,.T.);
#7241 = VERTEX_POINT('',#7242);
#7242 = CARTESIAN_POINT('',(0.15,-0.85,1.));
#7243 = VERTEX_POINT('',#7244);
#7244 = CARTESIAN_POINT('',(-0.15,-0.85,1.));
#7245 = LINE('',#7246,#7247);
#7246 = CARTESIAN_POINT('',(-7.5E-02,-0.85,1.));
#7247 = VECTOR('',#7248,1.);
#7248 = DIRECTION('',(-1.,0.,0.));
#7249 = ORIENTED_EDGE('',*,*,#7250,.F.);
#7250 = EDGE_CURVE('',#7251,#7241,#7253,.T.);
#7251 = VERTEX_POINT('',#7252);
#7252 = CARTESIAN_POINT('',(0.15,-1.15,1.));
#7253 = LINE('',#7254,#7255);
#7254 = CARTESIAN_POINT('',(0.15,-1.325,1.));
#7255 = VECTOR('',#7256,1.);
#7256 = DIRECTION('',(0.,1.,0.));
#7257 = ORIENTED_EDGE('',*,*,#7258,.T.);
#7258 = EDGE_CURVE('',#7251,#7259,#7261,.T.);
#7259 = VERTEX_POINT('',#7260);
#7260 = CARTESIAN_POINT('',(-0.15,-1.15,1.));
#7261 = LINE('',#7262,#7263);
#7262 = CARTESIAN_POINT('',(-7.5E-02,-1.15,1.));
#7263 = VECTOR('',#7264,1.);
#7264 = DIRECTION('',(-1.,0.,0.));
#7265 = ORIENTED_EDGE('',*,*,#7266,.T.);
#7266 = EDGE_CURVE('',#7259,#7243,#7267,.T.);
#7267 = LINE('',#7268,#7269);
#7268 = CARTESIAN_POINT('',(-0.15,-1.325,1.));
#7269 = VECTOR('',#7270,1.);
#7270 = DIRECTION('',(0.,1.,0.));
#7271 = PLANE('',#7272);
#7272 = AXIS2_PLACEMENT_3D('',#7273,#7274,#7275);
#7273 = CARTESIAN_POINT('',(-4.624755223859E-17,-1.5,1.));
#7274 = DIRECTION('',(0.,0.,1.));
#7275 = DIRECTION('',(1.,0.,-0.));
#7276 = ADVANCED_FACE('',(#7277),#7288,.F.);
#7277 = FACE_BOUND('',#7278,.F.);
#7278 = EDGE_LOOP('',(#7279,#7285,#7286,#7287));
#7279 = ORIENTED_EDGE('',*,*,#7280,.T.);
#7280 = EDGE_CURVE('',#6793,#7122,#7281,.T.);
#7281 = LINE('',#7282,#7283);
#7282 = CARTESIAN_POINT('',(0.635,0.4,0.));
#7283 = VECTOR('',#7284,1.);
#7284 = DIRECTION('',(0.,0.,1.));
#7285 = ORIENTED_EDGE('',*,*,#7129,.T.);
#7286 = ORIENTED_EDGE('',*,*,#6560,.F.);
#7287 = ORIENTED_EDGE('',*,*,#6800,.F.);
#7288 = PLANE('',#7289);
#7289 = AXIS2_PLACEMENT_3D('',#7290,#7291,#7292);
#7290 = CARTESIAN_POINT('',(0.635,0.4,0.));
#7291 = DIRECTION('',(-0.707106781187,-0.707106781187,0.));
#7292 = DIRECTION('',(-0.707106781187,0.707106781187,0.));
#7293 = ADVANCED_FACE('',(#7294),#7305,.F.);
#7294 = FACE_BOUND('',#7295,.F.);
#7295 = EDGE_LOOP('',(#7296,#7297,#7298,#7304));
#7296 = ORIENTED_EDGE('',*,*,#6600,.T.);
#7297 = ORIENTED_EDGE('',*,*,#6953,.T.);
#7298 = ORIENTED_EDGE('',*,*,#7299,.F.);
#7299 = EDGE_CURVE('',#6625,#6954,#7300,.T.);
#7300 = LINE('',#7301,#7302);
#7301 = CARTESIAN_POINT('',(-0.535,-0.5,0.));
#7302 = VECTOR('',#7303,1.);
#7303 = DIRECTION('',(0.,0.,1.));
#7304 = ORIENTED_EDGE('',*,*,#6624,.F.);
#7305 = PLANE('',#7306);
#7306 = AXIS2_PLACEMENT_3D('',#7307,#7308,#7309);
#7307 = CARTESIAN_POINT('',(-0.635,-0.4,0.));
#7308 = DIRECTION('',(0.707106781187,0.707106781187,0.));
#7309 = DIRECTION('',(0.707106781187,-0.707106781187,0.));
#7310 = ADVANCED_FACE('',(#7311),#7322,.F.);
#7311 = FACE_BOUND('',#7312,.F.);
#7312 = EDGE_LOOP('',(#7313,#7319,#7320,#7321));
#7313 = ORIENTED_EDGE('',*,*,#7314,.T.);
#7314 = EDGE_CURVE('',#6785,#7114,#7315,.T.);
#7315 = LINE('',#7316,#7317);
#7316 = CARTESIAN_POINT('',(0.635,-0.4,0.));
#7317 = VECTOR('',#7318,1.);
#7318 = DIRECTION('',(0.,0.,1.));
#7319 = ORIENTED_EDGE('',*,*,#7121,.T.);
#7320 = ORIENTED_EDGE('',*,*,#7280,.F.);
#7321 = ORIENTED_EDGE('',*,*,#6792,.F.);
#7322 = PLANE('',#7323);
#7323 = AXIS2_PLACEMENT_3D('',#7324,#7325,#7326);
#7324 = CARTESIAN_POINT('',(0.635,-0.4,0.));
#7325 = DIRECTION('',(-1.,0.,0.));
#7326 = DIRECTION('',(0.,1.,0.));
#7327 = ADVANCED_FACE('',(#7328),#7339,.F.);
#7328 = FACE_BOUND('',#7329,.F.);
#7329 = EDGE_LOOP('',(#7330,#7331,#7332,#7338));
#7330 = ORIENTED_EDGE('',*,*,#7299,.T.);
#7331 = ORIENTED_EDGE('',*,*,#6961,.T.);
#7332 = ORIENTED_EDGE('',*,*,#7333,.F.);
#7333 = EDGE_CURVE('',#6633,#6962,#7334,.T.);
#7334 = LINE('',#7335,#7336);
#7335 = CARTESIAN_POINT('',(-0.635,-0.6,0.));
#7336 = VECTOR('',#7337,1.);
#7337 = DIRECTION('',(0.,0.,1.));
#7338 = ORIENTED_EDGE('',*,*,#6632,.F.);
#7339 = PLANE('',#7340);
#7340 = AXIS2_PLACEMENT_3D('',#7341,#7342,#7343);
#7341 = CARTESIAN_POINT('',(-0.535,-0.5,0.));
#7342 = DIRECTION('',(0.707106781187,-0.707106781187,0.));
#7343 = DIRECTION('',(-0.707106781187,-0.707106781187,0.));
#7344 = ADVANCED_FACE('',(#7345),#7356,.F.);
#7345 = FACE_BOUND('',#7346,.F.);
#7346 = EDGE_LOOP('',(#7347,#7353,#7354,#7355));
#7347 = ORIENTED_EDGE('',*,*,#7348,.T.);
#7348 = EDGE_CURVE('',#6777,#7106,#7349,.T.);
#7349 = LINE('',#7350,#7351);
#7350 = CARTESIAN_POINT('',(0.535,-0.5,0.));
#7351 = VECTOR('',#7352,1.);
#7352 = DIRECTION('',(0.,0.,1.));
#7353 = ORIENTED_EDGE('',*,*,#7113,.T.);
#7354 = ORIENTED_EDGE('',*,*,#7314,.F.);
#7355 = ORIENTED_EDGE('',*,*,#6784,.F.);
#7356 = PLANE('',#7357);
#7357 = AXIS2_PLACEMENT_3D('',#7358,#7359,#7360);
#7358 = CARTESIAN_POINT('',(0.535,-0.5,0.));
#7359 = DIRECTION('',(-0.707106781187,0.707106781187,0.));
#7360 = DIRECTION('',(0.707106781187,0.707106781187,0.));
#7361 = ADVANCED_FACE('',(#7362),#7373,.F.);
#7362 = FACE_BOUND('',#7363,.F.);
#7363 = EDGE_LOOP('',(#7364,#7365,#7366,#7372));
#7364 = ORIENTED_EDGE('',*,*,#7333,.T.);
#7365 = ORIENTED_EDGE('',*,*,#6969,.T.);
#7366 = ORIENTED_EDGE('',*,*,#7367,.F.);
#7367 = EDGE_CURVE('',#6641,#6970,#7368,.T.);
#7368 = LINE('',#7369,#7370);
#7369 = CARTESIAN_POINT('',(-0.635,-1.4,0.));
#7370 = VECTOR('',#7371,1.);
#7371 = DIRECTION('',(0.,0.,1.));
#7372 = ORIENTED_EDGE('',*,*,#6640,.F.);
#7373 = PLANE('',#7374);
#7374 = AXIS2_PLACEMENT_3D('',#7375,#7376,#7377);
#7375 = CARTESIAN_POINT('',(-0.635,-0.6,0.));
#7376 = DIRECTION('',(1.,0.,0.));
#7377 = DIRECTION('',(0.,-1.,0.));
#7378 = ADVANCED_FACE('',(#7379),#7390,.F.);
#7379 = FACE_BOUND('',#7380,.F.);
#7380 = EDGE_LOOP('',(#7381,#7387,#7388,#7389));
#7381 = ORIENTED_EDGE('',*,*,#7382,.T.);
#7382 = EDGE_CURVE('',#6769,#7098,#7383,.T.);
#7383 = LINE('',#7384,#7385);
#7384 = CARTESIAN_POINT('',(0.635,-0.6,0.));
#7385 = VECTOR('',#7386,1.);
#7386 = DIRECTION('',(0.,0.,1.));
#7387 = ORIENTED_EDGE('',*,*,#7105,.T.);
#7388 = ORIENTED_EDGE('',*,*,#7348,.F.);
#7389 = ORIENTED_EDGE('',*,*,#6776,.F.);
#7390 = PLANE('',#7391);
#7391 = AXIS2_PLACEMENT_3D('',#7392,#7393,#7394);
#7392 = CARTESIAN_POINT('',(0.635,-0.6,0.));
#7393 = DIRECTION('',(-0.707106781187,-0.707106781187,0.));
#7394 = DIRECTION('',(-0.707106781187,0.707106781187,0.));
#7395 = ADVANCED_FACE('',(#7396),#7407,.F.);
#7396 = FACE_BOUND('',#7397,.F.);
#7397 = EDGE_LOOP('',(#7398,#7399,#7400,#7406));
#7398 = ORIENTED_EDGE('',*,*,#7367,.T.);
#7399 = ORIENTED_EDGE('',*,*,#6977,.T.);
#7400 = ORIENTED_EDGE('',*,*,#7401,.F.);
#7401 = EDGE_CURVE('',#6649,#6978,#7402,.T.);
#7402 = LINE('',#7403,#7404);
#7403 = CARTESIAN_POINT('',(-0.535,-1.5,0.));
#7404 = VECTOR('',#7405,1.);
#7405 = DIRECTION('',(0.,0.,1.));
#7406 = ORIENTED_EDGE('',*,*,#6648,.F.);
#7407 = PLANE('',#7408);
#7408 = AXIS2_PLACEMENT_3D('',#7409,#7410,#7411);
#7409 = CARTESIAN_POINT('',(-0.635,-1.4,0.));
#7410 = DIRECTION('',(0.707106781187,0.707106781187,0.));
#7411 = DIRECTION('',(0.707106781187,-0.707106781187,0.));
#7412 = ADVANCED_FACE('',(#7413),#7424,.F.);
#7413 = FACE_BOUND('',#7414,.F.);
#7414 = EDGE_LOOP('',(#7415,#7421,#7422,#7423));
#7415 = ORIENTED_EDGE('',*,*,#7416,.T.);
#7416 = EDGE_CURVE('',#6761,#7090,#7417,.T.);
#7417 = LINE('',#7418,#7419);
#7418 = CARTESIAN_POINT('',(0.635,-1.4,0.));
#7419 = VECTOR('',#7420,1.);
#7420 = DIRECTION('',(0.,0.,1.));
#7421 = ORIENTED_EDGE('',*,*,#7097,.T.);
#7422 = ORIENTED_EDGE('',*,*,#7382,.F.);
#7423 = ORIENTED_EDGE('',*,*,#6768,.F.);
#7424 = PLANE('',#7425);
#7425 = AXIS2_PLACEMENT_3D('',#7426,#7427,#7428);
#7426 = CARTESIAN_POINT('',(0.635,-1.4,0.));
#7427 = DIRECTION('',(-1.,0.,0.));
#7428 = DIRECTION('',(0.,1.,0.));
#7429 = ADVANCED_FACE('',(#7430),#7441,.F.);
#7430 = FACE_BOUND('',#7431,.F.);
#7431 = EDGE_LOOP('',(#7432,#7433,#7434,#7440));
#7432 = ORIENTED_EDGE('',*,*,#7401,.T.);
#7433 = ORIENTED_EDGE('',*,*,#6985,.T.);
#7434 = ORIENTED_EDGE('',*,*,#7435,.F.);
#7435 = EDGE_CURVE('',#6657,#6986,#7436,.T.);
#7436 = LINE('',#7437,#7438);
#7437 = CARTESIAN_POINT('',(-0.635,-1.6,0.));
#7438 = VECTOR('',#7439,1.);
#7439 = DIRECTION('',(0.,0.,1.));
#7440 = ORIENTED_EDGE('',*,*,#6656,.F.);
#7441 = PLANE('',#7442);
#7442 = AXIS2_PLACEMENT_3D('',#7443,#7444,#7445);
#7443 = CARTESIAN_POINT('',(-0.535,-1.5,0.));
#7444 = DIRECTION('',(0.707106781187,-0.707106781187,0.));
#7445 = DIRECTION('',(-0.707106781187,-0.707106781187,0.));
#7446 = ADVANCED_FACE('',(#7447),#7458,.F.);
#7447 = FACE_BOUND('',#7448,.F.);
#7448 = EDGE_LOOP('',(#7449,#7455,#7456,#7457));
#7449 = ORIENTED_EDGE('',*,*,#7450,.T.);
#7450 = EDGE_CURVE('',#6753,#7082,#7451,.T.);
#7451 = LINE('',#7452,#7453);
#7452 = CARTESIAN_POINT('',(0.535,-1.5,0.));
#7453 = VECTOR('',#7454,1.);
#7454 = DIRECTION('',(0.,0.,1.));
#7455 = ORIENTED_EDGE('',*,*,#7089,.T.);
#7456 = ORIENTED_EDGE('',*,*,#7416,.F.);
#7457 = ORIENTED_EDGE('',*,*,#6760,.F.);
#7458 = PLANE('',#7459);
#7459 = AXIS2_PLACEMENT_3D('',#7460,#7461,#7462);
#7460 = CARTESIAN_POINT('',(0.535,-1.5,0.));
#7461 = DIRECTION('',(-0.707106781187,0.707106781187,0.));
#7462 = DIRECTION('',(0.707106781187,0.707106781187,0.));
#7463 = ADVANCED_FACE('',(#7464),#7475,.F.);
#7464 = FACE_BOUND('',#7465,.F.);
#7465 = EDGE_LOOP('',(#7466,#7467,#7468,#7474));
#7466 = ORIENTED_EDGE('',*,*,#7435,.T.);
#7467 = ORIENTED_EDGE('',*,*,#6993,.T.);
#7468 = ORIENTED_EDGE('',*,*,#7469,.F.);
#7469 = EDGE_CURVE('',#6665,#6994,#7470,.T.);
#7470 = LINE('',#7471,#7472);
#7471 = CARTESIAN_POINT('',(-0.635,-2.4,0.));
#7472 = VECTOR('',#7473,1.);
#7473 = DIRECTION('',(0.,0.,1.));
#7474 = ORIENTED_EDGE('',*,*,#6664,.F.);
#7475 = PLANE('',#7476);
#7476 = AXIS2_PLACEMENT_3D('',#7477,#7478,#7479);
#7477 = CARTESIAN_POINT('',(-0.635,-1.6,0.));
#7478 = DIRECTION('',(1.,0.,0.));
#7479 = DIRECTION('',(0.,-1.,0.));
#7480 = ADVANCED_FACE('',(#7481),#7492,.F.);
#7481 = FACE_BOUND('',#7482,.F.);
#7482 = EDGE_LOOP('',(#7483,#7489,#7490,#7491));
#7483 = ORIENTED_EDGE('',*,*,#7484,.T.);
#7484 = EDGE_CURVE('',#6745,#7074,#7485,.T.);
#7485 = LINE('',#7486,#7487);
#7486 = CARTESIAN_POINT('',(0.635,-1.6,0.));
#7487 = VECTOR('',#7488,1.);
#7488 = DIRECTION('',(0.,0.,1.));
#7489 = ORIENTED_EDGE('',*,*,#7081,.T.);
#7490 = ORIENTED_EDGE('',*,*,#7450,.F.);
#7491 = ORIENTED_EDGE('',*,*,#6752,.F.);
#7492 = PLANE('',#7493);
#7493 = AXIS2_PLACEMENT_3D('',#7494,#7495,#7496);
#7494 = CARTESIAN_POINT('',(0.635,-1.6,0.));
#7495 = DIRECTION('',(-0.707106781187,-0.707106781187,0.));
#7496 = DIRECTION('',(-0.707106781187,0.707106781187,0.));
#7497 = ADVANCED_FACE('',(#7498),#7509,.F.);
#7498 = FACE_BOUND('',#7499,.F.);
#7499 = EDGE_LOOP('',(#7500,#7501,#7502,#7508));
#7500 = ORIENTED_EDGE('',*,*,#7469,.T.);
#7501 = ORIENTED_EDGE('',*,*,#7001,.T.);
#7502 = ORIENTED_EDGE('',*,*,#7503,.F.);
#7503 = EDGE_CURVE('',#6673,#7002,#7504,.T.);
#7504 = LINE('',#7505,#7506);
#7505 = CARTESIAN_POINT('',(-0.535,-2.5,0.));
#7506 = VECTOR('',#7507,1.);
#7507 = DIRECTION('',(0.,0.,1.));
#7508 = ORIENTED_EDGE('',*,*,#6672,.F.);
#7509 = PLANE('',#7510);
#7510 = AXIS2_PLACEMENT_3D('',#7511,#7512,#7513);
#7511 = CARTESIAN_POINT('',(-0.635,-2.4,0.));
#7512 = DIRECTION('',(0.707106781187,0.707106781187,0.));
#7513 = DIRECTION('',(0.707106781187,-0.707106781187,0.));
#7514 = ADVANCED_FACE('',(#7515),#7526,.F.);
#7515 = FACE_BOUND('',#7516,.F.);
#7516 = EDGE_LOOP('',(#7517,#7523,#7524,#7525));
#7517 = ORIENTED_EDGE('',*,*,#7518,.T.);
#7518 = EDGE_CURVE('',#6737,#7066,#7519,.T.);
#7519 = LINE('',#7520,#7521);
#7520 = CARTESIAN_POINT('',(0.635,-2.4,0.));
#7521 = VECTOR('',#7522,1.);
#7522 = DIRECTION('',(0.,0.,1.));
#7523 = ORIENTED_EDGE('',*,*,#7073,.T.);
#7524 = ORIENTED_EDGE('',*,*,#7484,.F.);
#7525 = ORIENTED_EDGE('',*,*,#6744,.F.);
#7526 = PLANE('',#7527);
#7527 = AXIS2_PLACEMENT_3D('',#7528,#7529,#7530);
#7528 = CARTESIAN_POINT('',(0.635,-2.4,0.));
#7529 = DIRECTION('',(-1.,0.,0.));
#7530 = DIRECTION('',(0.,1.,0.));
#7531 = ADVANCED_FACE('',(#7532),#7543,.F.);
#7532 = FACE_BOUND('',#7533,.F.);
#7533 = EDGE_LOOP('',(#7534,#7535,#7536,#7542));
#7534 = ORIENTED_EDGE('',*,*,#7503,.T.);
#7535 = ORIENTED_EDGE('',*,*,#7009,.T.);
#7536 = ORIENTED_EDGE('',*,*,#7537,.F.);
#7537 = EDGE_CURVE('',#6681,#7010,#7538,.T.);
#7538 = LINE('',#7539,#7540);
#7539 = CARTESIAN_POINT('',(-0.635,-2.6,0.));
#7540 = VECTOR('',#7541,1.);
#7541 = DIRECTION('',(0.,0.,1.));
#7542 = ORIENTED_EDGE('',*,*,#6680,.F.);
#7543 = PLANE('',#7544);
#7544 = AXIS2_PLACEMENT_3D('',#7545,#7546,#7547);
#7545 = CARTESIAN_POINT('',(-0.535,-2.5,0.));
#7546 = DIRECTION('',(0.707106781187,-0.707106781187,0.));
#7547 = DIRECTION('',(-0.707106781187,-0.707106781187,0.));
#7548 = ADVANCED_FACE('',(#7549),#7560,.F.);
#7549 = FACE_BOUND('',#7550,.F.);
#7550 = EDGE_LOOP('',(#7551,#7557,#7558,#7559));
#7551 = ORIENTED_EDGE('',*,*,#7552,.T.);
#7552 = EDGE_CURVE('',#6729,#7058,#7553,.T.);
#7553 = LINE('',#7554,#7555);
#7554 = CARTESIAN_POINT('',(0.535,-2.5,0.));
#7555 = VECTOR('',#7556,1.);
#7556 = DIRECTION('',(0.,0.,1.));
#7557 = ORIENTED_EDGE('',*,*,#7065,.T.);
#7558 = ORIENTED_EDGE('',*,*,#7518,.F.);
#7559 = ORIENTED_EDGE('',*,*,#6736,.F.);
#7560 = PLANE('',#7561);
#7561 = AXIS2_PLACEMENT_3D('',#7562,#7563,#7564);
#7562 = CARTESIAN_POINT('',(0.535,-2.5,0.));
#7563 = DIRECTION('',(-0.707106781187,0.707106781187,0.));
#7564 = DIRECTION('',(0.707106781187,0.707106781187,0.));
#7565 = ADVANCED_FACE('',(#7566),#7577,.F.);
#7566 = FACE_BOUND('',#7567,.F.);
#7567 = EDGE_LOOP('',(#7568,#7569,#7570,#7576));
#7568 = ORIENTED_EDGE('',*,*,#7537,.T.);
#7569 = ORIENTED_EDGE('',*,*,#7017,.T.);
#7570 = ORIENTED_EDGE('',*,*,#7571,.F.);
#7571 = EDGE_CURVE('',#6689,#7018,#7572,.T.);
#7572 = LINE('',#7573,#7574);
#7573 = CARTESIAN_POINT('',(-0.635,-3.4,0.));
#7574 = VECTOR('',#7575,1.);
#7575 = DIRECTION('',(0.,0.,1.));
#7576 = ORIENTED_EDGE('',*,*,#6688,.F.);
#7577 = PLANE('',#7578);
#7578 = AXIS2_PLACEMENT_3D('',#7579,#7580,#7581);
#7579 = CARTESIAN_POINT('',(-0.635,-2.6,0.));
#7580 = DIRECTION('',(1.,0.,0.));
#7581 = DIRECTION('',(0.,-1.,0.));
#7582 = ADVANCED_FACE('',(#7583),#7594,.F.);
#7583 = FACE_BOUND('',#7584,.F.);
#7584 = EDGE_LOOP('',(#7585,#7591,#7592,#7593));
#7585 = ORIENTED_EDGE('',*,*,#7586,.T.);
#7586 = EDGE_CURVE('',#6721,#7050,#7587,.T.);
#7587 = LINE('',#7588,#7589);
#7588 = CARTESIAN_POINT('',(0.635,-2.6,0.));
#7589 = VECTOR('',#7590,1.);
#7590 = DIRECTION('',(0.,0.,1.));
#7591 = ORIENTED_EDGE('',*,*,#7057,.T.);
#7592 = ORIENTED_EDGE('',*,*,#7552,.F.);
#7593 = ORIENTED_EDGE('',*,*,#6728,.F.);
#7594 = PLANE('',#7595);
#7595 = AXIS2_PLACEMENT_3D('',#7596,#7597,#7598);
#7596 = CARTESIAN_POINT('',(0.635,-2.6,0.));
#7597 = DIRECTION('',(-0.707106781187,-0.707106781187,0.));
#7598 = DIRECTION('',(-0.707106781187,0.707106781187,0.));
#7599 = ADVANCED_FACE('',(#7600),#7611,.F.);
#7600 = FACE_BOUND('',#7601,.F.);
#7601 = EDGE_LOOP('',(#7602,#7603,#7604,#7610));
#7602 = ORIENTED_EDGE('',*,*,#7571,.T.);
#7603 = ORIENTED_EDGE('',*,*,#7025,.T.);
#7604 = ORIENTED_EDGE('',*,*,#7605,.F.);
#7605 = EDGE_CURVE('',#6697,#7026,#7606,.T.);
#7606 = LINE('',#7607,#7608);
#7607 = CARTESIAN_POINT('',(-0.535,-3.5,0.));
#7608 = VECTOR('',#7609,1.);
#7609 = DIRECTION('',(0.,0.,1.));
#7610 = ORIENTED_EDGE('',*,*,#6696,.F.);
#7611 = PLANE('',#7612);
#7612 = AXIS2_PLACEMENT_3D('',#7613,#7614,#7615);
#7613 = CARTESIAN_POINT('',(-0.635,-3.4,0.));
#7614 = DIRECTION('',(0.707106781187,0.707106781187,0.));
#7615 = DIRECTION('',(0.707106781187,-0.707106781187,0.));
#7616 = ADVANCED_FACE('',(#7617),#7628,.F.);
#7617 = FACE_BOUND('',#7618,.F.);
#7618 = EDGE_LOOP('',(#7619,#7625,#7626,#7627));
#7619 = ORIENTED_EDGE('',*,*,#7620,.T.);
#7620 = EDGE_CURVE('',#6713,#7042,#7621,.T.);
#7621 = LINE('',#7622,#7623);
#7622 = CARTESIAN_POINT('',(0.635,-3.4,0.));
#7623 = VECTOR('',#7624,1.);
#7624 = DIRECTION('',(0.,0.,1.));
#7625 = ORIENTED_EDGE('',*,*,#7049,.T.);
#7626 = ORIENTED_EDGE('',*,*,#7586,.F.);
#7627 = ORIENTED_EDGE('',*,*,#6720,.F.);
#7628 = PLANE('',#7629);
#7629 = AXIS2_PLACEMENT_3D('',#7630,#7631,#7632);
#7630 = CARTESIAN_POINT('',(0.635,-3.4,0.));
#7631 = DIRECTION('',(-1.,0.,0.));
#7632 = DIRECTION('',(0.,1.,0.));
#7633 = ADVANCED_FACE('',(#7634),#7645,.F.);
#7634 = FACE_BOUND('',#7635,.F.);
#7635 = EDGE_LOOP('',(#7636,#7637,#7638,#7644));
#7636 = ORIENTED_EDGE('',*,*,#7605,.T.);
#7637 = ORIENTED_EDGE('',*,*,#7033,.T.);
#7638 = ORIENTED_EDGE('',*,*,#7639,.F.);
#7639 = EDGE_CURVE('',#6705,#7034,#7640,.T.);
#7640 = LINE('',#7641,#7642);
#7641 = CARTESIAN_POINT('',(0.535,-3.5,0.));
#7642 = VECTOR('',#7643,1.);
#7643 = DIRECTION('',(0.,0.,1.));
#7644 = ORIENTED_EDGE('',*,*,#6704,.F.);
#7645 = PLANE('',#7646);
#7646 = AXIS2_PLACEMENT_3D('',#7647,#7648,#7649);
#7647 = CARTESIAN_POINT('',(-0.535,-3.5,0.));
#7648 = DIRECTION('',(0.,1.,0.));
#7649 = DIRECTION('',(1.,0.,0.));
#7650 = ADVANCED_FACE('',(#7651),#7657,.F.);
#7651 = FACE_BOUND('',#7652,.F.);
#7652 = EDGE_LOOP('',(#7653,#7654,#7655,#7656));
#7653 = ORIENTED_EDGE('',*,*,#7639,.T.);
#7654 = ORIENTED_EDGE('',*,*,#7041,.T.);
#7655 = ORIENTED_EDGE('',*,*,#7620,.F.);
#7656 = ORIENTED_EDGE('',*,*,#6712,.F.);
#7657 = PLANE('',#7658);
#7658 = AXIS2_PLACEMENT_3D('',#7659,#7660,#7661);
#7659 = CARTESIAN_POINT('',(0.535,-3.5,0.));
#7660 = DIRECTION('',(-0.707106781187,0.707106781187,0.));
#7661 = DIRECTION('',(0.707106781187,0.707106781187,0.));
#7662 = ADVANCED_FACE('',(#7663),#7688,.T.);
#7663 = FACE_BOUND('',#7664,.T.);
#7664 = EDGE_LOOP('',(#7665,#7673,#7681,#7687));
#7665 = ORIENTED_EDGE('',*,*,#7666,.F.);
#7666 = EDGE_CURVE('',#7667,#6810,#7669,.T.);
#7667 = VERTEX_POINT('',#7668);
#7668 = CARTESIAN_POINT('',(0.15,-1.85,-2.925));
#7669 = LINE('',#7670,#7671);
#7670 = CARTESIAN_POINT('',(0.15,-1.85,-3.));
#7671 = VECTOR('',#7672,1.);
#7672 = DIRECTION('',(0.,0.,1.));
#7673 = ORIENTED_EDGE('',*,*,#7674,.F.);
#7674 = EDGE_CURVE('',#7675,#7667,#7677,.T.);
#7675 = VERTEX_POINT('',#7676);
#7676 = CARTESIAN_POINT('',(-0.15,-1.85,-2.925));
#7677 = LINE('',#7678,#7679);
#7678 = CARTESIAN_POINT('',(-0.15,-1.85,-2.925));
#7679 = VECTOR('',#7680,1.);
#7680 = DIRECTION('',(1.,0.,0.));
#7681 = ORIENTED_EDGE('',*,*,#7682,.T.);
#7682 = EDGE_CURVE('',#7675,#6812,#7683,.T.);
#7683 = LINE('',#7684,#7685);
#7684 = CARTESIAN_POINT('',(-0.15,-1.85,-3.));
#7685 = VECTOR('',#7686,1.);
#7686 = DIRECTION('',(0.,0.,1.));
#7687 = ORIENTED_EDGE('',*,*,#6809,.F.);
#7688 = PLANE('',#7689);
#7689 = AXIS2_PLACEMENT_3D('',#7690,#7691,#7692);
#7690 = CARTESIAN_POINT('',(-0.15,-1.85,-3.));
#7691 = DIRECTION('',(0.,1.,0.));
#7692 = DIRECTION('',(0.,-0.,1.));
#7693 = ADVANCED_FACE('',(#7694),#7712,.F.);
#7694 = FACE_BOUND('',#7695,.F.);
#7695 = EDGE_LOOP('',(#7696,#7704,#7710,#7711));
#7696 = ORIENTED_EDGE('',*,*,#7697,.F.);
#7697 = EDGE_CURVE('',#7698,#6828,#7700,.T.);
#7698 = VERTEX_POINT('',#7699);
#7699 = CARTESIAN_POINT('',(-0.15,-2.15,-2.925));
#7700 = LINE('',#7701,#7702);
#7701 = CARTESIAN_POINT('',(-0.15,-2.15,-3.));
#7702 = VECTOR('',#7703,1.);
#7703 = DIRECTION('',(0.,0.,1.));
#7704 = ORIENTED_EDGE('',*,*,#7705,.T.);
#7705 = EDGE_CURVE('',#7698,#7675,#7706,.T.);
#7706 = LINE('',#7707,#7708);
#7707 = CARTESIAN_POINT('',(-0.15,-2.15,-2.925));
#7708 = VECTOR('',#7709,1.);
#7709 = DIRECTION('',(0.,1.,0.));
#7710 = ORIENTED_EDGE('',*,*,#7682,.T.);
#7711 = ORIENTED_EDGE('',*,*,#6835,.F.);
#7712 = PLANE('',#7713);
#7713 = AXIS2_PLACEMENT_3D('',#7714,#7715,#7716);
#7714 = CARTESIAN_POINT('',(-0.15,-2.15,-3.));
#7715 = DIRECTION('',(1.,0.,0.));
#7716 = DIRECTION('',(0.,0.,1.));
#7717 = ADVANCED_FACE('',(#7718),#7736,.F.);
#7718 = FACE_BOUND('',#7719,.F.);
#7719 = EDGE_LOOP('',(#7720,#7728,#7734,#7735));
#7720 = ORIENTED_EDGE('',*,*,#7721,.F.);
#7721 = EDGE_CURVE('',#7722,#6820,#7724,.T.);
#7722 = VERTEX_POINT('',#7723);
#7723 = CARTESIAN_POINT('',(0.15,-2.15,-2.925));
#7724 = LINE('',#7725,#7726);
#7725 = CARTESIAN_POINT('',(0.15,-2.15,-3.));
#7726 = VECTOR('',#7727,1.);
#7727 = DIRECTION('',(0.,0.,1.));
#7728 = ORIENTED_EDGE('',*,*,#7729,.F.);
#7729 = EDGE_CURVE('',#7698,#7722,#7730,.T.);
#7730 = LINE('',#7731,#7732);
#7731 = CARTESIAN_POINT('',(-0.15,-2.15,-2.925));
#7732 = VECTOR('',#7733,1.);
#7733 = DIRECTION('',(1.,0.,0.));
#7734 = ORIENTED_EDGE('',*,*,#7697,.T.);
#7735 = ORIENTED_EDGE('',*,*,#6827,.F.);
#7736 = PLANE('',#7737);
#7737 = AXIS2_PLACEMENT_3D('',#7738,#7739,#7740);
#7738 = CARTESIAN_POINT('',(-0.15,-2.15,-3.));
#7739 = DIRECTION('',(0.,1.,0.));
#7740 = DIRECTION('',(0.,-0.,1.));
#7741 = ADVANCED_FACE('',(#7742),#7753,.T.);
#7742 = FACE_BOUND('',#7743,.T.);
#7743 = EDGE_LOOP('',(#7744,#7745,#7751,#7752));
#7744 = ORIENTED_EDGE('',*,*,#7721,.F.);
#7745 = ORIENTED_EDGE('',*,*,#7746,.T.);
#7746 = EDGE_CURVE('',#7722,#7667,#7747,.T.);
#7747 = LINE('',#7748,#7749);
#7748 = CARTESIAN_POINT('',(0.15,-2.15,-2.925));
#7749 = VECTOR('',#7750,1.);
#7750 = DIRECTION('',(0.,1.,0.));
#7751 = ORIENTED_EDGE('',*,*,#7666,.T.);
#7752 = ORIENTED_EDGE('',*,*,#6819,.F.);
#7753 = PLANE('',#7754);
#7754 = AXIS2_PLACEMENT_3D('',#7755,#7756,#7757);
#7755 = CARTESIAN_POINT('',(0.15,-2.15,-3.));
#7756 = DIRECTION('',(1.,0.,0.));
#7757 = DIRECTION('',(0.,0.,1.));
#7758 = ADVANCED_FACE('',(#7759),#7784,.T.);
#7759 = FACE_BOUND('',#7760,.T.);
#7760 = EDGE_LOOP('',(#7761,#7769,#7777,#7783));
#7761 = ORIENTED_EDGE('',*,*,#7762,.F.);
#7762 = EDGE_CURVE('',#7763,#6844,#7765,.T.);
#7763 = VERTEX_POINT('',#7764);
#7764 = CARTESIAN_POINT('',(0.15,-3.15,-2.925));
#7765 = LINE('',#7766,#7767);
#7766 = CARTESIAN_POINT('',(0.15,-3.15,-3.));
#7767 = VECTOR('',#7768,1.);
#7768 = DIRECTION('',(0.,0.,1.));
#7769 = ORIENTED_EDGE('',*,*,#7770,.T.);
#7770 = EDGE_CURVE('',#7763,#7771,#7773,.T.);
#7771 = VERTEX_POINT('',#7772);
#7772 = CARTESIAN_POINT('',(0.15,-2.85,-2.925));
#7773 = LINE('',#7774,#7775);
#7774 = CARTESIAN_POINT('',(0.15,-3.15,-2.925));
#7775 = VECTOR('',#7776,1.);
#7776 = DIRECTION('',(0.,1.,0.));
#7777 = ORIENTED_EDGE('',*,*,#7778,.T.);
#7778 = EDGE_CURVE('',#7771,#6846,#7779,.T.);
#7779 = LINE('',#7780,#7781);
#7780 = CARTESIAN_POINT('',(0.15,-2.85,-3.));
#7781 = VECTOR('',#7782,1.);
#7782 = DIRECTION('',(0.,0.,1.));
#7783 = ORIENTED_EDGE('',*,*,#6843,.F.);
#7784 = PLANE('',#7785);
#7785 = AXIS2_PLACEMENT_3D('',#7786,#7787,#7788);
#7786 = CARTESIAN_POINT('',(0.15,-3.15,-3.));
#7787 = DIRECTION('',(1.,0.,0.));
#7788 = DIRECTION('',(0.,0.,1.));
#7789 = ADVANCED_FACE('',(#7790),#7808,.T.);
#7790 = FACE_BOUND('',#7791,.T.);
#7791 = EDGE_LOOP('',(#7792,#7793,#7801,#7807));
#7792 = ORIENTED_EDGE('',*,*,#7778,.F.);
#7793 = ORIENTED_EDGE('',*,*,#7794,.F.);
#7794 = EDGE_CURVE('',#7795,#7771,#7797,.T.);
#7795 = VERTEX_POINT('',#7796);
#7796 = CARTESIAN_POINT('',(-0.15,-2.85,-2.925));
#7797 = LINE('',#7798,#7799);
#7798 = CARTESIAN_POINT('',(-0.15,-2.85,-2.925));
#7799 = VECTOR('',#7800,1.);
#7800 = DIRECTION('',(1.,0.,0.));
#7801 = ORIENTED_EDGE('',*,*,#7802,.T.);
#7802 = EDGE_CURVE('',#7795,#6862,#7803,.T.);
#7803 = LINE('',#7804,#7805);
#7804 = CARTESIAN_POINT('',(-0.15,-2.85,-3.));
#7805 = VECTOR('',#7806,1.);
#7806 = DIRECTION('',(0.,0.,1.));
#7807 = ORIENTED_EDGE('',*,*,#6869,.F.);
#7808 = PLANE('',#7809);
#7809 = AXIS2_PLACEMENT_3D('',#7810,#7811,#7812);
#7810 = CARTESIAN_POINT('',(-0.15,-2.85,-3.));
#7811 = DIRECTION('',(0.,1.,0.));
#7812 = DIRECTION('',(0.,-0.,1.));
#7813 = ADVANCED_FACE('',(#7814),#7832,.F.);
#7814 = FACE_BOUND('',#7815,.F.);
#7815 = EDGE_LOOP('',(#7816,#7824,#7830,#7831));
#7816 = ORIENTED_EDGE('',*,*,#7817,.F.);
#7817 = EDGE_CURVE('',#7818,#6854,#7820,.T.);
#7818 = VERTEX_POINT('',#7819);
#7819 = CARTESIAN_POINT('',(-0.15,-3.15,-2.925));
#7820 = LINE('',#7821,#7822);
#7821 = CARTESIAN_POINT('',(-0.15,-3.15,-3.));
#7822 = VECTOR('',#7823,1.);
#7823 = DIRECTION('',(0.,0.,1.));
#7824 = ORIENTED_EDGE('',*,*,#7825,.T.);
#7825 = EDGE_CURVE('',#7818,#7795,#7826,.T.);
#7826 = LINE('',#7827,#7828);
#7827 = CARTESIAN_POINT('',(-0.15,-3.15,-2.925));
#7828 = VECTOR('',#7829,1.);
#7829 = DIRECTION('',(0.,1.,0.));
#7830 = ORIENTED_EDGE('',*,*,#7802,.T.);
#7831 = ORIENTED_EDGE('',*,*,#6861,.F.);
#7832 = PLANE('',#7833);
#7833 = AXIS2_PLACEMENT_3D('',#7834,#7835,#7836);
#7834 = CARTESIAN_POINT('',(-0.15,-3.15,-3.));
#7835 = DIRECTION('',(1.,0.,0.));
#7836 = DIRECTION('',(0.,0.,1.));
#7837 = ADVANCED_FACE('',(#7838),#7849,.F.);
#7838 = FACE_BOUND('',#7839,.F.);
#7839 = EDGE_LOOP('',(#7840,#7841,#7847,#7848));
#7840 = ORIENTED_EDGE('',*,*,#7762,.F.);
#7841 = ORIENTED_EDGE('',*,*,#7842,.F.);
#7842 = EDGE_CURVE('',#7818,#7763,#7843,.T.);
#7843 = LINE('',#7844,#7845);
#7844 = CARTESIAN_POINT('',(-0.15,-3.15,-2.925));
#7845 = VECTOR('',#7846,1.);
#7846 = DIRECTION('',(1.,0.,0.));
#7847 = ORIENTED_EDGE('',*,*,#7817,.T.);
#7848 = ORIENTED_EDGE('',*,*,#6853,.F.);
#7849 = PLANE('',#7850);
#7850 = AXIS2_PLACEMENT_3D('',#7851,#7852,#7853);
#7851 = CARTESIAN_POINT('',(-0.15,-3.15,-3.));
#7852 = DIRECTION('',(0.,1.,0.));
#7853 = DIRECTION('',(0.,-0.,1.));
#7854 = ADVANCED_FACE('',(#7855),#7880,.T.);
#7855 = FACE_BOUND('',#7856,.T.);
#7856 = EDGE_LOOP('',(#7857,#7865,#7873,#7879));
#7857 = ORIENTED_EDGE('',*,*,#7858,.F.);
#7858 = EDGE_CURVE('',#7859,#6878,#7861,.T.);
#7859 = VERTEX_POINT('',#7860);
#7860 = CARTESIAN_POINT('',(0.15,-0.15,-2.925));
#7861 = LINE('',#7862,#7863);
#7862 = CARTESIAN_POINT('',(0.15,-0.15,-3.));
#7863 = VECTOR('',#7864,1.);
#7864 = DIRECTION('',(0.,0.,1.));
#7865 = ORIENTED_EDGE('',*,*,#7866,.T.);
#7866 = EDGE_CURVE('',#7859,#7867,#7869,.T.);
#7867 = VERTEX_POINT('',#7868);
#7868 = CARTESIAN_POINT('',(0.15,0.15,-2.925));
#7869 = LINE('',#7870,#7871);
#7870 = CARTESIAN_POINT('',(0.15,-0.15,-2.925));
#7871 = VECTOR('',#7872,1.);
#7872 = DIRECTION('',(0.,1.,0.));
#7873 = ORIENTED_EDGE('',*,*,#7874,.T.);
#7874 = EDGE_CURVE('',#7867,#6880,#7875,.T.);
#7875 = LINE('',#7876,#7877);
#7876 = CARTESIAN_POINT('',(0.15,0.15,-3.));
#7877 = VECTOR('',#7878,1.);
#7878 = DIRECTION('',(0.,0.,1.));
#7879 = ORIENTED_EDGE('',*,*,#6877,.F.);
#7880 = PLANE('',#7881);
#7881 = AXIS2_PLACEMENT_3D('',#7882,#7883,#7884);
#7882 = CARTESIAN_POINT('',(0.15,-0.15,-3.));
#7883 = DIRECTION('',(1.,0.,0.));
#7884 = DIRECTION('',(0.,0.,1.));
#7885 = ADVANCED_FACE('',(#7886),#7904,.T.);
#7886 = FACE_BOUND('',#7887,.T.);
#7887 = EDGE_LOOP('',(#7888,#7889,#7897,#7903));
#7888 = ORIENTED_EDGE('',*,*,#7874,.F.);
#7889 = ORIENTED_EDGE('',*,*,#7890,.F.);
#7890 = EDGE_CURVE('',#7891,#7867,#7893,.T.);
#7891 = VERTEX_POINT('',#7892);
#7892 = CARTESIAN_POINT('',(-0.15,0.15,-2.925));
#7893 = LINE('',#7894,#7895);
#7894 = CARTESIAN_POINT('',(-0.15,0.15,-2.925));
#7895 = VECTOR('',#7896,1.);
#7896 = DIRECTION('',(1.,0.,0.));
#7897 = ORIENTED_EDGE('',*,*,#7898,.T.);
#7898 = EDGE_CURVE('',#7891,#6896,#7899,.T.);
#7899 = LINE('',#7900,#7901);
#7900 = CARTESIAN_POINT('',(-0.15,0.15,-3.));
#7901 = VECTOR('',#7902,1.);
#7902 = DIRECTION('',(0.,0.,1.));
#7903 = ORIENTED_EDGE('',*,*,#6903,.F.);
#7904 = PLANE('',#7905);
#7905 = AXIS2_PLACEMENT_3D('',#7906,#7907,#7908);
#7906 = CARTESIAN_POINT('',(-0.15,0.15,-3.));
#7907 = DIRECTION('',(0.,1.,0.));
#7908 = DIRECTION('',(0.,-0.,1.));
#7909 = ADVANCED_FACE('',(#7910),#7928,.F.);
#7910 = FACE_BOUND('',#7911,.F.);
#7911 = EDGE_LOOP('',(#7912,#7920,#7926,#7927));
#7912 = ORIENTED_EDGE('',*,*,#7913,.F.);
#7913 = EDGE_CURVE('',#7914,#6888,#7916,.T.);
#7914 = VERTEX_POINT('',#7915);
#7915 = CARTESIAN_POINT('',(-0.15,-0.15,-2.925));
#7916 = LINE('',#7917,#7918);
#7917 = CARTESIAN_POINT('',(-0.15,-0.15,-3.));
#7918 = VECTOR('',#7919,1.);
#7919 = DIRECTION('',(0.,0.,1.));
#7920 = ORIENTED_EDGE('',*,*,#7921,.T.);
#7921 = EDGE_CURVE('',#7914,#7891,#7922,.T.);
#7922 = LINE('',#7923,#7924);
#7923 = CARTESIAN_POINT('',(-0.15,-0.15,-2.925));
#7924 = VECTOR('',#7925,1.);
#7925 = DIRECTION('',(0.,1.,0.));
#7926 = ORIENTED_EDGE('',*,*,#7898,.T.);
#7927 = ORIENTED_EDGE('',*,*,#6895,.F.);
#7928 = PLANE('',#7929);
#7929 = AXIS2_PLACEMENT_3D('',#7930,#7931,#7932);
#7930 = CARTESIAN_POINT('',(-0.15,-0.15,-3.));
#7931 = DIRECTION('',(1.,0.,0.));
#7932 = DIRECTION('',(0.,0.,1.));
#7933 = ADVANCED_FACE('',(#7934),#7945,.F.);
#7934 = FACE_BOUND('',#7935,.F.);
#7935 = EDGE_LOOP('',(#7936,#7937,#7943,#7944));
#7936 = ORIENTED_EDGE('',*,*,#7858,.F.);
#7937 = ORIENTED_EDGE('',*,*,#7938,.F.);
#7938 = EDGE_CURVE('',#7914,#7859,#7939,.T.);
#7939 = LINE('',#7940,#7941);
#7940 = CARTESIAN_POINT('',(-0.15,-0.15,-2.925));
#7941 = VECTOR('',#7942,1.);
#7942 = DIRECTION('',(1.,0.,0.));
#7943 = ORIENTED_EDGE('',*,*,#7913,.T.);
#7944 = ORIENTED_EDGE('',*,*,#6887,.F.);
#7945 = PLANE('',#7946);
#7946 = AXIS2_PLACEMENT_3D('',#7947,#7948,#7949);
#7947 = CARTESIAN_POINT('',(-0.15,-0.15,-3.));
#7948 = DIRECTION('',(0.,1.,0.));
#7949 = DIRECTION('',(0.,-0.,1.));
#7950 = ADVANCED_FACE('',(#7951),#7976,.T.);
#7951 = FACE_BOUND('',#7952,.T.);
#7952 = EDGE_LOOP('',(#7953,#7961,#7969,#7975));
#7953 = ORIENTED_EDGE('',*,*,#7954,.F.);
#7954 = EDGE_CURVE('',#7955,#6912,#7957,.T.);
#7955 = VERTEX_POINT('',#7956);
#7956 = CARTESIAN_POINT('',(0.15,-0.85,-2.925));
#7957 = LINE('',#7958,#7959);
#7958 = CARTESIAN_POINT('',(0.15,-0.85,-3.));
#7959 = VECTOR('',#7960,1.);
#7960 = DIRECTION('',(0.,0.,1.));
#7961 = ORIENTED_EDGE('',*,*,#7962,.F.);
#7962 = EDGE_CURVE('',#7963,#7955,#7965,.T.);
#7963 = VERTEX_POINT('',#7964);
#7964 = CARTESIAN_POINT('',(-0.15,-0.85,-2.925));
#7965 = LINE('',#7966,#7967);
#7966 = CARTESIAN_POINT('',(-0.15,-0.85,-2.925));
#7967 = VECTOR('',#7968,1.);
#7968 = DIRECTION('',(1.,0.,0.));
#7969 = ORIENTED_EDGE('',*,*,#7970,.T.);
#7970 = EDGE_CURVE('',#7963,#6914,#7971,.T.);
#7971 = LINE('',#7972,#7973);
#7972 = CARTESIAN_POINT('',(-0.15,-0.85,-3.));
#7973 = VECTOR('',#7974,1.);
#7974 = DIRECTION('',(0.,0.,1.));
#7975 = ORIENTED_EDGE('',*,*,#6911,.F.);
#7976 = PLANE('',#7977);
#7977 = AXIS2_PLACEMENT_3D('',#7978,#7979,#7980);
#7978 = CARTESIAN_POINT('',(-0.15,-0.85,-3.));
#7979 = DIRECTION('',(0.,1.,0.));
#7980 = DIRECTION('',(0.,-0.,1.));
#7981 = ADVANCED_FACE('',(#7982),#8000,.F.);
#7982 = FACE_BOUND('',#7983,.F.);
#7983 = EDGE_LOOP('',(#7984,#7992,#7998,#7999));
#7984 = ORIENTED_EDGE('',*,*,#7985,.F.);
#7985 = EDGE_CURVE('',#7986,#6930,#7988,.T.);
#7986 = VERTEX_POINT('',#7987);
#7987 = CARTESIAN_POINT('',(-0.15,-1.15,-2.925));
#7988 = LINE('',#7989,#7990);
#7989 = CARTESIAN_POINT('',(-0.15,-1.15,-3.));
#7990 = VECTOR('',#7991,1.);
#7991 = DIRECTION('',(0.,0.,1.));
#7992 = ORIENTED_EDGE('',*,*,#7993,.T.);
#7993 = EDGE_CURVE('',#7986,#7963,#7994,.T.);
#7994 = LINE('',#7995,#7996);
#7995 = CARTESIAN_POINT('',(-0.15,-1.15,-2.925));
#7996 = VECTOR('',#7997,1.);
#7997 = DIRECTION('',(0.,1.,0.));
#7998 = ORIENTED_EDGE('',*,*,#7970,.T.);
#7999 = ORIENTED_EDGE('',*,*,#6937,.F.);
#8000 = PLANE('',#8001);
#8001 = AXIS2_PLACEMENT_3D('',#8002,#8003,#8004);
#8002 = CARTESIAN_POINT('',(-0.15,-1.15,-3.));
#8003 = DIRECTION('',(1.,0.,0.));
#8004 = DIRECTION('',(0.,0.,1.));
#8005 = ADVANCED_FACE('',(#8006),#8024,.F.);
#8006 = FACE_BOUND('',#8007,.F.);
#8007 = EDGE_LOOP('',(#8008,#8016,#8022,#8023));
#8008 = ORIENTED_EDGE('',*,*,#8009,.F.);
#8009 = EDGE_CURVE('',#8010,#6922,#8012,.T.);
#8010 = VERTEX_POINT('',#8011);
#8011 = CARTESIAN_POINT('',(0.15,-1.15,-2.925));
#8012 = LINE('',#8013,#8014);
#8013 = CARTESIAN_POINT('',(0.15,-1.15,-3.));
#8014 = VECTOR('',#8015,1.);
#8015 = DIRECTION('',(0.,0.,1.));
#8016 = ORIENTED_EDGE('',*,*,#8017,.F.);
#8017 = EDGE_CURVE('',#7986,#8010,#8018,.T.);
#8018 = LINE('',#8019,#8020);
#8019 = CARTESIAN_POINT('',(-0.15,-1.15,-2.925));
#8020 = VECTOR('',#8021,1.);
#8021 = DIRECTION('',(1.,0.,0.));
#8022 = ORIENTED_EDGE('',*,*,#7985,.T.);
#8023 = ORIENTED_EDGE('',*,*,#6929,.F.);
#8024 = PLANE('',#8025);
#8025 = AXIS2_PLACEMENT_3D('',#8026,#8027,#8028);
#8026 = CARTESIAN_POINT('',(-0.15,-1.15,-3.));
#8027 = DIRECTION('',(0.,1.,0.));
#8028 = DIRECTION('',(0.,-0.,1.));
#8029 = ADVANCED_FACE('',(#8030),#8041,.T.);
#8030 = FACE_BOUND('',#8031,.T.);
#8031 = EDGE_LOOP('',(#8032,#8033,#8039,#8040));
#8032 = ORIENTED_EDGE('',*,*,#8009,.F.);
#8033 = ORIENTED_EDGE('',*,*,#8034,.T.);
#8034 = EDGE_CURVE('',#8010,#7955,#8035,.T.);
#8035 = LINE('',#8036,#8037);
#8036 = CARTESIAN_POINT('',(0.15,-1.15,-2.925));
#8037 = VECTOR('',#8038,1.);
#8038 = DIRECTION('',(0.,1.,0.));
#8039 = ORIENTED_EDGE('',*,*,#7954,.T.);
#8040 = ORIENTED_EDGE('',*,*,#6921,.F.);
#8041 = PLANE('',#8042);
#8042 = AXIS2_PLACEMENT_3D('',#8043,#8044,#8045);
#8043 = CARTESIAN_POINT('',(0.15,-1.15,-3.));
#8044 = DIRECTION('',(1.,0.,0.));
#8045 = DIRECTION('',(0.,0.,1.));
#8046 = ADVANCED_FACE('',(#8047),#8072,.T.);
#8047 = FACE_BOUND('',#8048,.T.);
#8048 = EDGE_LOOP('',(#8049,#8057,#8058,#8066));
#8049 = ORIENTED_EDGE('',*,*,#8050,.F.);
#8050 = EDGE_CURVE('',#7139,#8051,#8053,.T.);
#8051 = VERTEX_POINT('',#8052);
#8052 = CARTESIAN_POINT('',(0.15,-1.85,4.725));
#8053 = LINE('',#8054,#8055);
#8054 = CARTESIAN_POINT('',(0.15,-1.85,-3.));
#8055 = VECTOR('',#8056,1.);
#8056 = DIRECTION('',(0.,0.,1.));
#8057 = ORIENTED_EDGE('',*,*,#7138,.T.);
#8058 = ORIENTED_EDGE('',*,*,#8059,.T.);
#8059 = EDGE_CURVE('',#7141,#8060,#8062,.T.);
#8060 = VERTEX_POINT('',#8061);
#8061 = CARTESIAN_POINT('',(-0.15,-1.85,4.725));
#8062 = LINE('',#8063,#8064);
#8063 = CARTESIAN_POINT('',(-0.15,-1.85,-3.));
#8064 = VECTOR('',#8065,1.);
#8065 = DIRECTION('',(0.,0.,1.));
#8066 = ORIENTED_EDGE('',*,*,#8067,.T.);
#8067 = EDGE_CURVE('',#8060,#8051,#8068,.T.);
#8068 = LINE('',#8069,#8070);
#8069 = CARTESIAN_POINT('',(-0.15,-1.85,4.725));
#8070 = VECTOR('',#8071,1.);
#8071 = DIRECTION('',(1.,0.,0.));
#8072 = PLANE('',#8073);
#8073 = AXIS2_PLACEMENT_3D('',#8074,#8075,#8076);
#8074 = CARTESIAN_POINT('',(-0.15,-1.85,-3.));
#8075 = DIRECTION('',(0.,1.,0.));
#8076 = DIRECTION('',(0.,-0.,1.));
#8077 = ADVANCED_FACE('',(#8078),#8096,.F.);
#8078 = FACE_BOUND('',#8079,.F.);
#8079 = EDGE_LOOP('',(#8080,#8088,#8089,#8090));
#8080 = ORIENTED_EDGE('',*,*,#8081,.F.);
#8081 = EDGE_CURVE('',#7157,#8082,#8084,.T.);
#8082 = VERTEX_POINT('',#8083);
#8083 = CARTESIAN_POINT('',(-0.15,-2.15,4.725));
#8084 = LINE('',#8085,#8086);
#8085 = CARTESIAN_POINT('',(-0.15,-2.15,-3.));
#8086 = VECTOR('',#8087,1.);
#8087 = DIRECTION('',(0.,0.,1.));
#8088 = ORIENTED_EDGE('',*,*,#7164,.T.);
#8089 = ORIENTED_EDGE('',*,*,#8059,.T.);
#8090 = ORIENTED_EDGE('',*,*,#8091,.F.);
#8091 = EDGE_CURVE('',#8082,#8060,#8092,.T.);
#8092 = LINE('',#8093,#8094);
#8093 = CARTESIAN_POINT('',(-0.15,-2.15,4.725));
#8094 = VECTOR('',#8095,1.);
#8095 = DIRECTION('',(0.,1.,0.));
#8096 = PLANE('',#8097);
#8097 = AXIS2_PLACEMENT_3D('',#8098,#8099,#8100);
#8098 = CARTESIAN_POINT('',(-0.15,-2.15,-3.));
#8099 = DIRECTION('',(1.,0.,0.));
#8100 = DIRECTION('',(0.,0.,1.));
#8101 = ADVANCED_FACE('',(#8102),#8120,.F.);
#8102 = FACE_BOUND('',#8103,.F.);
#8103 = EDGE_LOOP('',(#8104,#8112,#8113,#8114));
#8104 = ORIENTED_EDGE('',*,*,#8105,.F.);
#8105 = EDGE_CURVE('',#7149,#8106,#8108,.T.);
#8106 = VERTEX_POINT('',#8107);
#8107 = CARTESIAN_POINT('',(0.15,-2.15,4.725));
#8108 = LINE('',#8109,#8110);
#8109 = CARTESIAN_POINT('',(0.15,-2.15,-3.));
#8110 = VECTOR('',#8111,1.);
#8111 = DIRECTION('',(0.,0.,1.));
#8112 = ORIENTED_EDGE('',*,*,#7156,.T.);
#8113 = ORIENTED_EDGE('',*,*,#8081,.T.);
#8114 = ORIENTED_EDGE('',*,*,#8115,.T.);
#8115 = EDGE_CURVE('',#8082,#8106,#8116,.T.);
#8116 = LINE('',#8117,#8118);
#8117 = CARTESIAN_POINT('',(-0.15,-2.15,4.725));
#8118 = VECTOR('',#8119,1.);
#8119 = DIRECTION('',(1.,0.,0.));
#8120 = PLANE('',#8121);
#8121 = AXIS2_PLACEMENT_3D('',#8122,#8123,#8124);
#8122 = CARTESIAN_POINT('',(-0.15,-2.15,-3.));
#8123 = DIRECTION('',(0.,1.,0.));
#8124 = DIRECTION('',(0.,-0.,1.));
#8125 = ADVANCED_FACE('',(#8126),#8137,.T.);
#8126 = FACE_BOUND('',#8127,.T.);
#8127 = EDGE_LOOP('',(#8128,#8129,#8130,#8131));
#8128 = ORIENTED_EDGE('',*,*,#8105,.F.);
#8129 = ORIENTED_EDGE('',*,*,#7148,.T.);
#8130 = ORIENTED_EDGE('',*,*,#8050,.T.);
#8131 = ORIENTED_EDGE('',*,*,#8132,.F.);
#8132 = EDGE_CURVE('',#8106,#8051,#8133,.T.);
#8133 = LINE('',#8134,#8135);
#8134 = CARTESIAN_POINT('',(0.15,-2.15,4.725));
#8135 = VECTOR('',#8136,1.);
#8136 = DIRECTION('',(0.,1.,0.));
#8137 = PLANE('',#8138);
#8138 = AXIS2_PLACEMENT_3D('',#8139,#8140,#8141);
#8139 = CARTESIAN_POINT('',(0.15,-2.15,-3.));
#8140 = DIRECTION('',(1.,0.,0.));
#8141 = DIRECTION('',(0.,0.,1.));
#8142 = ADVANCED_FACE('',(#8143),#8168,.T.);
#8143 = FACE_BOUND('',#8144,.T.);
#8144 = EDGE_LOOP('',(#8145,#8153,#8154,#8162));
#8145 = ORIENTED_EDGE('',*,*,#8146,.F.);
#8146 = EDGE_CURVE('',#7173,#8147,#8149,.T.);
#8147 = VERTEX_POINT('',#8148);
#8148 = CARTESIAN_POINT('',(0.15,-3.15,4.725));
#8149 = LINE('',#8150,#8151);
#8150 = CARTESIAN_POINT('',(0.15,-3.15,-3.));
#8151 = VECTOR('',#8152,1.);
#8152 = DIRECTION('',(0.,0.,1.));
#8153 = ORIENTED_EDGE('',*,*,#7172,.T.);
#8154 = ORIENTED_EDGE('',*,*,#8155,.T.);
#8155 = EDGE_CURVE('',#7175,#8156,#8158,.T.);
#8156 = VERTEX_POINT('',#8157);
#8157 = CARTESIAN_POINT('',(0.15,-2.85,4.725));
#8158 = LINE('',#8159,#8160);
#8159 = CARTESIAN_POINT('',(0.15,-2.85,-3.));
#8160 = VECTOR('',#8161,1.);
#8161 = DIRECTION('',(0.,0.,1.));
#8162 = ORIENTED_EDGE('',*,*,#8163,.F.);
#8163 = EDGE_CURVE('',#8147,#8156,#8164,.T.);
#8164 = LINE('',#8165,#8166);
#8165 = CARTESIAN_POINT('',(0.15,-3.15,4.725));
#8166 = VECTOR('',#8167,1.);
#8167 = DIRECTION('',(0.,1.,0.));
#8168 = PLANE('',#8169);
#8169 = AXIS2_PLACEMENT_3D('',#8170,#8171,#8172);
#8170 = CARTESIAN_POINT('',(0.15,-3.15,-3.));
#8171 = DIRECTION('',(1.,0.,0.));
#8172 = DIRECTION('',(0.,0.,1.));
#8173 = ADVANCED_FACE('',(#8174),#8192,.T.);
#8174 = FACE_BOUND('',#8175,.T.);
#8175 = EDGE_LOOP('',(#8176,#8177,#8178,#8186));
#8176 = ORIENTED_EDGE('',*,*,#8155,.F.);
#8177 = ORIENTED_EDGE('',*,*,#7198,.T.);
#8178 = ORIENTED_EDGE('',*,*,#8179,.T.);
#8179 = EDGE_CURVE('',#7191,#8180,#8182,.T.);
#8180 = VERTEX_POINT('',#8181);
#8181 = CARTESIAN_POINT('',(-0.15,-2.85,4.725));
#8182 = LINE('',#8183,#8184);
#8183 = CARTESIAN_POINT('',(-0.15,-2.85,-3.));
#8184 = VECTOR('',#8185,1.);
#8185 = DIRECTION('',(0.,0.,1.));
#8186 = ORIENTED_EDGE('',*,*,#8187,.T.);
#8187 = EDGE_CURVE('',#8180,#8156,#8188,.T.);
#8188 = LINE('',#8189,#8190);
#8189 = CARTESIAN_POINT('',(-0.15,-2.85,4.725));
#8190 = VECTOR('',#8191,1.);
#8191 = DIRECTION('',(1.,0.,0.));
#8192 = PLANE('',#8193);
#8193 = AXIS2_PLACEMENT_3D('',#8194,#8195,#8196);
#8194 = CARTESIAN_POINT('',(-0.15,-2.85,-3.));
#8195 = DIRECTION('',(0.,1.,0.));
#8196 = DIRECTION('',(0.,-0.,1.));
#8197 = ADVANCED_FACE('',(#8198),#8216,.F.);
#8198 = FACE_BOUND('',#8199,.F.);
#8199 = EDGE_LOOP('',(#8200,#8208,#8209,#8210));
#8200 = ORIENTED_EDGE('',*,*,#8201,.F.);
#8201 = EDGE_CURVE('',#7183,#8202,#8204,.T.);
#8202 = VERTEX_POINT('',#8203);
#8203 = CARTESIAN_POINT('',(-0.15,-3.15,4.725));
#8204 = LINE('',#8205,#8206);
#8205 = CARTESIAN_POINT('',(-0.15,-3.15,-3.));
#8206 = VECTOR('',#8207,1.);
#8207 = DIRECTION('',(0.,0.,1.));
#8208 = ORIENTED_EDGE('',*,*,#7190,.T.);
#8209 = ORIENTED_EDGE('',*,*,#8179,.T.);
#8210 = ORIENTED_EDGE('',*,*,#8211,.F.);
#8211 = EDGE_CURVE('',#8202,#8180,#8212,.T.);
#8212 = LINE('',#8213,#8214);
#8213 = CARTESIAN_POINT('',(-0.15,-3.15,4.725));
#8214 = VECTOR('',#8215,1.);
#8215 = DIRECTION('',(0.,1.,0.));
#8216 = PLANE('',#8217);
#8217 = AXIS2_PLACEMENT_3D('',#8218,#8219,#8220);
#8218 = CARTESIAN_POINT('',(-0.15,-3.15,-3.));
#8219 = DIRECTION('',(1.,0.,0.));
#8220 = DIRECTION('',(0.,0.,1.));
#8221 = ADVANCED_FACE('',(#8222),#8233,.F.);
#8222 = FACE_BOUND('',#8223,.F.);
#8223 = EDGE_LOOP('',(#8224,#8225,#8226,#8227));
#8224 = ORIENTED_EDGE('',*,*,#8146,.F.);
#8225 = ORIENTED_EDGE('',*,*,#7182,.T.);
#8226 = ORIENTED_EDGE('',*,*,#8201,.T.);
#8227 = ORIENTED_EDGE('',*,*,#8228,.T.);
#8228 = EDGE_CURVE('',#8202,#8147,#8229,.T.);
#8229 = LINE('',#8230,#8231);
#8230 = CARTESIAN_POINT('',(-0.15,-3.15,4.725));
#8231 = VECTOR('',#8232,1.);
#8232 = DIRECTION('',(1.,0.,0.));
#8233 = PLANE('',#8234);
#8234 = AXIS2_PLACEMENT_3D('',#8235,#8236,#8237);
#8235 = CARTESIAN_POINT('',(-0.15,-3.15,-3.));
#8236 = DIRECTION('',(0.,1.,0.));
#8237 = DIRECTION('',(0.,-0.,1.));
#8238 = ADVANCED_FACE('',(#8239),#8264,.T.);
#8239 = FACE_BOUND('',#8240,.T.);
#8240 = EDGE_LOOP('',(#8241,#8249,#8250,#8258));
#8241 = ORIENTED_EDGE('',*,*,#8242,.F.);
#8242 = EDGE_CURVE('',#7207,#8243,#8245,.T.);
#8243 = VERTEX_POINT('',#8244);
#8244 = CARTESIAN_POINT('',(0.15,-0.15,4.725));
#8245 = LINE('',#8246,#8247);
#8246 = CARTESIAN_POINT('',(0.15,-0.15,-3.));
#8247 = VECTOR('',#8248,1.);
#8248 = DIRECTION('',(0.,0.,1.));
#8249 = ORIENTED_EDGE('',*,*,#7206,.T.);
#8250 = ORIENTED_EDGE('',*,*,#8251,.T.);
#8251 = EDGE_CURVE('',#7209,#8252,#8254,.T.);
#8252 = VERTEX_POINT('',#8253);
#8253 = CARTESIAN_POINT('',(0.15,0.15,4.725));
#8254 = LINE('',#8255,#8256);
#8255 = CARTESIAN_POINT('',(0.15,0.15,-3.));
#8256 = VECTOR('',#8257,1.);
#8257 = DIRECTION('',(0.,0.,1.));
#8258 = ORIENTED_EDGE('',*,*,#8259,.F.);
#8259 = EDGE_CURVE('',#8243,#8252,#8260,.T.);
#8260 = LINE('',#8261,#8262);
#8261 = CARTESIAN_POINT('',(0.15,-0.15,4.725));
#8262 = VECTOR('',#8263,1.);
#8263 = DIRECTION('',(0.,1.,0.));
#8264 = PLANE('',#8265);
#8265 = AXIS2_PLACEMENT_3D('',#8266,#8267,#8268);
#8266 = CARTESIAN_POINT('',(0.15,-0.15,-3.));
#8267 = DIRECTION('',(1.,0.,0.));
#8268 = DIRECTION('',(0.,0.,1.));
#8269 = ADVANCED_FACE('',(#8270),#8288,.T.);
#8270 = FACE_BOUND('',#8271,.T.);
#8271 = EDGE_LOOP('',(#8272,#8273,#8274,#8282));
#8272 = ORIENTED_EDGE('',*,*,#8251,.F.);
#8273 = ORIENTED_EDGE('',*,*,#7232,.T.);
#8274 = ORIENTED_EDGE('',*,*,#8275,.T.);
#8275 = EDGE_CURVE('',#7225,#8276,#8278,.T.);
#8276 = VERTEX_POINT('',#8277);
#8277 = CARTESIAN_POINT('',(-0.15,0.15,4.725));
#8278 = LINE('',#8279,#8280);
#8279 = CARTESIAN_POINT('',(-0.15,0.15,-3.));
#8280 = VECTOR('',#8281,1.);
#8281 = DIRECTION('',(0.,0.,1.));
#8282 = ORIENTED_EDGE('',*,*,#8283,.T.);
#8283 = EDGE_CURVE('',#8276,#8252,#8284,.T.);
#8284 = LINE('',#8285,#8286);
#8285 = CARTESIAN_POINT('',(-0.15,0.15,4.725));
#8286 = VECTOR('',#8287,1.);
#8287 = DIRECTION('',(1.,0.,0.));
#8288 = PLANE('',#8289);
#8289 = AXIS2_PLACEMENT_3D('',#8290,#8291,#8292);
#8290 = CARTESIAN_POINT('',(-0.15,0.15,-3.));
#8291 = DIRECTION('',(0.,1.,0.));
#8292 = DIRECTION('',(0.,-0.,1.));
#8293 = ADVANCED_FACE('',(#8294),#8312,.F.);
#8294 = FACE_BOUND('',#8295,.F.);
#8295 = EDGE_LOOP('',(#8296,#8304,#8305,#8306));
#8296 = ORIENTED_EDGE('',*,*,#8297,.F.);
#8297 = EDGE_CURVE('',#7217,#8298,#8300,.T.);
#8298 = VERTEX_POINT('',#8299);
#8299 = CARTESIAN_POINT('',(-0.15,-0.15,4.725));
#8300 = LINE('',#8301,#8302);
#8301 = CARTESIAN_POINT('',(-0.15,-0.15,-3.));
#8302 = VECTOR('',#8303,1.);
#8303 = DIRECTION('',(0.,0.,1.));
#8304 = ORIENTED_EDGE('',*,*,#7224,.T.);
#8305 = ORIENTED_EDGE('',*,*,#8275,.T.);
#8306 = ORIENTED_EDGE('',*,*,#8307,.F.);
#8307 = EDGE_CURVE('',#8298,#8276,#8308,.T.);
#8308 = LINE('',#8309,#8310);
#8309 = CARTESIAN_POINT('',(-0.15,-0.15,4.725));
#8310 = VECTOR('',#8311,1.);
#8311 = DIRECTION('',(0.,1.,0.));
#8312 = PLANE('',#8313);
#8313 = AXIS2_PLACEMENT_3D('',#8314,#8315,#8316);
#8314 = CARTESIAN_POINT('',(-0.15,-0.15,-3.));
#8315 = DIRECTION('',(1.,0.,0.));
#8316 = DIRECTION('',(0.,0.,1.));
#8317 = ADVANCED_FACE('',(#8318),#8329,.F.);
#8318 = FACE_BOUND('',#8319,.F.);
#8319 = EDGE_LOOP('',(#8320,#8321,#8322,#8323));
#8320 = ORIENTED_EDGE('',*,*,#8242,.F.);
#8321 = ORIENTED_EDGE('',*,*,#7216,.T.);
#8322 = ORIENTED_EDGE('',*,*,#8297,.T.);
#8323 = ORIENTED_EDGE('',*,*,#8324,.T.);
#8324 = EDGE_CURVE('',#8298,#8243,#8325,.T.);
#8325 = LINE('',#8326,#8327);
#8326 = CARTESIAN_POINT('',(-0.15,-0.15,4.725));
#8327 = VECTOR('',#8328,1.);
#8328 = DIRECTION('',(1.,0.,0.));
#8329 = PLANE('',#8330);
#8330 = AXIS2_PLACEMENT_3D('',#8331,#8332,#8333);
#8331 = CARTESIAN_POINT('',(-0.15,-0.15,-3.));
#8332 = DIRECTION('',(0.,1.,0.));
#8333 = DIRECTION('',(0.,-0.,1.));
#8334 = ADVANCED_FACE('',(#8335),#8360,.T.);
#8335 = FACE_BOUND('',#8336,.T.);
#8336 = EDGE_LOOP('',(#8337,#8345,#8346,#8354));
#8337 = ORIENTED_EDGE('',*,*,#8338,.F.);
#8338 = EDGE_CURVE('',#7241,#8339,#8341,.T.);
#8339 = VERTEX_POINT('',#8340);
#8340 = CARTESIAN_POINT('',(0.15,-0.85,4.725));
#8341 = LINE('',#8342,#8343);
#8342 = CARTESIAN_POINT('',(0.15,-0.85,-3.));
#8343 = VECTOR('',#8344,1.);
#8344 = DIRECTION('',(0.,0.,1.));
#8345 = ORIENTED_EDGE('',*,*,#7240,.T.);
#8346 = ORIENTED_EDGE('',*,*,#8347,.T.);
#8347 = EDGE_CURVE('',#7243,#8348,#8350,.T.);
#8348 = VERTEX_POINT('',#8349);
#8349 = CARTESIAN_POINT('',(-0.15,-0.85,4.725));
#8350 = LINE('',#8351,#8352);
#8351 = CARTESIAN_POINT('',(-0.15,-0.85,-3.));
#8352 = VECTOR('',#8353,1.);
#8353 = DIRECTION('',(0.,0.,1.));
#8354 = ORIENTED_EDGE('',*,*,#8355,.T.);
#8355 = EDGE_CURVE('',#8348,#8339,#8356,.T.);
#8356 = LINE('',#8357,#8358);
#8357 = CARTESIAN_POINT('',(-0.15,-0.85,4.725));
#8358 = VECTOR('',#8359,1.);
#8359 = DIRECTION('',(1.,0.,0.));
#8360 = PLANE('',#8361);
#8361 = AXIS2_PLACEMENT_3D('',#8362,#8363,#8364);
#8362 = CARTESIAN_POINT('',(-0.15,-0.85,-3.));
#8363 = DIRECTION('',(0.,1.,0.));
#8364 = DIRECTION('',(0.,-0.,1.));
#8365 = ADVANCED_FACE('',(#8366),#8384,.F.);
#8366 = FACE_BOUND('',#8367,.F.);
#8367 = EDGE_LOOP('',(#8368,#8376,#8377,#8378));
#8368 = ORIENTED_EDGE('',*,*,#8369,.F.);
#8369 = EDGE_CURVE('',#7259,#8370,#8372,.T.);
#8370 = VERTEX_POINT('',#8371);
#8371 = CARTESIAN_POINT('',(-0.15,-1.15,4.725));
#8372 = LINE('',#8373,#8374);
#8373 = CARTESIAN_POINT('',(-0.15,-1.15,-3.));
#8374 = VECTOR('',#8375,1.);
#8375 = DIRECTION('',(0.,0.,1.));
#8376 = ORIENTED_EDGE('',*,*,#7266,.T.);
#8377 = ORIENTED_EDGE('',*,*,#8347,.T.);
#8378 = ORIENTED_EDGE('',*,*,#8379,.F.);
#8379 = EDGE_CURVE('',#8370,#8348,#8380,.T.);
#8380 = LINE('',#8381,#8382);
#8381 = CARTESIAN_POINT('',(-0.15,-1.15,4.725));
#8382 = VECTOR('',#8383,1.);
#8383 = DIRECTION('',(0.,1.,0.));
#8384 = PLANE('',#8385);
#8385 = AXIS2_PLACEMENT_3D('',#8386,#8387,#8388);
#8386 = CARTESIAN_POINT('',(-0.15,-1.15,-3.));
#8387 = DIRECTION('',(1.,0.,0.));
#8388 = DIRECTION('',(0.,0.,1.));
#8389 = ADVANCED_FACE('',(#8390),#8408,.F.);
#8390 = FACE_BOUND('',#8391,.F.);
#8391 = EDGE_LOOP('',(#8392,#8400,#8401,#8402));
#8392 = ORIENTED_EDGE('',*,*,#8393,.F.);
#8393 = EDGE_CURVE('',#7251,#8394,#8396,.T.);
#8394 = VERTEX_POINT('',#8395);
#8395 = CARTESIAN_POINT('',(0.15,-1.15,4.725));
#8396 = LINE('',#8397,#8398);
#8397 = CARTESIAN_POINT('',(0.15,-1.15,-3.));
#8398 = VECTOR('',#8399,1.);
#8399 = DIRECTION('',(0.,0.,1.));
#8400 = ORIENTED_EDGE('',*,*,#7258,.T.);
#8401 = ORIENTED_EDGE('',*,*,#8369,.T.);
#8402 = ORIENTED_EDGE('',*,*,#8403,.T.);
#8403 = EDGE_CURVE('',#8370,#8394,#8404,.T.);
#8404 = LINE('',#8405,#8406);
#8405 = CARTESIAN_POINT('',(-0.15,-1.15,4.725));
#8406 = VECTOR('',#8407,1.);
#8407 = DIRECTION('',(1.,0.,0.));
#8408 = PLANE('',#8409);
#8409 = AXIS2_PLACEMENT_3D('',#8410,#8411,#8412);
#8410 = CARTESIAN_POINT('',(-0.15,-1.15,-3.));
#8411 = DIRECTION('',(0.,1.,0.));
#8412 = DIRECTION('',(0.,-0.,1.));
#8413 = ADVANCED_FACE('',(#8414),#8425,.T.);
#8414 = FACE_BOUND('',#8415,.T.);
#8415 = EDGE_LOOP('',(#8416,#8417,#8418,#8419));
#8416 = ORIENTED_EDGE('',*,*,#8393,.F.);
#8417 = ORIENTED_EDGE('',*,*,#7250,.T.);
#8418 = ORIENTED_EDGE('',*,*,#8338,.T.);
#8419 = ORIENTED_EDGE('',*,*,#8420,.F.);
#8420 = EDGE_CURVE('',#8394,#8339,#8421,.T.);
#8421 = LINE('',#8422,#8423);
#8422 = CARTESIAN_POINT('',(0.15,-1.15,4.725));
#8423 = VECTOR('',#8424,1.);
#8424 = DIRECTION('',(0.,1.,0.));
#8425 = PLANE('',#8426);
#8426 = AXIS2_PLACEMENT_3D('',#8427,#8428,#8429);
#8427 = CARTESIAN_POINT('',(0.15,-1.15,-3.));
#8428 = DIRECTION('',(1.,0.,0.));
#8429 = DIRECTION('',(0.,0.,1.));
#8430 = ADVANCED_FACE('',(#8431),#8456,.F.);
#8431 = FACE_BOUND('',#8432,.T.);
#8432 = EDGE_LOOP('',(#8433,#8441,#8442,#8450));
#8433 = ORIENTED_EDGE('',*,*,#8434,.F.);
#8434 = EDGE_CURVE('',#7675,#8435,#8437,.T.);
#8435 = VERTEX_POINT('',#8436);
#8436 = CARTESIAN_POINT('',(-7.5E-02,-1.925,-3.));
#8437 = LINE('',#8438,#8439);
#8438 = CARTESIAN_POINT('',(-7.5E-02,-1.925,-3.));
#8439 = VECTOR('',#8440,1.);
#8440 = DIRECTION('',(0.57735026919,-0.57735026919,-0.57735026919));
#8441 = ORIENTED_EDGE('',*,*,#7674,.T.);
#8442 = ORIENTED_EDGE('',*,*,#8443,.T.);
#8443 = EDGE_CURVE('',#7667,#8444,#8446,.T.);
#8444 = VERTEX_POINT('',#8445);
#8445 = CARTESIAN_POINT('',(7.5E-02,-1.925,-3.));
#8446 = LINE('',#8447,#8448);
#8447 = CARTESIAN_POINT('',(2.5E-02,-1.975,-3.05));
#8448 = VECTOR('',#8449,1.);
#8449 = DIRECTION('',(-0.57735026919,-0.57735026919,-0.57735026919));
#8450 = ORIENTED_EDGE('',*,*,#8451,.F.);
#8451 = EDGE_CURVE('',#8435,#8444,#8452,.T.);
#8452 = LINE('',#8453,#8454);
#8453 = CARTESIAN_POINT('',(-0.15,-1.925,-3.));
#8454 = VECTOR('',#8455,1.);
#8455 = DIRECTION('',(1.,0.,0.));
#8456 = PLANE('',#8457);
#8457 = AXIS2_PLACEMENT_3D('',#8458,#8459,#8460);
#8458 = CARTESIAN_POINT('',(-0.15,-1.8875,-2.9625));
#8459 = DIRECTION('',(0.,-0.707106781187,0.707106781187));
#8460 = DIRECTION('',(-1.,0.,0.));
#8461 = ADVANCED_FACE('',(#8462),#8480,.T.);
#8462 = FACE_BOUND('',#8463,.T.);
#8463 = EDGE_LOOP('',(#8464,#8472,#8473,#8474));
#8464 = ORIENTED_EDGE('',*,*,#8465,.F.);
#8465 = EDGE_CURVE('',#7698,#8466,#8468,.T.);
#8466 = VERTEX_POINT('',#8467);
#8467 = CARTESIAN_POINT('',(-7.5E-02,-2.075,-3.));
#8468 = LINE('',#8469,#8470);
#8469 = CARTESIAN_POINT('',(-0.125,-2.125,-2.95));
#8470 = VECTOR('',#8471,1.);
#8471 = DIRECTION('',(0.57735026919,0.57735026919,-0.57735026919));
#8472 = ORIENTED_EDGE('',*,*,#7705,.T.);
#8473 = ORIENTED_EDGE('',*,*,#8434,.T.);
#8474 = ORIENTED_EDGE('',*,*,#8475,.F.);
#8475 = EDGE_CURVE('',#8466,#8435,#8476,.T.);
#8476 = LINE('',#8477,#8478);
#8477 = CARTESIAN_POINT('',(-7.5E-02,-2.15,-3.));
#8478 = VECTOR('',#8479,1.);
#8479 = DIRECTION('',(0.,1.,0.));
#8480 = PLANE('',#8481);
#8481 = AXIS2_PLACEMENT_3D('',#8482,#8483,#8484);
#8482 = CARTESIAN_POINT('',(-0.1125,-2.15,-2.9625));
#8483 = DIRECTION('',(-0.707106781187,0.,-0.707106781187));
#8484 = DIRECTION('',(0.,1.,0.));
#8485 = ADVANCED_FACE('',(#8486),#8504,.T.);
#8486 = FACE_BOUND('',#8487,.F.);
#8487 = EDGE_LOOP('',(#8488,#8489,#8490,#8498));
#8488 = ORIENTED_EDGE('',*,*,#8465,.F.);
#8489 = ORIENTED_EDGE('',*,*,#7729,.T.);
#8490 = ORIENTED_EDGE('',*,*,#8491,.T.);
#8491 = EDGE_CURVE('',#7722,#8492,#8494,.T.);
#8492 = VERTEX_POINT('',#8493);
#8493 = CARTESIAN_POINT('',(7.5E-02,-2.075,-3.));
#8494 = LINE('',#8495,#8496);
#8495 = CARTESIAN_POINT('',(7.5E-02,-2.075,-3.));
#8496 = VECTOR('',#8497,1.);
#8497 = DIRECTION('',(-0.57735026919,0.57735026919,-0.57735026919));
#8498 = ORIENTED_EDGE('',*,*,#8499,.F.);
#8499 = EDGE_CURVE('',#8466,#8492,#8500,.T.);
#8500 = LINE('',#8501,#8502);
#8501 = CARTESIAN_POINT('',(-0.15,-2.075,-3.));
#8502 = VECTOR('',#8503,1.);
#8503 = DIRECTION('',(1.,0.,0.));
#8504 = PLANE('',#8505);
#8505 = AXIS2_PLACEMENT_3D('',#8506,#8507,#8508);
#8506 = CARTESIAN_POINT('',(-0.15,-2.1125,-2.9625));
#8507 = DIRECTION('',(0.,-0.707106781187,-0.707106781187));
#8508 = DIRECTION('',(-1.,-0.,0.));
#8509 = ADVANCED_FACE('',(#8510),#8521,.F.);
#8510 = FACE_BOUND('',#8511,.F.);
#8511 = EDGE_LOOP('',(#8512,#8513,#8514,#8515));
#8512 = ORIENTED_EDGE('',*,*,#8491,.F.);
#8513 = ORIENTED_EDGE('',*,*,#7746,.T.);
#8514 = ORIENTED_EDGE('',*,*,#8443,.T.);
#8515 = ORIENTED_EDGE('',*,*,#8516,.F.);
#8516 = EDGE_CURVE('',#8492,#8444,#8517,.T.);
#8517 = LINE('',#8518,#8519);
#8518 = CARTESIAN_POINT('',(7.5E-02,-2.15,-3.));
#8519 = VECTOR('',#8520,1.);
#8520 = DIRECTION('',(0.,1.,0.));
#8521 = PLANE('',#8522);
#8522 = AXIS2_PLACEMENT_3D('',#8523,#8524,#8525);
#8523 = CARTESIAN_POINT('',(0.1125,-2.15,-2.9625));
#8524 = DIRECTION('',(-0.707106781187,0.,0.707106781187));
#8525 = DIRECTION('',(0.,1.,0.));
#8526 = ADVANCED_FACE('',(#8527),#8552,.F.);
#8527 = FACE_BOUND('',#8528,.F.);
#8528 = EDGE_LOOP('',(#8529,#8537,#8538,#8546));
#8529 = ORIENTED_EDGE('',*,*,#8530,.F.);
#8530 = EDGE_CURVE('',#7763,#8531,#8533,.T.);
#8531 = VERTEX_POINT('',#8532);
#8532 = CARTESIAN_POINT('',(7.5E-02,-3.075,-3.));
#8533 = LINE('',#8534,#8535);
#8534 = CARTESIAN_POINT('',(7.5E-02,-3.075,-3.));
#8535 = VECTOR('',#8536,1.);
#8536 = DIRECTION('',(-0.57735026919,0.57735026919,-0.57735026919));
#8537 = ORIENTED_EDGE('',*,*,#7770,.T.);
#8538 = ORIENTED_EDGE('',*,*,#8539,.T.);
#8539 = EDGE_CURVE('',#7771,#8540,#8542,.T.);
#8540 = VERTEX_POINT('',#8541);
#8541 = CARTESIAN_POINT('',(7.5E-02,-2.925,-3.));
#8542 = LINE('',#8543,#8544);
#8543 = CARTESIAN_POINT('',(2.5E-02,-2.975,-3.05));
#8544 = VECTOR('',#8545,1.);
#8545 = DIRECTION('',(-0.57735026919,-0.57735026919,-0.57735026919));
#8546 = ORIENTED_EDGE('',*,*,#8547,.F.);
#8547 = EDGE_CURVE('',#8531,#8540,#8548,.T.);
#8548 = LINE('',#8549,#8550);
#8549 = CARTESIAN_POINT('',(7.5E-02,-3.15,-3.));
#8550 = VECTOR('',#8551,1.);
#8551 = DIRECTION('',(0.,1.,0.));
#8552 = PLANE('',#8553);
#8553 = AXIS2_PLACEMENT_3D('',#8554,#8555,#8556);
#8554 = CARTESIAN_POINT('',(0.1125,-3.15,-2.9625));
#8555 = DIRECTION('',(-0.707106781187,0.,0.707106781187));
#8556 = DIRECTION('',(0.,1.,0.));
#8557 = ADVANCED_FACE('',(#8558),#8576,.F.);
#8558 = FACE_BOUND('',#8559,.T.);
#8559 = EDGE_LOOP('',(#8560,#8568,#8569,#8570));
#8560 = ORIENTED_EDGE('',*,*,#8561,.F.);
#8561 = EDGE_CURVE('',#7795,#8562,#8564,.T.);
#8562 = VERTEX_POINT('',#8563);
#8563 = CARTESIAN_POINT('',(-7.5E-02,-2.925,-3.));
#8564 = LINE('',#8565,#8566);
#8565 = CARTESIAN_POINT('',(-7.5E-02,-2.925,-3.));
#8566 = VECTOR('',#8567,1.);
#8567 = DIRECTION('',(0.57735026919,-0.57735026919,-0.57735026919));
#8568 = ORIENTED_EDGE('',*,*,#7794,.T.);
#8569 = ORIENTED_EDGE('',*,*,#8539,.T.);
#8570 = ORIENTED_EDGE('',*,*,#8571,.F.);
#8571 = EDGE_CURVE('',#8562,#8540,#8572,.T.);
#8572 = LINE('',#8573,#8574);
#8573 = CARTESIAN_POINT('',(-0.15,-2.925,-3.));
#8574 = VECTOR('',#8575,1.);
#8575 = DIRECTION('',(1.,0.,0.));
#8576 = PLANE('',#8577);
#8577 = AXIS2_PLACEMENT_3D('',#8578,#8579,#8580);
#8578 = CARTESIAN_POINT('',(-0.15,-2.8875,-2.9625));
#8579 = DIRECTION('',(0.,-0.707106781187,0.707106781187));
#8580 = DIRECTION('',(-1.,0.,0.));
#8581 = ADVANCED_FACE('',(#8582),#8600,.T.);
#8582 = FACE_BOUND('',#8583,.T.);
#8583 = EDGE_LOOP('',(#8584,#8592,#8593,#8594));
#8584 = ORIENTED_EDGE('',*,*,#8585,.F.);
#8585 = EDGE_CURVE('',#7818,#8586,#8588,.T.);
#8586 = VERTEX_POINT('',#8587);
#8587 = CARTESIAN_POINT('',(-7.5E-02,-3.075,-3.));
#8588 = LINE('',#8589,#8590);
#8589 = CARTESIAN_POINT('',(-0.125,-3.125,-2.95));
#8590 = VECTOR('',#8591,1.);
#8591 = DIRECTION('',(0.57735026919,0.57735026919,-0.57735026919));
#8592 = ORIENTED_EDGE('',*,*,#7825,.T.);
#8593 = ORIENTED_EDGE('',*,*,#8561,.T.);
#8594 = ORIENTED_EDGE('',*,*,#8595,.F.);
#8595 = EDGE_CURVE('',#8586,#8562,#8596,.T.);
#8596 = LINE('',#8597,#8598);
#8597 = CARTESIAN_POINT('',(-7.5E-02,-3.15,-3.));
#8598 = VECTOR('',#8599,1.);
#8599 = DIRECTION('',(0.,1.,0.));
#8600 = PLANE('',#8601);
#8601 = AXIS2_PLACEMENT_3D('',#8602,#8603,#8604);
#8602 = CARTESIAN_POINT('',(-0.1125,-3.15,-2.9625));
#8603 = DIRECTION('',(-0.707106781187,0.,-0.707106781187));
#8604 = DIRECTION('',(0.,1.,0.));
#8605 = ADVANCED_FACE('',(#8606),#8617,.T.);
#8606 = FACE_BOUND('',#8607,.F.);
#8607 = EDGE_LOOP('',(#8608,#8609,#8610,#8611));
#8608 = ORIENTED_EDGE('',*,*,#8585,.F.);
#8609 = ORIENTED_EDGE('',*,*,#7842,.T.);
#8610 = ORIENTED_EDGE('',*,*,#8530,.T.);
#8611 = ORIENTED_EDGE('',*,*,#8612,.F.);
#8612 = EDGE_CURVE('',#8586,#8531,#8613,.T.);
#8613 = LINE('',#8614,#8615);
#8614 = CARTESIAN_POINT('',(-0.15,-3.075,-3.));
#8615 = VECTOR('',#8616,1.);
#8616 = DIRECTION('',(1.,0.,0.));
#8617 = PLANE('',#8618);
#8618 = AXIS2_PLACEMENT_3D('',#8619,#8620,#8621);
#8619 = CARTESIAN_POINT('',(-0.15,-3.1125,-2.9625));
#8620 = DIRECTION('',(0.,-0.707106781187,-0.707106781187));
#8621 = DIRECTION('',(-1.,-0.,0.));
#8622 = ADVANCED_FACE('',(#8623),#8648,.F.);
#8623 = FACE_BOUND('',#8624,.F.);
#8624 = EDGE_LOOP('',(#8625,#8633,#8634,#8642));
#8625 = ORIENTED_EDGE('',*,*,#8626,.F.);
#8626 = EDGE_CURVE('',#7859,#8627,#8629,.T.);
#8627 = VERTEX_POINT('',#8628);
#8628 = CARTESIAN_POINT('',(7.5E-02,-7.5E-02,-3.));
#8629 = LINE('',#8630,#8631);
#8630 = CARTESIAN_POINT('',(7.5E-02,-7.5E-02,-3.));
#8631 = VECTOR('',#8632,1.);
#8632 = DIRECTION('',(-0.57735026919,0.57735026919,-0.57735026919));
#8633 = ORIENTED_EDGE('',*,*,#7866,.T.);
#8634 = ORIENTED_EDGE('',*,*,#8635,.T.);
#8635 = EDGE_CURVE('',#7867,#8636,#8638,.T.);
#8636 = VERTEX_POINT('',#8637);
#8637 = CARTESIAN_POINT('',(7.5E-02,7.5E-02,-3.));
#8638 = LINE('',#8639,#8640);
#8639 = CARTESIAN_POINT('',(2.5E-02,2.5E-02,-3.05));
#8640 = VECTOR('',#8641,1.);
#8641 = DIRECTION('',(-0.57735026919,-0.57735026919,-0.57735026919));
#8642 = ORIENTED_EDGE('',*,*,#8643,.F.);
#8643 = EDGE_CURVE('',#8627,#8636,#8644,.T.);
#8644 = LINE('',#8645,#8646);
#8645 = CARTESIAN_POINT('',(7.5E-02,-0.15,-3.));
#8646 = VECTOR('',#8647,1.);
#8647 = DIRECTION('',(0.,1.,0.));
#8648 = PLANE('',#8649);
#8649 = AXIS2_PLACEMENT_3D('',#8650,#8651,#8652);
#8650 = CARTESIAN_POINT('',(0.1125,-0.15,-2.9625));
#8651 = DIRECTION('',(-0.707106781187,0.,0.707106781187));
#8652 = DIRECTION('',(0.,1.,0.));
#8653 = ADVANCED_FACE('',(#8654),#8672,.F.);
#8654 = FACE_BOUND('',#8655,.T.);
#8655 = EDGE_LOOP('',(#8656,#8664,#8665,#8666));
#8656 = ORIENTED_EDGE('',*,*,#8657,.F.);
#8657 = EDGE_CURVE('',#7891,#8658,#8660,.T.);
#8658 = VERTEX_POINT('',#8659);
#8659 = CARTESIAN_POINT('',(-7.5E-02,7.5E-02,-3.));
#8660 = LINE('',#8661,#8662);
#8661 = CARTESIAN_POINT('',(-7.5E-02,7.5E-02,-3.));
#8662 = VECTOR('',#8663,1.);
#8663 = DIRECTION('',(0.57735026919,-0.57735026919,-0.57735026919));
#8664 = ORIENTED_EDGE('',*,*,#7890,.T.);
#8665 = ORIENTED_EDGE('',*,*,#8635,.T.);
#8666 = ORIENTED_EDGE('',*,*,#8667,.F.);
#8667 = EDGE_CURVE('',#8658,#8636,#8668,.T.);
#8668 = LINE('',#8669,#8670);
#8669 = CARTESIAN_POINT('',(-0.15,7.5E-02,-3.));
#8670 = VECTOR('',#8671,1.);
#8671 = DIRECTION('',(1.,0.,0.));
#8672 = PLANE('',#8673);
#8673 = AXIS2_PLACEMENT_3D('',#8674,#8675,#8676);
#8674 = CARTESIAN_POINT('',(-0.15,0.1125,-2.9625));
#8675 = DIRECTION('',(0.,-0.707106781187,0.707106781187));
#8676 = DIRECTION('',(-1.,0.,0.));
#8677 = ADVANCED_FACE('',(#8678),#8696,.T.);
#8678 = FACE_BOUND('',#8679,.T.);
#8679 = EDGE_LOOP('',(#8680,#8688,#8689,#8690));
#8680 = ORIENTED_EDGE('',*,*,#8681,.F.);
#8681 = EDGE_CURVE('',#7914,#8682,#8684,.T.);
#8682 = VERTEX_POINT('',#8683);
#8683 = CARTESIAN_POINT('',(-7.5E-02,-7.5E-02,-3.));
#8684 = LINE('',#8685,#8686);
#8685 = CARTESIAN_POINT('',(-0.125,-0.125,-2.95));
#8686 = VECTOR('',#8687,1.);
#8687 = DIRECTION('',(0.57735026919,0.57735026919,-0.57735026919));
#8688 = ORIENTED_EDGE('',*,*,#7921,.T.);
#8689 = ORIENTED_EDGE('',*,*,#8657,.T.);
#8690 = ORIENTED_EDGE('',*,*,#8691,.F.);
#8691 = EDGE_CURVE('',#8682,#8658,#8692,.T.);
#8692 = LINE('',#8693,#8694);
#8693 = CARTESIAN_POINT('',(-7.5E-02,-0.15,-3.));
#8694 = VECTOR('',#8695,1.);
#8695 = DIRECTION('',(0.,1.,0.));
#8696 = PLANE('',#8697);
#8697 = AXIS2_PLACEMENT_3D('',#8698,#8699,#8700);
#8698 = CARTESIAN_POINT('',(-0.1125,-0.15,-2.9625));
#8699 = DIRECTION('',(-0.707106781187,0.,-0.707106781187));
#8700 = DIRECTION('',(0.,1.,0.));
#8701 = ADVANCED_FACE('',(#8702),#8713,.T.);
#8702 = FACE_BOUND('',#8703,.F.);
#8703 = EDGE_LOOP('',(#8704,#8705,#8706,#8707));
#8704 = ORIENTED_EDGE('',*,*,#8681,.F.);
#8705 = ORIENTED_EDGE('',*,*,#7938,.T.);
#8706 = ORIENTED_EDGE('',*,*,#8626,.T.);
#8707 = ORIENTED_EDGE('',*,*,#8708,.F.);
#8708 = EDGE_CURVE('',#8682,#8627,#8709,.T.);
#8709 = LINE('',#8710,#8711);
#8710 = CARTESIAN_POINT('',(-0.15,-7.5E-02,-3.));
#8711 = VECTOR('',#8712,1.);
#8712 = DIRECTION('',(1.,0.,0.));
#8713 = PLANE('',#8714);
#8714 = AXIS2_PLACEMENT_3D('',#8715,#8716,#8717);
#8715 = CARTESIAN_POINT('',(-0.15,-0.1125,-2.9625));
#8716 = DIRECTION('',(0.,-0.707106781187,-0.707106781187));
#8717 = DIRECTION('',(-1.,-0.,0.));
#8718 = ADVANCED_FACE('',(#8719),#8744,.F.);
#8719 = FACE_BOUND('',#8720,.T.);
#8720 = EDGE_LOOP('',(#8721,#8729,#8730,#8738));
#8721 = ORIENTED_EDGE('',*,*,#8722,.F.);
#8722 = EDGE_CURVE('',#7963,#8723,#8725,.T.);
#8723 = VERTEX_POINT('',#8724);
#8724 = CARTESIAN_POINT('',(-7.5E-02,-0.925,-3.));
#8725 = LINE('',#8726,#8727);
#8726 = CARTESIAN_POINT('',(-7.5E-02,-0.925,-3.));
#8727 = VECTOR('',#8728,1.);
#8728 = DIRECTION('',(0.57735026919,-0.57735026919,-0.57735026919));
#8729 = ORIENTED_EDGE('',*,*,#7962,.T.);
#8730 = ORIENTED_EDGE('',*,*,#8731,.T.);
#8731 = EDGE_CURVE('',#7955,#8732,#8734,.T.);
#8732 = VERTEX_POINT('',#8733);
#8733 = CARTESIAN_POINT('',(7.5E-02,-0.925,-3.));
#8734 = LINE('',#8735,#8736);
#8735 = CARTESIAN_POINT('',(2.5E-02,-0.975,-3.05));
#8736 = VECTOR('',#8737,1.);
#8737 = DIRECTION('',(-0.57735026919,-0.57735026919,-0.57735026919));
#8738 = ORIENTED_EDGE('',*,*,#8739,.F.);
#8739 = EDGE_CURVE('',#8723,#8732,#8740,.T.);
#8740 = LINE('',#8741,#8742);
#8741 = CARTESIAN_POINT('',(-0.15,-0.925,-3.));
#8742 = VECTOR('',#8743,1.);
#8743 = DIRECTION('',(1.,0.,0.));
#8744 = PLANE('',#8745);
#8745 = AXIS2_PLACEMENT_3D('',#8746,#8747,#8748);
#8746 = CARTESIAN_POINT('',(-0.15,-0.8875,-2.9625));
#8747 = DIRECTION('',(0.,-0.707106781187,0.707106781187));
#8748 = DIRECTION('',(-1.,0.,0.));
#8749 = ADVANCED_FACE('',(#8750),#8768,.T.);
#8750 = FACE_BOUND('',#8751,.T.);
#8751 = EDGE_LOOP('',(#8752,#8760,#8761,#8762));
#8752 = ORIENTED_EDGE('',*,*,#8753,.F.);
#8753 = EDGE_CURVE('',#7986,#8754,#8756,.T.);
#8754 = VERTEX_POINT('',#8755);
#8755 = CARTESIAN_POINT('',(-7.5E-02,-1.075,-3.));
#8756 = LINE('',#8757,#8758);
#8757 = CARTESIAN_POINT('',(-0.125,-1.125,-2.95));
#8758 = VECTOR('',#8759,1.);
#8759 = DIRECTION('',(0.57735026919,0.57735026919,-0.57735026919));
#8760 = ORIENTED_EDGE('',*,*,#7993,.T.);
#8761 = ORIENTED_EDGE('',*,*,#8722,.T.);
#8762 = ORIENTED_EDGE('',*,*,#8763,.F.);
#8763 = EDGE_CURVE('',#8754,#8723,#8764,.T.);
#8764 = LINE('',#8765,#8766);
#8765 = CARTESIAN_POINT('',(-7.5E-02,-1.15,-3.));
#8766 = VECTOR('',#8767,1.);
#8767 = DIRECTION('',(0.,1.,0.));
#8768 = PLANE('',#8769);
#8769 = AXIS2_PLACEMENT_3D('',#8770,#8771,#8772);
#8770 = CARTESIAN_POINT('',(-0.1125,-1.15,-2.9625));
#8771 = DIRECTION('',(-0.707106781187,0.,-0.707106781187));
#8772 = DIRECTION('',(0.,1.,0.));
#8773 = ADVANCED_FACE('',(#8774),#8792,.T.);
#8774 = FACE_BOUND('',#8775,.F.);
#8775 = EDGE_LOOP('',(#8776,#8777,#8778,#8786));
#8776 = ORIENTED_EDGE('',*,*,#8753,.F.);
#8777 = ORIENTED_EDGE('',*,*,#8017,.T.);
#8778 = ORIENTED_EDGE('',*,*,#8779,.T.);
#8779 = EDGE_CURVE('',#8010,#8780,#8782,.T.);
#8780 = VERTEX_POINT('',#8781);
#8781 = CARTESIAN_POINT('',(7.5E-02,-1.075,-3.));
#8782 = LINE('',#8783,#8784);
#8783 = CARTESIAN_POINT('',(7.5E-02,-1.075,-3.));
#8784 = VECTOR('',#8785,1.);
#8785 = DIRECTION('',(-0.57735026919,0.57735026919,-0.57735026919));
#8786 = ORIENTED_EDGE('',*,*,#8787,.F.);
#8787 = EDGE_CURVE('',#8754,#8780,#8788,.T.);
#8788 = LINE('',#8789,#8790);
#8789 = CARTESIAN_POINT('',(-0.15,-1.075,-3.));
#8790 = VECTOR('',#8791,1.);
#8791 = DIRECTION('',(1.,0.,0.));
#8792 = PLANE('',#8793);
#8793 = AXIS2_PLACEMENT_3D('',#8794,#8795,#8796);
#8794 = CARTESIAN_POINT('',(-0.15,-1.1125,-2.9625));
#8795 = DIRECTION('',(0.,-0.707106781187,-0.707106781187));
#8796 = DIRECTION('',(-1.,-0.,0.));
#8797 = ADVANCED_FACE('',(#8798),#8809,.F.);
#8798 = FACE_BOUND('',#8799,.F.);
#8799 = EDGE_LOOP('',(#8800,#8801,#8802,#8803));
#8800 = ORIENTED_EDGE('',*,*,#8779,.F.);
#8801 = ORIENTED_EDGE('',*,*,#8034,.T.);
#8802 = ORIENTED_EDGE('',*,*,#8731,.T.);
#8803 = ORIENTED_EDGE('',*,*,#8804,.F.);
#8804 = EDGE_CURVE('',#8780,#8732,#8805,.T.);
#8805 = LINE('',#8806,#8807);
#8806 = CARTESIAN_POINT('',(7.5E-02,-1.15,-3.));
#8807 = VECTOR('',#8808,1.);
#8808 = DIRECTION('',(0.,1.,0.));
#8809 = PLANE('',#8810);
#8810 = AXIS2_PLACEMENT_3D('',#8811,#8812,#8813);
#8811 = CARTESIAN_POINT('',(0.1125,-1.15,-2.9625));
#8812 = DIRECTION('',(-0.707106781187,0.,0.707106781187));
#8813 = DIRECTION('',(0.,1.,0.));
#8814 = ADVANCED_FACE('',(#8815),#8840,.T.);
#8815 = FACE_BOUND('',#8816,.F.);
#8816 = EDGE_LOOP('',(#8817,#8825,#8826,#8834));
#8817 = ORIENTED_EDGE('',*,*,#8818,.F.);
#8818 = EDGE_CURVE('',#8060,#8819,#8821,.T.);
#8819 = VERTEX_POINT('',#8820);
#8820 = CARTESIAN_POINT('',(-7.5E-02,-1.925,4.8));
#8821 = LINE('',#8822,#8823);
#8822 = CARTESIAN_POINT('',(-7.5E-02,-1.925,4.8));
#8823 = VECTOR('',#8824,1.);
#8824 = DIRECTION('',(0.57735026919,-0.57735026919,0.57735026919));
#8825 = ORIENTED_EDGE('',*,*,#8067,.T.);
#8826 = ORIENTED_EDGE('',*,*,#8827,.T.);
#8827 = EDGE_CURVE('',#8051,#8828,#8830,.T.);
#8828 = VERTEX_POINT('',#8829);
#8829 = CARTESIAN_POINT('',(7.5E-02,-1.925,4.8));
#8830 = LINE('',#8831,#8832);
#8831 = CARTESIAN_POINT('',(2.5E-02,-1.975,4.85));
#8832 = VECTOR('',#8833,1.);
#8833 = DIRECTION('',(-0.57735026919,-0.57735026919,0.57735026919));
#8834 = ORIENTED_EDGE('',*,*,#8835,.F.);
#8835 = EDGE_CURVE('',#8819,#8828,#8836,.T.);
#8836 = LINE('',#8837,#8838);
#8837 = CARTESIAN_POINT('',(-0.15,-1.925,4.8));
#8838 = VECTOR('',#8839,1.);
#8839 = DIRECTION('',(1.,0.,0.));
#8840 = PLANE('',#8841);
#8841 = AXIS2_PLACEMENT_3D('',#8842,#8843,#8844);
#8842 = CARTESIAN_POINT('',(-0.15,-1.8875,4.7625));
#8843 = DIRECTION('',(0.,0.707106781187,0.707106781187));
#8844 = DIRECTION('',(-1.,0.,0.));
#8845 = ADVANCED_FACE('',(#8846),#8864,.F.);
#8846 = FACE_BOUND('',#8847,.F.);
#8847 = EDGE_LOOP('',(#8848,#8856,#8857,#8858));
#8848 = ORIENTED_EDGE('',*,*,#8849,.F.);
#8849 = EDGE_CURVE('',#8082,#8850,#8852,.T.);
#8850 = VERTEX_POINT('',#8851);
#8851 = CARTESIAN_POINT('',(-7.5E-02,-2.075,4.8));
#8852 = LINE('',#8853,#8854);
#8853 = CARTESIAN_POINT('',(-0.125,-2.125,4.75));
#8854 = VECTOR('',#8855,1.);
#8855 = DIRECTION('',(0.57735026919,0.57735026919,0.57735026919));
#8856 = ORIENTED_EDGE('',*,*,#8091,.T.);
#8857 = ORIENTED_EDGE('',*,*,#8818,.T.);
#8858 = ORIENTED_EDGE('',*,*,#8859,.F.);
#8859 = EDGE_CURVE('',#8850,#8819,#8860,.T.);
#8860 = LINE('',#8861,#8862);
#8861 = CARTESIAN_POINT('',(-7.5E-02,-2.15,4.8));
#8862 = VECTOR('',#8863,1.);
#8863 = DIRECTION('',(0.,1.,0.));
#8864 = PLANE('',#8865);
#8865 = AXIS2_PLACEMENT_3D('',#8866,#8867,#8868);
#8866 = CARTESIAN_POINT('',(-0.1125,-2.15,4.7625));
#8867 = DIRECTION('',(0.707106781187,0.,-0.707106781187));
#8868 = DIRECTION('',(0.,1.,0.));
#8869 = ADVANCED_FACE('',(#8870),#8888,.F.);
#8870 = FACE_BOUND('',#8871,.T.);
#8871 = EDGE_LOOP('',(#8872,#8873,#8874,#8882));
#8872 = ORIENTED_EDGE('',*,*,#8849,.F.);
#8873 = ORIENTED_EDGE('',*,*,#8115,.T.);
#8874 = ORIENTED_EDGE('',*,*,#8875,.T.);
#8875 = EDGE_CURVE('',#8106,#8876,#8878,.T.);
#8876 = VERTEX_POINT('',#8877);
#8877 = CARTESIAN_POINT('',(7.5E-02,-2.075,4.8));
#8878 = LINE('',#8879,#8880);
#8879 = CARTESIAN_POINT('',(7.5E-02,-2.075,4.8));
#8880 = VECTOR('',#8881,1.);
#8881 = DIRECTION('',(-0.57735026919,0.57735026919,0.57735026919));
#8882 = ORIENTED_EDGE('',*,*,#8883,.F.);
#8883 = EDGE_CURVE('',#8850,#8876,#8884,.T.);
#8884 = LINE('',#8885,#8886);
#8885 = CARTESIAN_POINT('',(-0.15,-2.075,4.8));
#8886 = VECTOR('',#8887,1.);
#8887 = DIRECTION('',(1.,0.,0.));
#8888 = PLANE('',#8889);
#8889 = AXIS2_PLACEMENT_3D('',#8890,#8891,#8892);
#8890 = CARTESIAN_POINT('',(-0.15,-2.1125,4.7625));
#8891 = DIRECTION('',(0.,0.707106781187,-0.707106781187));
#8892 = DIRECTION('',(-1.,0.,-0.));
#8893 = ADVANCED_FACE('',(#8894),#8905,.T.);
#8894 = FACE_BOUND('',#8895,.T.);
#8895 = EDGE_LOOP('',(#8896,#8897,#8898,#8899));
#8896 = ORIENTED_EDGE('',*,*,#8875,.F.);
#8897 = ORIENTED_EDGE('',*,*,#8132,.T.);
#8898 = ORIENTED_EDGE('',*,*,#8827,.T.);
#8899 = ORIENTED_EDGE('',*,*,#8900,.F.);
#8900 = EDGE_CURVE('',#8876,#8828,#8901,.T.);
#8901 = LINE('',#8902,#8903);
#8902 = CARTESIAN_POINT('',(7.5E-02,-2.15,4.8));
#8903 = VECTOR('',#8904,1.);
#8904 = DIRECTION('',(0.,1.,0.));
#8905 = PLANE('',#8906);
#8906 = AXIS2_PLACEMENT_3D('',#8907,#8908,#8909);
#8907 = CARTESIAN_POINT('',(0.1125,-2.15,4.7625));
#8908 = DIRECTION('',(0.707106781187,0.,0.707106781187));
#8909 = DIRECTION('',(-0.,1.,0.));
#8910 = ADVANCED_FACE('',(#8911),#8936,.T.);
#8911 = FACE_BOUND('',#8912,.T.);
#8912 = EDGE_LOOP('',(#8913,#8921,#8922,#8930));
#8913 = ORIENTED_EDGE('',*,*,#8914,.F.);
#8914 = EDGE_CURVE('',#8147,#8915,#8917,.T.);
#8915 = VERTEX_POINT('',#8916);
#8916 = CARTESIAN_POINT('',(7.5E-02,-3.075,4.8));
#8917 = LINE('',#8918,#8919);
#8918 = CARTESIAN_POINT('',(7.5E-02,-3.075,4.8));
#8919 = VECTOR('',#8920,1.);
#8920 = DIRECTION('',(-0.57735026919,0.57735026919,0.57735026919));
#8921 = ORIENTED_EDGE('',*,*,#8163,.T.);
#8922 = ORIENTED_EDGE('',*,*,#8923,.T.);
#8923 = EDGE_CURVE('',#8156,#8924,#8926,.T.);
#8924 = VERTEX_POINT('',#8925);
#8925 = CARTESIAN_POINT('',(7.5E-02,-2.925,4.8));
#8926 = LINE('',#8927,#8928);
#8927 = CARTESIAN_POINT('',(2.5E-02,-2.975,4.85));
#8928 = VECTOR('',#8929,1.);
#8929 = DIRECTION('',(-0.57735026919,-0.57735026919,0.57735026919));
#8930 = ORIENTED_EDGE('',*,*,#8931,.F.);
#8931 = EDGE_CURVE('',#8915,#8924,#8932,.T.);
#8932 = LINE('',#8933,#8934);
#8933 = CARTESIAN_POINT('',(7.5E-02,-3.15,4.8));
#8934 = VECTOR('',#8935,1.);
#8935 = DIRECTION('',(0.,1.,0.));
#8936 = PLANE('',#8937);
#8937 = AXIS2_PLACEMENT_3D('',#8938,#8939,#8940);
#8938 = CARTESIAN_POINT('',(0.1125,-3.15,4.7625));
#8939 = DIRECTION('',(0.707106781187,0.,0.707106781187));
#8940 = DIRECTION('',(-0.,1.,0.));
#8941 = ADVANCED_FACE('',(#8942),#8960,.T.);
#8942 = FACE_BOUND('',#8943,.F.);
#8943 = EDGE_LOOP('',(#8944,#8952,#8953,#8954));
#8944 = ORIENTED_EDGE('',*,*,#8945,.F.);
#8945 = EDGE_CURVE('',#8180,#8946,#8948,.T.);
#8946 = VERTEX_POINT('',#8947);
#8947 = CARTESIAN_POINT('',(-7.5E-02,-2.925,4.8));
#8948 = LINE('',#8949,#8950);
#8949 = CARTESIAN_POINT('',(-7.5E-02,-2.925,4.8));
#8950 = VECTOR('',#8951,1.);
#8951 = DIRECTION('',(0.57735026919,-0.57735026919,0.57735026919));
#8952 = ORIENTED_EDGE('',*,*,#8187,.T.);
#8953 = ORIENTED_EDGE('',*,*,#8923,.T.);
#8954 = ORIENTED_EDGE('',*,*,#8955,.F.);
#8955 = EDGE_CURVE('',#8946,#8924,#8956,.T.);
#8956 = LINE('',#8957,#8958);
#8957 = CARTESIAN_POINT('',(-0.15,-2.925,4.8));
#8958 = VECTOR('',#8959,1.);
#8959 = DIRECTION('',(1.,0.,0.));
#8960 = PLANE('',#8961);
#8961 = AXIS2_PLACEMENT_3D('',#8962,#8963,#8964);
#8962 = CARTESIAN_POINT('',(-0.15,-2.8875,4.7625));
#8963 = DIRECTION('',(0.,0.707106781187,0.707106781187));
#8964 = DIRECTION('',(-1.,0.,0.));
#8965 = ADVANCED_FACE('',(#8966),#8984,.F.);
#8966 = FACE_BOUND('',#8967,.F.);
#8967 = EDGE_LOOP('',(#8968,#8976,#8977,#8978));
#8968 = ORIENTED_EDGE('',*,*,#8969,.F.);
#8969 = EDGE_CURVE('',#8202,#8970,#8972,.T.);
#8970 = VERTEX_POINT('',#8971);
#8971 = CARTESIAN_POINT('',(-7.5E-02,-3.075,4.8));
#8972 = LINE('',#8973,#8974);
#8973 = CARTESIAN_POINT('',(-0.125,-3.125,4.75));
#8974 = VECTOR('',#8975,1.);
#8975 = DIRECTION('',(0.57735026919,0.57735026919,0.57735026919));
#8976 = ORIENTED_EDGE('',*,*,#8211,.T.);
#8977 = ORIENTED_EDGE('',*,*,#8945,.T.);
#8978 = ORIENTED_EDGE('',*,*,#8979,.F.);
#8979 = EDGE_CURVE('',#8970,#8946,#8980,.T.);
#8980 = LINE('',#8981,#8982);
#8981 = CARTESIAN_POINT('',(-7.5E-02,-3.15,4.8));
#8982 = VECTOR('',#8983,1.);
#8983 = DIRECTION('',(0.,1.,0.));
#8984 = PLANE('',#8985);
#8985 = AXIS2_PLACEMENT_3D('',#8986,#8987,#8988);
#8986 = CARTESIAN_POINT('',(-0.1125,-3.15,4.7625));
#8987 = DIRECTION('',(0.707106781187,0.,-0.707106781187));
#8988 = DIRECTION('',(0.,1.,0.));
#8989 = ADVANCED_FACE('',(#8990),#9001,.F.);
#8990 = FACE_BOUND('',#8991,.T.);
#8991 = EDGE_LOOP('',(#8992,#8993,#8994,#8995));
#8992 = ORIENTED_EDGE('',*,*,#8969,.F.);
#8993 = ORIENTED_EDGE('',*,*,#8228,.T.);
#8994 = ORIENTED_EDGE('',*,*,#8914,.T.);
#8995 = ORIENTED_EDGE('',*,*,#8996,.F.);
#8996 = EDGE_CURVE('',#8970,#8915,#8997,.T.);
#8997 = LINE('',#8998,#8999);
#8998 = CARTESIAN_POINT('',(-0.15,-3.075,4.8));
#8999 = VECTOR('',#9000,1.);
#9000 = DIRECTION('',(1.,0.,0.));
#9001 = PLANE('',#9002);
#9002 = AXIS2_PLACEMENT_3D('',#9003,#9004,#9005);
#9003 = CARTESIAN_POINT('',(-0.15,-3.1125,4.7625));
#9004 = DIRECTION('',(0.,0.707106781187,-0.707106781187));
#9005 = DIRECTION('',(-1.,0.,-0.));
#9006 = ADVANCED_FACE('',(#9007),#9032,.T.);
#9007 = FACE_BOUND('',#9008,.T.);
#9008 = EDGE_LOOP('',(#9009,#9017,#9018,#9026));
#9009 = ORIENTED_EDGE('',*,*,#9010,.F.);
#9010 = EDGE_CURVE('',#8243,#9011,#9013,.T.);
#9011 = VERTEX_POINT('',#9012);
#9012 = CARTESIAN_POINT('',(7.5E-02,-7.5E-02,4.8));
#9013 = LINE('',#9014,#9015);
#9014 = CARTESIAN_POINT('',(7.5E-02,-7.5E-02,4.8));
#9015 = VECTOR('',#9016,1.);
#9016 = DIRECTION('',(-0.57735026919,0.57735026919,0.57735026919));
#9017 = ORIENTED_EDGE('',*,*,#8259,.T.);
#9018 = ORIENTED_EDGE('',*,*,#9019,.T.);
#9019 = EDGE_CURVE('',#8252,#9020,#9022,.T.);
#9020 = VERTEX_POINT('',#9021);
#9021 = CARTESIAN_POINT('',(7.5E-02,7.5E-02,4.8));
#9022 = LINE('',#9023,#9024);
#9023 = CARTESIAN_POINT('',(2.5E-02,2.5E-02,4.85));
#9024 = VECTOR('',#9025,1.);
#9025 = DIRECTION('',(-0.57735026919,-0.57735026919,0.57735026919));
#9026 = ORIENTED_EDGE('',*,*,#9027,.F.);
#9027 = EDGE_CURVE('',#9011,#9020,#9028,.T.);
#9028 = LINE('',#9029,#9030);
#9029 = CARTESIAN_POINT('',(7.5E-02,-0.15,4.8));
#9030 = VECTOR('',#9031,1.);
#9031 = DIRECTION('',(0.,1.,0.));
#9032 = PLANE('',#9033);
#9033 = AXIS2_PLACEMENT_3D('',#9034,#9035,#9036);
#9034 = CARTESIAN_POINT('',(0.1125,-0.15,4.7625));
#9035 = DIRECTION('',(0.707106781187,0.,0.707106781187));
#9036 = DIRECTION('',(-0.,1.,0.));
#9037 = ADVANCED_FACE('',(#9038),#9056,.T.);
#9038 = FACE_BOUND('',#9039,.F.);
#9039 = EDGE_LOOP('',(#9040,#9048,#9049,#9050));
#9040 = ORIENTED_EDGE('',*,*,#9041,.F.);
#9041 = EDGE_CURVE('',#8276,#9042,#9044,.T.);
#9042 = VERTEX_POINT('',#9043);
#9043 = CARTESIAN_POINT('',(-7.5E-02,7.5E-02,4.8));
#9044 = LINE('',#9045,#9046);
#9045 = CARTESIAN_POINT('',(-7.5E-02,7.5E-02,4.8));
#9046 = VECTOR('',#9047,1.);
#9047 = DIRECTION('',(0.57735026919,-0.57735026919,0.57735026919));
#9048 = ORIENTED_EDGE('',*,*,#8283,.T.);
#9049 = ORIENTED_EDGE('',*,*,#9019,.T.);
#9050 = ORIENTED_EDGE('',*,*,#9051,.F.);
#9051 = EDGE_CURVE('',#9042,#9020,#9052,.T.);
#9052 = LINE('',#9053,#9054);
#9053 = CARTESIAN_POINT('',(-0.15,7.5E-02,4.8));
#9054 = VECTOR('',#9055,1.);
#9055 = DIRECTION('',(1.,0.,0.));
#9056 = PLANE('',#9057);
#9057 = AXIS2_PLACEMENT_3D('',#9058,#9059,#9060);
#9058 = CARTESIAN_POINT('',(-0.15,0.1125,4.7625));
#9059 = DIRECTION('',(0.,0.707106781187,0.707106781187));
#9060 = DIRECTION('',(-1.,0.,0.));
#9061 = ADVANCED_FACE('',(#9062),#9080,.F.);
#9062 = FACE_BOUND('',#9063,.F.);
#9063 = EDGE_LOOP('',(#9064,#9072,#9073,#9074));
#9064 = ORIENTED_EDGE('',*,*,#9065,.F.);
#9065 = EDGE_CURVE('',#8298,#9066,#9068,.T.);
#9066 = VERTEX_POINT('',#9067);
#9067 = CARTESIAN_POINT('',(-7.5E-02,-7.5E-02,4.8));
#9068 = LINE('',#9069,#9070);
#9069 = CARTESIAN_POINT('',(-0.125,-0.125,4.75));
#9070 = VECTOR('',#9071,1.);
#9071 = DIRECTION('',(0.57735026919,0.57735026919,0.57735026919));
#9072 = ORIENTED_EDGE('',*,*,#8307,.T.);
#9073 = ORIENTED_EDGE('',*,*,#9041,.T.);
#9074 = ORIENTED_EDGE('',*,*,#9075,.F.);
#9075 = EDGE_CURVE('',#9066,#9042,#9076,.T.);
#9076 = LINE('',#9077,#9078);
#9077 = CARTESIAN_POINT('',(-7.5E-02,-0.15,4.8));
#9078 = VECTOR('',#9079,1.);
#9079 = DIRECTION('',(0.,1.,0.));
#9080 = PLANE('',#9081);
#9081 = AXIS2_PLACEMENT_3D('',#9082,#9083,#9084);
#9082 = CARTESIAN_POINT('',(-0.1125,-0.15,4.7625));
#9083 = DIRECTION('',(0.707106781187,0.,-0.707106781187));
#9084 = DIRECTION('',(0.,1.,0.));
#9085 = ADVANCED_FACE('',(#9086),#9097,.F.);
#9086 = FACE_BOUND('',#9087,.T.);
#9087 = EDGE_LOOP('',(#9088,#9089,#9090,#9091));
#9088 = ORIENTED_EDGE('',*,*,#9065,.F.);
#9089 = ORIENTED_EDGE('',*,*,#8324,.T.);
#9090 = ORIENTED_EDGE('',*,*,#9010,.T.);
#9091 = ORIENTED_EDGE('',*,*,#9092,.F.);
#9092 = EDGE_CURVE('',#9066,#9011,#9093,.T.);
#9093 = LINE('',#9094,#9095);
#9094 = CARTESIAN_POINT('',(-0.15,-7.5E-02,4.8));
#9095 = VECTOR('',#9096,1.);
#9096 = DIRECTION('',(1.,0.,0.));
#9097 = PLANE('',#9098);
#9098 = AXIS2_PLACEMENT_3D('',#9099,#9100,#9101);
#9099 = CARTESIAN_POINT('',(-0.15,-0.1125,4.7625));
#9100 = DIRECTION('',(0.,0.707106781187,-0.707106781187));
#9101 = DIRECTION('',(-1.,0.,-0.));
#9102 = ADVANCED_FACE('',(#9103),#9128,.T.);
#9103 = FACE_BOUND('',#9104,.F.);
#9104 = EDGE_LOOP('',(#9105,#9113,#9114,#9122));
#9105 = ORIENTED_EDGE('',*,*,#9106,.F.);
#9106 = EDGE_CURVE('',#8348,#9107,#9109,.T.);
#9107 = VERTEX_POINT('',#9108);
#9108 = CARTESIAN_POINT('',(-7.5E-02,-0.925,4.8));
#9109 = LINE('',#9110,#9111);
#9110 = CARTESIAN_POINT('',(-7.5E-02,-0.925,4.8));
#9111 = VECTOR('',#9112,1.);
#9112 = DIRECTION('',(0.57735026919,-0.57735026919,0.57735026919));
#9113 = ORIENTED_EDGE('',*,*,#8355,.T.);
#9114 = ORIENTED_EDGE('',*,*,#9115,.T.);
#9115 = EDGE_CURVE('',#8339,#9116,#9118,.T.);
#9116 = VERTEX_POINT('',#9117);
#9117 = CARTESIAN_POINT('',(7.5E-02,-0.925,4.8));
#9118 = LINE('',#9119,#9120);
#9119 = CARTESIAN_POINT('',(2.5E-02,-0.975,4.85));
#9120 = VECTOR('',#9121,1.);
#9121 = DIRECTION('',(-0.57735026919,-0.57735026919,0.57735026919));
#9122 = ORIENTED_EDGE('',*,*,#9123,.F.);
#9123 = EDGE_CURVE('',#9107,#9116,#9124,.T.);
#9124 = LINE('',#9125,#9126);
#9125 = CARTESIAN_POINT('',(-0.15,-0.925,4.8));
#9126 = VECTOR('',#9127,1.);
#9127 = DIRECTION('',(1.,0.,0.));
#9128 = PLANE('',#9129);
#9129 = AXIS2_PLACEMENT_3D('',#9130,#9131,#9132);
#9130 = CARTESIAN_POINT('',(-0.15,-0.8875,4.7625));
#9131 = DIRECTION('',(0.,0.707106781187,0.707106781187));
#9132 = DIRECTION('',(-1.,0.,0.));
#9133 = ADVANCED_FACE('',(#9134),#9152,.F.);
#9134 = FACE_BOUND('',#9135,.F.);
#9135 = EDGE_LOOP('',(#9136,#9144,#9145,#9146));
#9136 = ORIENTED_EDGE('',*,*,#9137,.F.);
#9137 = EDGE_CURVE('',#8370,#9138,#9140,.T.);
#9138 = VERTEX_POINT('',#9139);
#9139 = CARTESIAN_POINT('',(-7.5E-02,-1.075,4.8));
#9140 = LINE('',#9141,#9142);
#9141 = CARTESIAN_POINT('',(-0.125,-1.125,4.75));
#9142 = VECTOR('',#9143,1.);
#9143 = DIRECTION('',(0.57735026919,0.57735026919,0.57735026919));
#9144 = ORIENTED_EDGE('',*,*,#8379,.T.);
#9145 = ORIENTED_EDGE('',*,*,#9106,.T.);
#9146 = ORIENTED_EDGE('',*,*,#9147,.F.);
#9147 = EDGE_CURVE('',#9138,#9107,#9148,.T.);
#9148 = LINE('',#9149,#9150);
#9149 = CARTESIAN_POINT('',(-7.5E-02,-1.15,4.8));
#9150 = VECTOR('',#9151,1.);
#9151 = DIRECTION('',(0.,1.,0.));
#9152 = PLANE('',#9153);
#9153 = AXIS2_PLACEMENT_3D('',#9154,#9155,#9156);
#9154 = CARTESIAN_POINT('',(-0.1125,-1.15,4.7625));
#9155 = DIRECTION('',(0.707106781187,0.,-0.707106781187));
#9156 = DIRECTION('',(0.,1.,0.));
#9157 = ADVANCED_FACE('',(#9158),#9176,.F.);
#9158 = FACE_BOUND('',#9159,.T.);
#9159 = EDGE_LOOP('',(#9160,#9161,#9162,#9170));
#9160 = ORIENTED_EDGE('',*,*,#9137,.F.);
#9161 = ORIENTED_EDGE('',*,*,#8403,.T.);
#9162 = ORIENTED_EDGE('',*,*,#9163,.T.);
#9163 = EDGE_CURVE('',#8394,#9164,#9166,.T.);
#9164 = VERTEX_POINT('',#9165);
#9165 = CARTESIAN_POINT('',(7.5E-02,-1.075,4.8));
#9166 = LINE('',#9167,#9168);
#9167 = CARTESIAN_POINT('',(7.5E-02,-1.075,4.8));
#9168 = VECTOR('',#9169,1.);
#9169 = DIRECTION('',(-0.57735026919,0.57735026919,0.57735026919));
#9170 = ORIENTED_EDGE('',*,*,#9171,.F.);
#9171 = EDGE_CURVE('',#9138,#9164,#9172,.T.);
#9172 = LINE('',#9173,#9174);
#9173 = CARTESIAN_POINT('',(-0.15,-1.075,4.8));
#9174 = VECTOR('',#9175,1.);
#9175 = DIRECTION('',(1.,0.,0.));
#9176 = PLANE('',#9177);
#9177 = AXIS2_PLACEMENT_3D('',#9178,#9179,#9180);
#9178 = CARTESIAN_POINT('',(-0.15,-1.1125,4.7625));
#9179 = DIRECTION('',(0.,0.707106781187,-0.707106781187));
#9180 = DIRECTION('',(-1.,0.,-0.));
#9181 = ADVANCED_FACE('',(#9182),#9193,.T.);
#9182 = FACE_BOUND('',#9183,.T.);
#9183 = EDGE_LOOP('',(#9184,#9185,#9186,#9187));
#9184 = ORIENTED_EDGE('',*,*,#9163,.F.);
#9185 = ORIENTED_EDGE('',*,*,#8420,.T.);
#9186 = ORIENTED_EDGE('',*,*,#9115,.T.);
#9187 = ORIENTED_EDGE('',*,*,#9188,.F.);
#9188 = EDGE_CURVE('',#9164,#9116,#9189,.T.);
#9189 = LINE('',#9190,#9191);
#9190 = CARTESIAN_POINT('',(7.5E-02,-1.15,4.8));
#9191 = VECTOR('',#9192,1.);
#9192 = DIRECTION('',(0.,1.,0.));
#9193 = PLANE('',#9194);
#9194 = AXIS2_PLACEMENT_3D('',#9195,#9196,#9197);
#9195 = CARTESIAN_POINT('',(0.1125,-1.15,4.7625));
#9196 = DIRECTION('',(0.707106781187,0.,0.707106781187));
#9197 = DIRECTION('',(-0.,1.,0.));
#9198 = ADVANCED_FACE('',(#9199),#9205,.F.);
#9199 = FACE_BOUND('',#9200,.F.);
#9200 = EDGE_LOOP('',(#9201,#9202,#9203,#9204));
#9201 = ORIENTED_EDGE('',*,*,#8451,.F.);
#9202 = ORIENTED_EDGE('',*,*,#8475,.F.);
#9203 = ORIENTED_EDGE('',*,*,#8499,.T.);
#9204 = ORIENTED_EDGE('',*,*,#8516,.T.);
#9205 = PLANE('',#9206);
#9206 = AXIS2_PLACEMENT_3D('',#9207,#9208,#9209);
#9207 = CARTESIAN_POINT('',(-0.15,-2.15,-3.));
#9208 = DIRECTION('',(0.,0.,1.));
#9209 = DIRECTION('',(1.,0.,-0.));
#9210 = ADVANCED_FACE('',(#9211),#9217,.F.);
#9211 = FACE_BOUND('',#9212,.F.);
#9212 = EDGE_LOOP('',(#9213,#9214,#9215,#9216));
#9213 = ORIENTED_EDGE('',*,*,#8571,.F.);
#9214 = ORIENTED_EDGE('',*,*,#8595,.F.);
#9215 = ORIENTED_EDGE('',*,*,#8612,.T.);
#9216 = ORIENTED_EDGE('',*,*,#8547,.T.);
#9217 = PLANE('',#9218);
#9218 = AXIS2_PLACEMENT_3D('',#9219,#9220,#9221);
#9219 = CARTESIAN_POINT('',(-0.15,-3.15,-3.));
#9220 = DIRECTION('',(0.,0.,1.));
#9221 = DIRECTION('',(1.,0.,-0.));
#9222 = ADVANCED_FACE('',(#9223),#9229,.F.);
#9223 = FACE_BOUND('',#9224,.F.);
#9224 = EDGE_LOOP('',(#9225,#9226,#9227,#9228));
#9225 = ORIENTED_EDGE('',*,*,#8667,.F.);
#9226 = ORIENTED_EDGE('',*,*,#8691,.F.);
#9227 = ORIENTED_EDGE('',*,*,#8708,.T.);
#9228 = ORIENTED_EDGE('',*,*,#8643,.T.);
#9229 = PLANE('',#9230);
#9230 = AXIS2_PLACEMENT_3D('',#9231,#9232,#9233);
#9231 = CARTESIAN_POINT('',(-0.15,-0.15,-3.));
#9232 = DIRECTION('',(0.,0.,1.));
#9233 = DIRECTION('',(1.,0.,-0.));
#9234 = ADVANCED_FACE('',(#9235),#9241,.F.);
#9235 = FACE_BOUND('',#9236,.F.);
#9236 = EDGE_LOOP('',(#9237,#9238,#9239,#9240));
#9237 = ORIENTED_EDGE('',*,*,#8739,.F.);
#9238 = ORIENTED_EDGE('',*,*,#8763,.F.);
#9239 = ORIENTED_EDGE('',*,*,#8787,.T.);
#9240 = ORIENTED_EDGE('',*,*,#8804,.T.);
#9241 = PLANE('',#9242);
#9242 = AXIS2_PLACEMENT_3D('',#9243,#9244,#9245);
#9243 = CARTESIAN_POINT('',(-0.15,-1.15,-3.));
#9244 = DIRECTION('',(0.,0.,1.));
#9245 = DIRECTION('',(1.,0.,-0.));
#9246 = ADVANCED_FACE('',(#9247),#9253,.T.);
#9247 = FACE_BOUND('',#9248,.T.);
#9248 = EDGE_LOOP('',(#9249,#9250,#9251,#9252));
#9249 = ORIENTED_EDGE('',*,*,#8859,.F.);
#9250 = ORIENTED_EDGE('',*,*,#8883,.T.);
#9251 = ORIENTED_EDGE('',*,*,#8900,.T.);
#9252 = ORIENTED_EDGE('',*,*,#8835,.F.);
#9253 = PLANE('',#9254);
#9254 = AXIS2_PLACEMENT_3D('',#9255,#9256,#9257);
#9255 = CARTESIAN_POINT('',(-0.15,-2.15,4.8));
#9256 = DIRECTION('',(0.,0.,1.));
#9257 = DIRECTION('',(1.,0.,-0.));
#9258 = ADVANCED_FACE('',(#9259),#9265,.T.);
#9259 = FACE_BOUND('',#9260,.T.);
#9260 = EDGE_LOOP('',(#9261,#9262,#9263,#9264));
#9261 = ORIENTED_EDGE('',*,*,#8979,.F.);
#9262 = ORIENTED_EDGE('',*,*,#8996,.T.);
#9263 = ORIENTED_EDGE('',*,*,#8931,.T.);
#9264 = ORIENTED_EDGE('',*,*,#8955,.F.);
#9265 = PLANE('',#9266);
#9266 = AXIS2_PLACEMENT_3D('',#9267,#9268,#9269);
#9267 = CARTESIAN_POINT('',(-0.15,-3.15,4.8));
#9268 = DIRECTION('',(0.,0.,1.));
#9269 = DIRECTION('',(1.,0.,-0.));
#9270 = ADVANCED_FACE('',(#9271),#9277,.T.);
#9271 = FACE_BOUND('',#9272,.T.);
#9272 = EDGE_LOOP('',(#9273,#9274,#9275,#9276));
#9273 = ORIENTED_EDGE('',*,*,#9075,.F.);
#9274 = ORIENTED_EDGE('',*,*,#9092,.T.);
#9275 = ORIENTED_EDGE('',*,*,#9027,.T.);
#9276 = ORIENTED_EDGE('',*,*,#9051,.F.);
#9277 = PLANE('',#9278);
#9278 = AXIS2_PLACEMENT_3D('',#9279,#9280,#9281);
#9279 = CARTESIAN_POINT('',(-0.15,-0.15,4.8));
#9280 = DIRECTION('',(0.,0.,1.));
#9281 = DIRECTION('',(1.,0.,-0.));
#9282 = ADVANCED_FACE('',(#9283),#9289,.T.);
#9283 = FACE_BOUND('',#9284,.T.);
#9284 = EDGE_LOOP('',(#9285,#9286,#9287,#9288));
#9285 = ORIENTED_EDGE('',*,*,#9147,.F.);
#9286 = ORIENTED_EDGE('',*,*,#9171,.T.);
#9287 = ORIENTED_EDGE('',*,*,#9188,.T.);
#9288 = ORIENTED_EDGE('',*,*,#9123,.F.);
#9289 = PLANE('',#9290);
#9290 = AXIS2_PLACEMENT_3D('',#9291,#9292,#9293);
#9291 = CARTESIAN_POINT('',(-0.15,-1.15,4.8));
#9292 = DIRECTION('',(0.,0.,1.));
#9293 = DIRECTION('',(1.,0.,-0.));
#9294 = ( GEOMETRIC_REPRESENTATION_CONTEXT(3) 
GLOBAL_UNCERTAINTY_ASSIGNED_CONTEXT((#9298)) 
GLOBAL_UNIT_ASSIGNED_CONTEXT((#9295,#9296,#9297)) REPRESENTATION_CONTEXT
('Context #1','3D Context with UNIT and UNCERTAINTY') );
#9295 = ( LENGTH_UNIT() NAMED_UNIT(*) SI_UNIT(.MILLI.,.METRE.) );
#9296 = ( NAMED_UNIT(*) PLANE_ANGLE_UNIT() SI_UNIT($,.RADIAN.) );
#9297 = ( NAMED_UNIT(*) SI_UNIT($,.STERADIAN.) SOLID_ANGLE_UNIT() );
#9298 = UNCERTAINTY_MEASURE_WITH_UNIT(LENGTH_MEASURE(1.E-07),#9295,
  'distance_accuracy_value','confusion accuracy');
#9299 = CONTEXT_DEPENDENT_SHAPE_REPRESENTATION(#9300,#9302);
#9300 = ( REPRESENTATION_RELATIONSHIP('','',#6513,#10) 
REPRESENTATION_RELATIONSHIP_WITH_TRANSFORMATION(#9301) 
SHAPE_REPRESENTATION_RELATIONSHIP() );
#9301 = ITEM_DEFINED_TRANSFORMATION('','',#11,#67);
#9302 = PRODUCT_DEFINITION_SHAPE('Placement','Placement of an item',
  #9303);
#9303 = NEXT_ASSEMBLY_USAGE_OCCURRENCE('14','J2','',#5,#6508,$);
#9304 = PRODUCT_RELATED_PRODUCT_CATEGORY('part',$,(#6510));
#9305 = CONTEXT_DEPENDENT_SHAPE_REPRESENTATION(#9306,#9308);
#9306 = ( REPRESENTATION_RELATIONSHIP('','',#2576,#10) 
REPRESENTATION_RELATIONSHIP_WITH_TRANSFORMATION(#9307) 
SHAPE_REPRESENTATION_RELATIONSHIP() );
#9307 = ITEM_DEFINED_TRANSFORMATION('','',#11,#71);
#9308 = PRODUCT_DEFINITION_SHAPE('Placement','Placement of an item',
  #9309);
#9309 = NEXT_ASSEMBLY_USAGE_OCCURRENCE('15','R11','',#5,#2571,$);
#9310 = CONTEXT_DEPENDENT_SHAPE_REPRESENTATION(#9311,#9313);
#9311 = ( REPRESENTATION_RELATIONSHIP('','',#156,#10) 
REPRESENTATION_RELATIONSHIP_WITH_TRANSFORMATION(#9312) 
SHAPE_REPRESENTATION_RELATIONSHIP() );
#9312 = ITEM_DEFINED_TRANSFORMATION('','',#11,#75);
#9313 = PRODUCT_DEFINITION_SHAPE('Placement','Placement of an item',
  #9314);
#9314 = NEXT_ASSEMBLY_USAGE_OCCURRENCE('16','C2','',#5,#151,$);
#9315 = CONTEXT_DEPENDENT_SHAPE_REPRESENTATION(#9316,#9318);
#9316 = ( REPRESENTATION_RELATIONSHIP('','',#2576,#10) 
REPRESENTATION_RELATIONSHIP_WITH_TRANSFORMATION(#9317) 
SHAPE_REPRESENTATION_RELATIONSHIP() );
#9317 = ITEM_DEFINED_TRANSFORMATION('','',#11,#79);
#9318 = PRODUCT_DEFINITION_SHAPE('Placement','Placement of an item',
  #9319);
#9319 = NEXT_ASSEMBLY_USAGE_OCCURRENCE('17','R1','',#5,#2571,$);
#9320 = CONTEXT_DEPENDENT_SHAPE_REPRESENTATION(#9321,#9323);
#9321 = ( REPRESENTATION_RELATIONSHIP('','',#2576,#10) 
REPRESENTATION_RELATIONSHIP_WITH_TRANSFORMATION(#9322) 
SHAPE_REPRESENTATION_RELATIONSHIP() );
#9322 = ITEM_DEFINED_TRANSFORMATION('','',#11,#83);
#9323 = PRODUCT_DEFINITION_SHAPE('Placement','Placement of an item',
  #9324);
#9324 = NEXT_ASSEMBLY_USAGE_OCCURRENCE('18','R13','',#5,#2571,$);
#9325 = CONTEXT_DEPENDENT_SHAPE_REPRESENTATION(#9326,#9328);
#9326 = ( REPRESENTATION_RELATIONSHIP('','',#156,#10) 
REPRESENTATION_RELATIONSHIP_WITH_TRANSFORMATION(#9327) 
SHAPE_REPRESENTATION_RELATIONSHIP() );
#9327 = ITEM_DEFINED_TRANSFORMATION('','',#11,#87);
#9328 = PRODUCT_DEFINITION_SHAPE('Placement','Placement of an item',
  #9329);
#9329 = NEXT_ASSEMBLY_USAGE_OCCURRENCE('19','C7','',#5,#151,$);
#9330 = CONTEXT_DEPENDENT_SHAPE_REPRESENTATION(#9331,#9333);
#9331 = ( REPRESENTATION_RELATIONSHIP('','',#156,#10) 
REPRESENTATION_RELATIONSHIP_WITH_TRANSFORMATION(#9332) 
SHAPE_REPRESENTATION_RELATIONSHIP() );
#9332 = ITEM_DEFINED_TRANSFORMATION('','',#11,#91);
#9333 = PRODUCT_DEFINITION_SHAPE('Placement','Placement of an item',
  #9334);
#9334 = NEXT_ASSEMBLY_USAGE_OCCURRENCE('20','C1','',#5,#151,$);
#9335 = SHAPE_DEFINITION_REPRESENTATION(#9336,#9342);
#9336 = PRODUCT_DEFINITION_SHAPE('','',#9337);
#9337 = PRODUCT_DEFINITION('design','',#9338,#9341);
#9338 = PRODUCT_DEFINITION_FORMATION('','',#9339);
#9339 = PRODUCT('PinHeader_1x02_P1.00mm_Vertical',
  'PinHeader_1x02_P1.00mm_Vertical','',(#9340));
#9340 = PRODUCT_CONTEXT('',#2,'mechanical');
#9341 = PRODUCT_DEFINITION_CONTEXT('part definition',#2,'design');
#9342 = ADVANCED_BREP_SHAPE_REPRESENTATION('',(#11,#9343),#10775);
#9343 = MANIFOLD_SOLID_BREP('',#9344);
#9344 = CLOSED_SHELL('',(#9345,#9385,#9416,#9447,#9612,#9777,#9794,#9811
    ,#9828,#9845,#9862,#9879,#9896,#9913,#9930,#9947,#9959,#9990,#10014,
    #10038,#10055,#10086,#10110,#10134,#10151,#10182,#10206,#10230,
    #10247,#10278,#10302,#10326,#10343,#10374,#10398,#10422,#10439,
    #10470,#10494,#10518,#10535,#10566,#10590,#10614,#10631,#10662,
    #10686,#10710,#10727,#10739,#10751,#10763));
#9345 = ADVANCED_FACE('',(#9346),#9380,.F.);
#9346 = FACE_BOUND('',#9347,.F.);
#9347 = EDGE_LOOP('',(#9348,#9358,#9366,#9374));
#9348 = ORIENTED_EDGE('',*,*,#9349,.T.);
#9349 = EDGE_CURVE('',#9350,#9352,#9354,.T.);
#9350 = VERTEX_POINT('',#9351);
#9351 = CARTESIAN_POINT('',(-0.535,0.5,0.));
#9352 = VERTEX_POINT('',#9353);
#9353 = CARTESIAN_POINT('',(-0.535,0.5,1.));
#9354 = LINE('',#9355,#9356);
#9355 = CARTESIAN_POINT('',(-0.535,0.5,0.));
#9356 = VECTOR('',#9357,1.);
#9357 = DIRECTION('',(0.,0.,1.));
#9358 = ORIENTED_EDGE('',*,*,#9359,.T.);
#9359 = EDGE_CURVE('',#9352,#9360,#9362,.T.);
#9360 = VERTEX_POINT('',#9361);
#9361 = CARTESIAN_POINT('',(-0.635,0.4,1.));
#9362 = LINE('',#9363,#9364);
#9363 = CARTESIAN_POINT('',(-0.535,0.5,1.));
#9364 = VECTOR('',#9365,1.);
#9365 = DIRECTION('',(-0.707106781187,-0.707106781187,0.));
#9366 = ORIENTED_EDGE('',*,*,#9367,.F.);
#9367 = EDGE_CURVE('',#9368,#9360,#9370,.T.);
#9368 = VERTEX_POINT('',#9369);
#9369 = CARTESIAN_POINT('',(-0.635,0.4,0.));
#9370 = LINE('',#9371,#9372);
#9371 = CARTESIAN_POINT('',(-0.635,0.4,0.));
#9372 = VECTOR('',#9373,1.);
#9373 = DIRECTION('',(0.,0.,1.));
#9374 = ORIENTED_EDGE('',*,*,#9375,.F.);
#9375 = EDGE_CURVE('',#9350,#9368,#9376,.T.);
#9376 = LINE('',#9377,#9378);
#9377 = CARTESIAN_POINT('',(-0.535,0.5,0.));
#9378 = VECTOR('',#9379,1.);
#9379 = DIRECTION('',(-0.707106781187,-0.707106781187,0.));
#9380 = PLANE('',#9381);
#9381 = AXIS2_PLACEMENT_3D('',#9382,#9383,#9384);
#9382 = CARTESIAN_POINT('',(-0.535,0.5,0.));
#9383 = DIRECTION('',(0.707106781187,-0.707106781187,0.));
#9384 = DIRECTION('',(-0.707106781187,-0.707106781187,0.));
#9385 = ADVANCED_FACE('',(#9386),#9411,.F.);
#9386 = FACE_BOUND('',#9387,.F.);
#9387 = EDGE_LOOP('',(#9388,#9398,#9404,#9405));
#9388 = ORIENTED_EDGE('',*,*,#9389,.T.);
#9389 = EDGE_CURVE('',#9390,#9392,#9394,.T.);
#9390 = VERTEX_POINT('',#9391);
#9391 = CARTESIAN_POINT('',(0.535,0.5,0.));
#9392 = VERTEX_POINT('',#9393);
#9393 = CARTESIAN_POINT('',(0.535,0.5,1.));
#9394 = LINE('',#9395,#9396);
#9395 = CARTESIAN_POINT('',(0.535,0.5,0.));
#9396 = VECTOR('',#9397,1.);
#9397 = DIRECTION('',(0.,0.,1.));
#9398 = ORIENTED_EDGE('',*,*,#9399,.T.);
#9399 = EDGE_CURVE('',#9392,#9352,#9400,.T.);
#9400 = LINE('',#9401,#9402);
#9401 = CARTESIAN_POINT('',(0.535,0.5,1.));
#9402 = VECTOR('',#9403,1.);
#9403 = DIRECTION('',(-1.,-1.037591611799E-16,0.));
#9404 = ORIENTED_EDGE('',*,*,#9349,.F.);
#9405 = ORIENTED_EDGE('',*,*,#9406,.F.);
#9406 = EDGE_CURVE('',#9390,#9350,#9407,.T.);
#9407 = LINE('',#9408,#9409);
#9408 = CARTESIAN_POINT('',(0.535,0.5,0.));
#9409 = VECTOR('',#9410,1.);
#9410 = DIRECTION('',(-1.,-1.037591611799E-16,0.));
#9411 = PLANE('',#9412);
#9412 = AXIS2_PLACEMENT_3D('',#9413,#9414,#9415);
#9413 = CARTESIAN_POINT('',(0.535,0.5,0.));
#9414 = DIRECTION('',(1.037591611799E-16,-1.,0.));
#9415 = DIRECTION('',(-1.,-1.037591611799E-16,0.));
#9416 = ADVANCED_FACE('',(#9417),#9442,.F.);
#9417 = FACE_BOUND('',#9418,.F.);
#9418 = EDGE_LOOP('',(#9419,#9420,#9428,#9436));
#9419 = ORIENTED_EDGE('',*,*,#9367,.T.);
#9420 = ORIENTED_EDGE('',*,*,#9421,.T.);
#9421 = EDGE_CURVE('',#9360,#9422,#9424,.T.);
#9422 = VERTEX_POINT('',#9423);
#9423 = CARTESIAN_POINT('',(-0.635,-0.4,1.));
#9424 = LINE('',#9425,#9426);
#9425 = CARTESIAN_POINT('',(-0.635,0.4,1.));
#9426 = VECTOR('',#9427,1.);
#9427 = DIRECTION('',(0.,-1.,0.));
#9428 = ORIENTED_EDGE('',*,*,#9429,.F.);
#9429 = EDGE_CURVE('',#9430,#9422,#9432,.T.);
#9430 = VERTEX_POINT('',#9431);
#9431 = CARTESIAN_POINT('',(-0.635,-0.4,0.));
#9432 = LINE('',#9433,#9434);
#9433 = CARTESIAN_POINT('',(-0.635,-0.4,0.));
#9434 = VECTOR('',#9435,1.);
#9435 = DIRECTION('',(0.,0.,1.));
#9436 = ORIENTED_EDGE('',*,*,#9437,.F.);
#9437 = EDGE_CURVE('',#9368,#9430,#9438,.T.);
#9438 = LINE('',#9439,#9440);
#9439 = CARTESIAN_POINT('',(-0.635,0.4,0.));
#9440 = VECTOR('',#9441,1.);
#9441 = DIRECTION('',(0.,-1.,0.));
#9442 = PLANE('',#9443);
#9443 = AXIS2_PLACEMENT_3D('',#9444,#9445,#9446);
#9444 = CARTESIAN_POINT('',(-0.635,0.4,0.));
#9445 = DIRECTION('',(1.,0.,0.));
#9446 = DIRECTION('',(0.,-1.,0.));
#9447 = ADVANCED_FACE('',(#9448,#9539,#9573),#9607,.F.);
#9448 = FACE_BOUND('',#9449,.F.);
#9449 = EDGE_LOOP('',(#9450,#9451,#9452,#9460,#9468,#9476,#9484,#9492,
    #9500,#9508,#9516,#9524,#9532,#9538));
#9450 = ORIENTED_EDGE('',*,*,#9375,.T.);
#9451 = ORIENTED_EDGE('',*,*,#9437,.T.);
#9452 = ORIENTED_EDGE('',*,*,#9453,.T.);
#9453 = EDGE_CURVE('',#9430,#9454,#9456,.T.);
#9454 = VERTEX_POINT('',#9455);
#9455 = CARTESIAN_POINT('',(-0.535,-0.5,0.));
#9456 = LINE('',#9457,#9458);
#9457 = CARTESIAN_POINT('',(-0.635,-0.4,0.));
#9458 = VECTOR('',#9459,1.);
#9459 = DIRECTION('',(0.707106781187,-0.707106781187,0.));
#9460 = ORIENTED_EDGE('',*,*,#9461,.T.);
#9461 = EDGE_CURVE('',#9454,#9462,#9464,.T.);
#9462 = VERTEX_POINT('',#9463);
#9463 = CARTESIAN_POINT('',(-0.635,-0.6,0.));
#9464 = LINE('',#9465,#9466);
#9465 = CARTESIAN_POINT('',(-0.535,-0.5,0.));
#9466 = VECTOR('',#9467,1.);
#9467 = DIRECTION('',(-0.707106781187,-0.707106781187,0.));
#9468 = ORIENTED_EDGE('',*,*,#9469,.T.);
#9469 = EDGE_CURVE('',#9462,#9470,#9472,.T.);
#9470 = VERTEX_POINT('',#9471);
#9471 = CARTESIAN_POINT('',(-0.635,-1.4,0.));
#9472 = LINE('',#9473,#9474);
#9473 = CARTESIAN_POINT('',(-0.635,-0.6,0.));
#9474 = VECTOR('',#9475,1.);
#9475 = DIRECTION('',(0.,-1.,0.));
#9476 = ORIENTED_EDGE('',*,*,#9477,.T.);
#9477 = EDGE_CURVE('',#9470,#9478,#9480,.T.);
#9478 = VERTEX_POINT('',#9479);
#9479 = CARTESIAN_POINT('',(-0.535,-1.5,0.));
#9480 = LINE('',#9481,#9482);
#9481 = CARTESIAN_POINT('',(-0.635,-1.4,0.));
#9482 = VECTOR('',#9483,1.);
#9483 = DIRECTION('',(0.707106781187,-0.707106781187,0.));
#9484 = ORIENTED_EDGE('',*,*,#9485,.T.);
#9485 = EDGE_CURVE('',#9478,#9486,#9488,.T.);
#9486 = VERTEX_POINT('',#9487);
#9487 = CARTESIAN_POINT('',(0.535,-1.5,0.));
#9488 = LINE('',#9489,#9490);
#9489 = CARTESIAN_POINT('',(-0.535,-1.5,0.));
#9490 = VECTOR('',#9491,1.);
#9491 = DIRECTION('',(1.,0.,0.));
#9492 = ORIENTED_EDGE('',*,*,#9493,.T.);
#9493 = EDGE_CURVE('',#9486,#9494,#9496,.T.);
#9494 = VERTEX_POINT('',#9495);
#9495 = CARTESIAN_POINT('',(0.635,-1.4,0.));
#9496 = LINE('',#9497,#9498);
#9497 = CARTESIAN_POINT('',(0.535,-1.5,0.));
#9498 = VECTOR('',#9499,1.);
#9499 = DIRECTION('',(0.707106781187,0.707106781187,0.));
#9500 = ORIENTED_EDGE('',*,*,#9501,.T.);
#9501 = EDGE_CURVE('',#9494,#9502,#9504,.T.);
#9502 = VERTEX_POINT('',#9503);
#9503 = CARTESIAN_POINT('',(0.635,-0.6,0.));
#9504 = LINE('',#9505,#9506);
#9505 = CARTESIAN_POINT('',(0.635,-1.4,0.));
#9506 = VECTOR('',#9507,1.);
#9507 = DIRECTION('',(0.,1.,0.));
#9508 = ORIENTED_EDGE('',*,*,#9509,.T.);
#9509 = EDGE_CURVE('',#9502,#9510,#9512,.T.);
#9510 = VERTEX_POINT('',#9511);
#9511 = CARTESIAN_POINT('',(0.535,-0.5,0.));
#9512 = LINE('',#9513,#9514);
#9513 = CARTESIAN_POINT('',(0.635,-0.6,0.));
#9514 = VECTOR('',#9515,1.);
#9515 = DIRECTION('',(-0.707106781187,0.707106781187,0.));
#9516 = ORIENTED_EDGE('',*,*,#9517,.T.);
#9517 = EDGE_CURVE('',#9510,#9518,#9520,.T.);
#9518 = VERTEX_POINT('',#9519);
#9519 = CARTESIAN_POINT('',(0.635,-0.4,0.));
#9520 = LINE('',#9521,#9522);
#9521 = CARTESIAN_POINT('',(0.535,-0.5,0.));
#9522 = VECTOR('',#9523,1.);
#9523 = DIRECTION('',(0.707106781187,0.707106781187,0.));
#9524 = ORIENTED_EDGE('',*,*,#9525,.T.);
#9525 = EDGE_CURVE('',#9518,#9526,#9528,.T.);
#9526 = VERTEX_POINT('',#9527);
#9527 = CARTESIAN_POINT('',(0.635,0.4,0.));
#9528 = LINE('',#9529,#9530);
#9529 = CARTESIAN_POINT('',(0.635,-0.4,0.));
#9530 = VECTOR('',#9531,1.);
#9531 = DIRECTION('',(0.,1.,0.));
#9532 = ORIENTED_EDGE('',*,*,#9533,.T.);
#9533 = EDGE_CURVE('',#9526,#9390,#9534,.T.);
#9534 = LINE('',#9535,#9536);
#9535 = CARTESIAN_POINT('',(0.635,0.4,0.));
#9536 = VECTOR('',#9537,1.);
#9537 = DIRECTION('',(-0.707106781187,0.707106781187,0.));
#9538 = ORIENTED_EDGE('',*,*,#9406,.T.);
#9539 = FACE_BOUND('',#9540,.F.);
#9540 = EDGE_LOOP('',(#9541,#9551,#9559,#9567));
#9541 = ORIENTED_EDGE('',*,*,#9542,.F.);
#9542 = EDGE_CURVE('',#9543,#9545,#9547,.T.);
#9543 = VERTEX_POINT('',#9544);
#9544 = CARTESIAN_POINT('',(0.15,-0.15,0.));
#9545 = VERTEX_POINT('',#9546);
#9546 = CARTESIAN_POINT('',(0.15,0.15,0.));
#9547 = LINE('',#9548,#9549);
#9548 = CARTESIAN_POINT('',(0.15,-0.325,0.));
#9549 = VECTOR('',#9550,1.);
#9550 = DIRECTION('',(0.,1.,0.));
#9551 = ORIENTED_EDGE('',*,*,#9552,.T.);
#9552 = EDGE_CURVE('',#9543,#9553,#9555,.T.);
#9553 = VERTEX_POINT('',#9554);
#9554 = CARTESIAN_POINT('',(-0.15,-0.15,0.));
#9555 = LINE('',#9556,#9557);
#9556 = CARTESIAN_POINT('',(-7.5E-02,-0.15,0.));
#9557 = VECTOR('',#9558,1.);
#9558 = DIRECTION('',(-1.,0.,0.));
#9559 = ORIENTED_EDGE('',*,*,#9560,.T.);
#9560 = EDGE_CURVE('',#9553,#9561,#9563,.T.);
#9561 = VERTEX_POINT('',#9562);
#9562 = CARTESIAN_POINT('',(-0.15,0.15,0.));
#9563 = LINE('',#9564,#9565);
#9564 = CARTESIAN_POINT('',(-0.15,-0.325,0.));
#9565 = VECTOR('',#9566,1.);
#9566 = DIRECTION('',(0.,1.,0.));
#9567 = ORIENTED_EDGE('',*,*,#9568,.F.);
#9568 = EDGE_CURVE('',#9545,#9561,#9569,.T.);
#9569 = LINE('',#9570,#9571);
#9570 = CARTESIAN_POINT('',(-7.5E-02,0.15,0.));
#9571 = VECTOR('',#9572,1.);
#9572 = DIRECTION('',(-1.,0.,0.));
#9573 = FACE_BOUND('',#9574,.F.);
#9574 = EDGE_LOOP('',(#9575,#9585,#9593,#9601));
#9575 = ORIENTED_EDGE('',*,*,#9576,.T.);
#9576 = EDGE_CURVE('',#9577,#9579,#9581,.T.);
#9577 = VERTEX_POINT('',#9578);
#9578 = CARTESIAN_POINT('',(0.15,-1.15,0.));
#9579 = VERTEX_POINT('',#9580);
#9580 = CARTESIAN_POINT('',(-0.15,-1.15,0.));
#9581 = LINE('',#9582,#9583);
#9582 = CARTESIAN_POINT('',(-7.5E-02,-1.15,0.));
#9583 = VECTOR('',#9584,1.);
#9584 = DIRECTION('',(-1.,0.,0.));
#9585 = ORIENTED_EDGE('',*,*,#9586,.T.);
#9586 = EDGE_CURVE('',#9579,#9587,#9589,.T.);
#9587 = VERTEX_POINT('',#9588);
#9588 = CARTESIAN_POINT('',(-0.15,-0.85,0.));
#9589 = LINE('',#9590,#9591);
#9590 = CARTESIAN_POINT('',(-0.15,-0.825,0.));
#9591 = VECTOR('',#9592,1.);
#9592 = DIRECTION('',(0.,1.,0.));
#9593 = ORIENTED_EDGE('',*,*,#9594,.F.);
#9594 = EDGE_CURVE('',#9595,#9587,#9597,.T.);
#9595 = VERTEX_POINT('',#9596);
#9596 = CARTESIAN_POINT('',(0.15,-0.85,0.));
#9597 = LINE('',#9598,#9599);
#9598 = CARTESIAN_POINT('',(-7.5E-02,-0.85,0.));
#9599 = VECTOR('',#9600,1.);
#9600 = DIRECTION('',(-1.,0.,0.));
#9601 = ORIENTED_EDGE('',*,*,#9602,.F.);
#9602 = EDGE_CURVE('',#9577,#9595,#9603,.T.);
#9603 = LINE('',#9604,#9605);
#9604 = CARTESIAN_POINT('',(0.15,-0.825,0.));
#9605 = VECTOR('',#9606,1.);
#9606 = DIRECTION('',(0.,1.,0.));
#9607 = PLANE('',#9608);
#9608 = AXIS2_PLACEMENT_3D('',#9609,#9610,#9611);
#9609 = CARTESIAN_POINT('',(-8.577958599317E-18,-0.5,0.));
#9610 = DIRECTION('',(0.,0.,1.));
#9611 = DIRECTION('',(1.,0.,-0.));
#9612 = ADVANCED_FACE('',(#9613,#9704,#9738),#9772,.T.);
#9613 = FACE_BOUND('',#9614,.T.);
#9614 = EDGE_LOOP('',(#9615,#9616,#9617,#9625,#9633,#9641,#9649,#9657,
    #9665,#9673,#9681,#9689,#9697,#9703));
#9615 = ORIENTED_EDGE('',*,*,#9359,.T.);
#9616 = ORIENTED_EDGE('',*,*,#9421,.T.);
#9617 = ORIENTED_EDGE('',*,*,#9618,.T.);
#9618 = EDGE_CURVE('',#9422,#9619,#9621,.T.);
#9619 = VERTEX_POINT('',#9620);
#9620 = CARTESIAN_POINT('',(-0.535,-0.5,1.));
#9621 = LINE('',#9622,#9623);
#9622 = CARTESIAN_POINT('',(-0.635,-0.4,1.));
#9623 = VECTOR('',#9624,1.);
#9624 = DIRECTION('',(0.707106781187,-0.707106781187,0.));
#9625 = ORIENTED_EDGE('',*,*,#9626,.T.);
#9626 = EDGE_CURVE('',#9619,#9627,#9629,.T.);
#9627 = VERTEX_POINT('',#9628);
#9628 = CARTESIAN_POINT('',(-0.635,-0.6,1.));
#9629 = LINE('',#9630,#9631);
#9630 = CARTESIAN_POINT('',(-0.535,-0.5,1.));
#9631 = VECTOR('',#9632,1.);
#9632 = DIRECTION('',(-0.707106781187,-0.707106781187,0.));
#9633 = ORIENTED_EDGE('',*,*,#9634,.T.);
#9634 = EDGE_CURVE('',#9627,#9635,#9637,.T.);
#9635 = VERTEX_POINT('',#9636);
#9636 = CARTESIAN_POINT('',(-0.635,-1.4,1.));
#9637 = LINE('',#9638,#9639);
#9638 = CARTESIAN_POINT('',(-0.635,-0.6,1.));
#9639 = VECTOR('',#9640,1.);
#9640 = DIRECTION('',(0.,-1.,0.));
#9641 = ORIENTED_EDGE('',*,*,#9642,.T.);
#9642 = EDGE_CURVE('',#9635,#9643,#9645,.T.);
#9643 = VERTEX_POINT('',#9644);
#9644 = CARTESIAN_POINT('',(-0.535,-1.5,1.));
#9645 = LINE('',#9646,#9647);
#9646 = CARTESIAN_POINT('',(-0.635,-1.4,1.));
#9647 = VECTOR('',#9648,1.);
#9648 = DIRECTION('',(0.707106781187,-0.707106781187,0.));
#9649 = ORIENTED_EDGE('',*,*,#9650,.T.);
#9650 = EDGE_CURVE('',#9643,#9651,#9653,.T.);
#9651 = VERTEX_POINT('',#9652);
#9652 = CARTESIAN_POINT('',(0.535,-1.5,1.));
#9653 = LINE('',#9654,#9655);
#9654 = CARTESIAN_POINT('',(-0.535,-1.5,1.));
#9655 = VECTOR('',#9656,1.);
#9656 = DIRECTION('',(1.,0.,0.));
#9657 = ORIENTED_EDGE('',*,*,#9658,.T.);
#9658 = EDGE_CURVE('',#9651,#9659,#9661,.T.);
#9659 = VERTEX_POINT('',#9660);
#9660 = CARTESIAN_POINT('',(0.635,-1.4,1.));
#9661 = LINE('',#9662,#9663);
#9662 = CARTESIAN_POINT('',(0.535,-1.5,1.));
#9663 = VECTOR('',#9664,1.);
#9664 = DIRECTION('',(0.707106781187,0.707106781187,0.));
#9665 = ORIENTED_EDGE('',*,*,#9666,.T.);
#9666 = EDGE_CURVE('',#9659,#9667,#9669,.T.);
#9667 = VERTEX_POINT('',#9668);
#9668 = CARTESIAN_POINT('',(0.635,-0.6,1.));
#9669 = LINE('',#9670,#9671);
#9670 = CARTESIAN_POINT('',(0.635,-1.4,1.));
#9671 = VECTOR('',#9672,1.);
#9672 = DIRECTION('',(0.,1.,0.));
#9673 = ORIENTED_EDGE('',*,*,#9674,.T.);
#9674 = EDGE_CURVE('',#9667,#9675,#9677,.T.);
#9675 = VERTEX_POINT('',#9676);
#9676 = CARTESIAN_POINT('',(0.535,-0.5,1.));
#9677 = LINE('',#9678,#9679);
#9678 = CARTESIAN_POINT('',(0.635,-0.6,1.));
#9679 = VECTOR('',#9680,1.);
#9680 = DIRECTION('',(-0.707106781187,0.707106781187,0.));
#9681 = ORIENTED_EDGE('',*,*,#9682,.T.);
#9682 = EDGE_CURVE('',#9675,#9683,#9685,.T.);
#9683 = VERTEX_POINT('',#9684);
#9684 = CARTESIAN_POINT('',(0.635,-0.4,1.));
#9685 = LINE('',#9686,#9687);
#9686 = CARTESIAN_POINT('',(0.535,-0.5,1.));
#9687 = VECTOR('',#9688,1.);
#9688 = DIRECTION('',(0.707106781187,0.707106781187,0.));
#9689 = ORIENTED_EDGE('',*,*,#9690,.T.);
#9690 = EDGE_CURVE('',#9683,#9691,#9693,.T.);
#9691 = VERTEX_POINT('',#9692);
#9692 = CARTESIAN_POINT('',(0.635,0.4,1.));
#9693 = LINE('',#9694,#9695);
#9694 = CARTESIAN_POINT('',(0.635,-0.4,1.));
#9695 = VECTOR('',#9696,1.);
#9696 = DIRECTION('',(0.,1.,0.));
#9697 = ORIENTED_EDGE('',*,*,#9698,.T.);
#9698 = EDGE_CURVE('',#9691,#9392,#9699,.T.);
#9699 = LINE('',#9700,#9701);
#9700 = CARTESIAN_POINT('',(0.635,0.4,1.));
#9701 = VECTOR('',#9702,1.);
#9702 = DIRECTION('',(-0.707106781187,0.707106781187,0.));
#9703 = ORIENTED_EDGE('',*,*,#9399,.T.);
#9704 = FACE_BOUND('',#9705,.T.);
#9705 = EDGE_LOOP('',(#9706,#9716,#9724,#9732));
#9706 = ORIENTED_EDGE('',*,*,#9707,.F.);
#9707 = EDGE_CURVE('',#9708,#9710,#9712,.T.);
#9708 = VERTEX_POINT('',#9709);
#9709 = CARTESIAN_POINT('',(0.15,-0.15,1.));
#9710 = VERTEX_POINT('',#9711);
#9711 = CARTESIAN_POINT('',(0.15,0.15,1.));
#9712 = LINE('',#9713,#9714);
#9713 = CARTESIAN_POINT('',(0.15,-0.325,1.));
#9714 = VECTOR('',#9715,1.);
#9715 = DIRECTION('',(0.,1.,0.));
#9716 = ORIENTED_EDGE('',*,*,#9717,.T.);
#9717 = EDGE_CURVE('',#9708,#9718,#9720,.T.);
#9718 = VERTEX_POINT('',#9719);
#9719 = CARTESIAN_POINT('',(-0.15,-0.15,1.));
#9720 = LINE('',#9721,#9722);
#9721 = CARTESIAN_POINT('',(-7.5E-02,-0.15,1.));
#9722 = VECTOR('',#9723,1.);
#9723 = DIRECTION('',(-1.,0.,0.));
#9724 = ORIENTED_EDGE('',*,*,#9725,.T.);
#9725 = EDGE_CURVE('',#9718,#9726,#9728,.T.);
#9726 = VERTEX_POINT('',#9727);
#9727 = CARTESIAN_POINT('',(-0.15,0.15,1.));
#9728 = LINE('',#9729,#9730);
#9729 = CARTESIAN_POINT('',(-0.15,-0.325,1.));
#9730 = VECTOR('',#9731,1.);
#9731 = DIRECTION('',(0.,1.,0.));
#9732 = ORIENTED_EDGE('',*,*,#9733,.F.);
#9733 = EDGE_CURVE('',#9710,#9726,#9734,.T.);
#9734 = LINE('',#9735,#9736);
#9735 = CARTESIAN_POINT('',(-7.5E-02,0.15,1.));
#9736 = VECTOR('',#9737,1.);
#9737 = DIRECTION('',(-1.,0.,0.));
#9738 = FACE_BOUND('',#9739,.T.);
#9739 = EDGE_LOOP('',(#9740,#9750,#9758,#9766));
#9740 = ORIENTED_EDGE('',*,*,#9741,.T.);
#9741 = EDGE_CURVE('',#9742,#9744,#9746,.T.);
#9742 = VERTEX_POINT('',#9743);
#9743 = CARTESIAN_POINT('',(0.15,-1.15,1.));
#9744 = VERTEX_POINT('',#9745);
#9745 = CARTESIAN_POINT('',(-0.15,-1.15,1.));
#9746 = LINE('',#9747,#9748);
#9747 = CARTESIAN_POINT('',(-7.5E-02,-1.15,1.));
#9748 = VECTOR('',#9749,1.);
#9749 = DIRECTION('',(-1.,0.,0.));
#9750 = ORIENTED_EDGE('',*,*,#9751,.T.);
#9751 = EDGE_CURVE('',#9744,#9752,#9754,.T.);
#9752 = VERTEX_POINT('',#9753);
#9753 = CARTESIAN_POINT('',(-0.15,-0.85,1.));
#9754 = LINE('',#9755,#9756);
#9755 = CARTESIAN_POINT('',(-0.15,-0.825,1.));
#9756 = VECTOR('',#9757,1.);
#9757 = DIRECTION('',(0.,1.,0.));
#9758 = ORIENTED_EDGE('',*,*,#9759,.F.);
#9759 = EDGE_CURVE('',#9760,#9752,#9762,.T.);
#9760 = VERTEX_POINT('',#9761);
#9761 = CARTESIAN_POINT('',(0.15,-0.85,1.));
#9762 = LINE('',#9763,#9764);
#9763 = CARTESIAN_POINT('',(-7.5E-02,-0.85,1.));
#9764 = VECTOR('',#9765,1.);
#9765 = DIRECTION('',(-1.,0.,0.));
#9766 = ORIENTED_EDGE('',*,*,#9767,.F.);
#9767 = EDGE_CURVE('',#9742,#9760,#9768,.T.);
#9768 = LINE('',#9769,#9770);
#9769 = CARTESIAN_POINT('',(0.15,-0.825,1.));
#9770 = VECTOR('',#9771,1.);
#9771 = DIRECTION('',(0.,1.,0.));
#9772 = PLANE('',#9773);
#9773 = AXIS2_PLACEMENT_3D('',#9774,#9775,#9776);
#9774 = CARTESIAN_POINT('',(-8.577958599317E-18,-0.5,1.));
#9775 = DIRECTION('',(0.,0.,1.));
#9776 = DIRECTION('',(1.,0.,-0.));
#9777 = ADVANCED_FACE('',(#9778),#9789,.F.);
#9778 = FACE_BOUND('',#9779,.F.);
#9779 = EDGE_LOOP('',(#9780,#9786,#9787,#9788));
#9780 = ORIENTED_EDGE('',*,*,#9781,.T.);
#9781 = EDGE_CURVE('',#9526,#9691,#9782,.T.);
#9782 = LINE('',#9783,#9784);
#9783 = CARTESIAN_POINT('',(0.635,0.4,0.));
#9784 = VECTOR('',#9785,1.);
#9785 = DIRECTION('',(0.,0.,1.));
#9786 = ORIENTED_EDGE('',*,*,#9698,.T.);
#9787 = ORIENTED_EDGE('',*,*,#9389,.F.);
#9788 = ORIENTED_EDGE('',*,*,#9533,.F.);
#9789 = PLANE('',#9790);
#9790 = AXIS2_PLACEMENT_3D('',#9791,#9792,#9793);
#9791 = CARTESIAN_POINT('',(0.635,0.4,0.));
#9792 = DIRECTION('',(-0.707106781187,-0.707106781187,0.));
#9793 = DIRECTION('',(-0.707106781187,0.707106781187,0.));
#9794 = ADVANCED_FACE('',(#9795),#9806,.F.);
#9795 = FACE_BOUND('',#9796,.F.);
#9796 = EDGE_LOOP('',(#9797,#9798,#9799,#9805));
#9797 = ORIENTED_EDGE('',*,*,#9429,.T.);
#9798 = ORIENTED_EDGE('',*,*,#9618,.T.);
#9799 = ORIENTED_EDGE('',*,*,#9800,.F.);
#9800 = EDGE_CURVE('',#9454,#9619,#9801,.T.);
#9801 = LINE('',#9802,#9803);
#9802 = CARTESIAN_POINT('',(-0.535,-0.5,0.));
#9803 = VECTOR('',#9804,1.);
#9804 = DIRECTION('',(0.,0.,1.));
#9805 = ORIENTED_EDGE('',*,*,#9453,.F.);
#9806 = PLANE('',#9807);
#9807 = AXIS2_PLACEMENT_3D('',#9808,#9809,#9810);
#9808 = CARTESIAN_POINT('',(-0.635,-0.4,0.));
#9809 = DIRECTION('',(0.707106781187,0.707106781187,0.));
#9810 = DIRECTION('',(0.707106781187,-0.707106781187,0.));
#9811 = ADVANCED_FACE('',(#9812),#9823,.F.);
#9812 = FACE_BOUND('',#9813,.F.);
#9813 = EDGE_LOOP('',(#9814,#9820,#9821,#9822));
#9814 = ORIENTED_EDGE('',*,*,#9815,.T.);
#9815 = EDGE_CURVE('',#9518,#9683,#9816,.T.);
#9816 = LINE('',#9817,#9818);
#9817 = CARTESIAN_POINT('',(0.635,-0.4,0.));
#9818 = VECTOR('',#9819,1.);
#9819 = DIRECTION('',(0.,0.,1.));
#9820 = ORIENTED_EDGE('',*,*,#9690,.T.);
#9821 = ORIENTED_EDGE('',*,*,#9781,.F.);
#9822 = ORIENTED_EDGE('',*,*,#9525,.F.);
#9823 = PLANE('',#9824);
#9824 = AXIS2_PLACEMENT_3D('',#9825,#9826,#9827);
#9825 = CARTESIAN_POINT('',(0.635,-0.4,0.));
#9826 = DIRECTION('',(-1.,0.,0.));
#9827 = DIRECTION('',(0.,1.,0.));
#9828 = ADVANCED_FACE('',(#9829),#9840,.F.);
#9829 = FACE_BOUND('',#9830,.F.);
#9830 = EDGE_LOOP('',(#9831,#9832,#9833,#9839));
#9831 = ORIENTED_EDGE('',*,*,#9800,.T.);
#9832 = ORIENTED_EDGE('',*,*,#9626,.T.);
#9833 = ORIENTED_EDGE('',*,*,#9834,.F.);
#9834 = EDGE_CURVE('',#9462,#9627,#9835,.T.);
#9835 = LINE('',#9836,#9837);
#9836 = CARTESIAN_POINT('',(-0.635,-0.6,0.));
#9837 = VECTOR('',#9838,1.);
#9838 = DIRECTION('',(0.,0.,1.));
#9839 = ORIENTED_EDGE('',*,*,#9461,.F.);
#9840 = PLANE('',#9841);
#9841 = AXIS2_PLACEMENT_3D('',#9842,#9843,#9844);
#9842 = CARTESIAN_POINT('',(-0.535,-0.5,0.));
#9843 = DIRECTION('',(0.707106781187,-0.707106781187,0.));
#9844 = DIRECTION('',(-0.707106781187,-0.707106781187,0.));
#9845 = ADVANCED_FACE('',(#9846),#9857,.F.);
#9846 = FACE_BOUND('',#9847,.F.);
#9847 = EDGE_LOOP('',(#9848,#9854,#9855,#9856));
#9848 = ORIENTED_EDGE('',*,*,#9849,.T.);
#9849 = EDGE_CURVE('',#9510,#9675,#9850,.T.);
#9850 = LINE('',#9851,#9852);
#9851 = CARTESIAN_POINT('',(0.535,-0.5,0.));
#9852 = VECTOR('',#9853,1.);
#9853 = DIRECTION('',(0.,0.,1.));
#9854 = ORIENTED_EDGE('',*,*,#9682,.T.);
#9855 = ORIENTED_EDGE('',*,*,#9815,.F.);
#9856 = ORIENTED_EDGE('',*,*,#9517,.F.);
#9857 = PLANE('',#9858);
#9858 = AXIS2_PLACEMENT_3D('',#9859,#9860,#9861);
#9859 = CARTESIAN_POINT('',(0.535,-0.5,0.));
#9860 = DIRECTION('',(-0.707106781187,0.707106781187,0.));
#9861 = DIRECTION('',(0.707106781187,0.707106781187,0.));
#9862 = ADVANCED_FACE('',(#9863),#9874,.F.);
#9863 = FACE_BOUND('',#9864,.F.);
#9864 = EDGE_LOOP('',(#9865,#9866,#9867,#9873));
#9865 = ORIENTED_EDGE('',*,*,#9834,.T.);
#9866 = ORIENTED_EDGE('',*,*,#9634,.T.);
#9867 = ORIENTED_EDGE('',*,*,#9868,.F.);
#9868 = EDGE_CURVE('',#9470,#9635,#9869,.T.);
#9869 = LINE('',#9870,#9871);
#9870 = CARTESIAN_POINT('',(-0.635,-1.4,0.));
#9871 = VECTOR('',#9872,1.);
#9872 = DIRECTION('',(0.,0.,1.));
#9873 = ORIENTED_EDGE('',*,*,#9469,.F.);
#9874 = PLANE('',#9875);
#9875 = AXIS2_PLACEMENT_3D('',#9876,#9877,#9878);
#9876 = CARTESIAN_POINT('',(-0.635,-0.6,0.));
#9877 = DIRECTION('',(1.,0.,0.));
#9878 = DIRECTION('',(0.,-1.,0.));
#9879 = ADVANCED_FACE('',(#9880),#9891,.F.);
#9880 = FACE_BOUND('',#9881,.F.);
#9881 = EDGE_LOOP('',(#9882,#9888,#9889,#9890));
#9882 = ORIENTED_EDGE('',*,*,#9883,.T.);
#9883 = EDGE_CURVE('',#9502,#9667,#9884,.T.);
#9884 = LINE('',#9885,#9886);
#9885 = CARTESIAN_POINT('',(0.635,-0.6,0.));
#9886 = VECTOR('',#9887,1.);
#9887 = DIRECTION('',(0.,0.,1.));
#9888 = ORIENTED_EDGE('',*,*,#9674,.T.);
#9889 = ORIENTED_EDGE('',*,*,#9849,.F.);
#9890 = ORIENTED_EDGE('',*,*,#9509,.F.);
#9891 = PLANE('',#9892);
#9892 = AXIS2_PLACEMENT_3D('',#9893,#9894,#9895);
#9893 = CARTESIAN_POINT('',(0.635,-0.6,0.));
#9894 = DIRECTION('',(-0.707106781187,-0.707106781187,0.));
#9895 = DIRECTION('',(-0.707106781187,0.707106781187,0.));
#9896 = ADVANCED_FACE('',(#9897),#9908,.F.);
#9897 = FACE_BOUND('',#9898,.F.);
#9898 = EDGE_LOOP('',(#9899,#9900,#9901,#9907));
#9899 = ORIENTED_EDGE('',*,*,#9868,.T.);
#9900 = ORIENTED_EDGE('',*,*,#9642,.T.);
#9901 = ORIENTED_EDGE('',*,*,#9902,.F.);
#9902 = EDGE_CURVE('',#9478,#9643,#9903,.T.);
#9903 = LINE('',#9904,#9905);
#9904 = CARTESIAN_POINT('',(-0.535,-1.5,0.));
#9905 = VECTOR('',#9906,1.);
#9906 = DIRECTION('',(0.,0.,1.));
#9907 = ORIENTED_EDGE('',*,*,#9477,.F.);
#9908 = PLANE('',#9909);
#9909 = AXIS2_PLACEMENT_3D('',#9910,#9911,#9912);
#9910 = CARTESIAN_POINT('',(-0.635,-1.4,0.));
#9911 = DIRECTION('',(0.707106781187,0.707106781187,0.));
#9912 = DIRECTION('',(0.707106781187,-0.707106781187,0.));
#9913 = ADVANCED_FACE('',(#9914),#9925,.F.);
#9914 = FACE_BOUND('',#9915,.F.);
#9915 = EDGE_LOOP('',(#9916,#9922,#9923,#9924));
#9916 = ORIENTED_EDGE('',*,*,#9917,.T.);
#9917 = EDGE_CURVE('',#9494,#9659,#9918,.T.);
#9918 = LINE('',#9919,#9920);
#9919 = CARTESIAN_POINT('',(0.635,-1.4,0.));
#9920 = VECTOR('',#9921,1.);
#9921 = DIRECTION('',(0.,0.,1.));
#9922 = ORIENTED_EDGE('',*,*,#9666,.T.);
#9923 = ORIENTED_EDGE('',*,*,#9883,.F.);
#9924 = ORIENTED_EDGE('',*,*,#9501,.F.);
#9925 = PLANE('',#9926);
#9926 = AXIS2_PLACEMENT_3D('',#9927,#9928,#9929);
#9927 = CARTESIAN_POINT('',(0.635,-1.4,0.));
#9928 = DIRECTION('',(-1.,0.,0.));
#9929 = DIRECTION('',(0.,1.,0.));
#9930 = ADVANCED_FACE('',(#9931),#9942,.F.);
#9931 = FACE_BOUND('',#9932,.F.);
#9932 = EDGE_LOOP('',(#9933,#9934,#9935,#9941));
#9933 = ORIENTED_EDGE('',*,*,#9902,.T.);
#9934 = ORIENTED_EDGE('',*,*,#9650,.T.);
#9935 = ORIENTED_EDGE('',*,*,#9936,.F.);
#9936 = EDGE_CURVE('',#9486,#9651,#9937,.T.);
#9937 = LINE('',#9938,#9939);
#9938 = CARTESIAN_POINT('',(0.535,-1.5,0.));
#9939 = VECTOR('',#9940,1.);
#9940 = DIRECTION('',(0.,0.,1.));
#9941 = ORIENTED_EDGE('',*,*,#9485,.F.);
#9942 = PLANE('',#9943);
#9943 = AXIS2_PLACEMENT_3D('',#9944,#9945,#9946);
#9944 = CARTESIAN_POINT('',(-0.535,-1.5,0.));
#9945 = DIRECTION('',(0.,1.,0.));
#9946 = DIRECTION('',(1.,0.,0.));
#9947 = ADVANCED_FACE('',(#9948),#9954,.F.);
#9948 = FACE_BOUND('',#9949,.F.);
#9949 = EDGE_LOOP('',(#9950,#9951,#9952,#9953));
#9950 = ORIENTED_EDGE('',*,*,#9936,.T.);
#9951 = ORIENTED_EDGE('',*,*,#9658,.T.);
#9952 = ORIENTED_EDGE('',*,*,#9917,.F.);
#9953 = ORIENTED_EDGE('',*,*,#9493,.F.);
#9954 = PLANE('',#9955);
#9955 = AXIS2_PLACEMENT_3D('',#9956,#9957,#9958);
#9956 = CARTESIAN_POINT('',(0.535,-1.5,0.));
#9957 = DIRECTION('',(-0.707106781187,0.707106781187,0.));
#9958 = DIRECTION('',(0.707106781187,0.707106781187,0.));
#9959 = ADVANCED_FACE('',(#9960),#9985,.T.);
#9960 = FACE_BOUND('',#9961,.T.);
#9961 = EDGE_LOOP('',(#9962,#9970,#9978,#9984));
#9962 = ORIENTED_EDGE('',*,*,#9963,.F.);
#9963 = EDGE_CURVE('',#9964,#9543,#9966,.T.);
#9964 = VERTEX_POINT('',#9965);
#9965 = CARTESIAN_POINT('',(0.15,-0.15,-2.925));
#9966 = LINE('',#9967,#9968);
#9967 = CARTESIAN_POINT('',(0.15,-0.15,-3.));
#9968 = VECTOR('',#9969,1.);
#9969 = DIRECTION('',(0.,0.,1.));
#9970 = ORIENTED_EDGE('',*,*,#9971,.T.);
#9971 = EDGE_CURVE('',#9964,#9972,#9974,.T.);
#9972 = VERTEX_POINT('',#9973);
#9973 = CARTESIAN_POINT('',(0.15,0.15,-2.925));
#9974 = LINE('',#9975,#9976);
#9975 = CARTESIAN_POINT('',(0.15,-0.15,-2.925));
#9976 = VECTOR('',#9977,1.);
#9977 = DIRECTION('',(0.,1.,0.));
#9978 = ORIENTED_EDGE('',*,*,#9979,.T.);
#9979 = EDGE_CURVE('',#9972,#9545,#9980,.T.);
#9980 = LINE('',#9981,#9982);
#9981 = CARTESIAN_POINT('',(0.15,0.15,-3.));
#9982 = VECTOR('',#9983,1.);
#9983 = DIRECTION('',(0.,0.,1.));
#9984 = ORIENTED_EDGE('',*,*,#9542,.F.);
#9985 = PLANE('',#9986);
#9986 = AXIS2_PLACEMENT_3D('',#9987,#9988,#9989);
#9987 = CARTESIAN_POINT('',(0.15,-0.15,-3.));
#9988 = DIRECTION('',(1.,0.,0.));
#9989 = DIRECTION('',(0.,0.,1.));
#9990 = ADVANCED_FACE('',(#9991),#10009,.T.);
#9991 = FACE_BOUND('',#9992,.T.);
#9992 = EDGE_LOOP('',(#9993,#9994,#10002,#10008));
#9993 = ORIENTED_EDGE('',*,*,#9979,.F.);
#9994 = ORIENTED_EDGE('',*,*,#9995,.F.);
#9995 = EDGE_CURVE('',#9996,#9972,#9998,.T.);
#9996 = VERTEX_POINT('',#9997);
#9997 = CARTESIAN_POINT('',(-0.15,0.15,-2.925));
#9998 = LINE('',#9999,#10000);
#9999 = CARTESIAN_POINT('',(-0.15,0.15,-2.925));
#10000 = VECTOR('',#10001,1.);
#10001 = DIRECTION('',(1.,0.,0.));
#10002 = ORIENTED_EDGE('',*,*,#10003,.T.);
#10003 = EDGE_CURVE('',#9996,#9561,#10004,.T.);
#10004 = LINE('',#10005,#10006);
#10005 = CARTESIAN_POINT('',(-0.15,0.15,-3.));
#10006 = VECTOR('',#10007,1.);
#10007 = DIRECTION('',(0.,0.,1.));
#10008 = ORIENTED_EDGE('',*,*,#9568,.F.);
#10009 = PLANE('',#10010);
#10010 = AXIS2_PLACEMENT_3D('',#10011,#10012,#10013);
#10011 = CARTESIAN_POINT('',(-0.15,0.15,-3.));
#10012 = DIRECTION('',(0.,1.,0.));
#10013 = DIRECTION('',(0.,-0.,1.));
#10014 = ADVANCED_FACE('',(#10015),#10033,.F.);
#10015 = FACE_BOUND('',#10016,.F.);
#10016 = EDGE_LOOP('',(#10017,#10025,#10031,#10032));
#10017 = ORIENTED_EDGE('',*,*,#10018,.F.);
#10018 = EDGE_CURVE('',#10019,#9553,#10021,.T.);
#10019 = VERTEX_POINT('',#10020);
#10020 = CARTESIAN_POINT('',(-0.15,-0.15,-2.925));
#10021 = LINE('',#10022,#10023);
#10022 = CARTESIAN_POINT('',(-0.15,-0.15,-3.));
#10023 = VECTOR('',#10024,1.);
#10024 = DIRECTION('',(0.,0.,1.));
#10025 = ORIENTED_EDGE('',*,*,#10026,.T.);
#10026 = EDGE_CURVE('',#10019,#9996,#10027,.T.);
#10027 = LINE('',#10028,#10029);
#10028 = CARTESIAN_POINT('',(-0.15,-0.15,-2.925));
#10029 = VECTOR('',#10030,1.);
#10030 = DIRECTION('',(0.,1.,0.));
#10031 = ORIENTED_EDGE('',*,*,#10003,.T.);
#10032 = ORIENTED_EDGE('',*,*,#9560,.F.);
#10033 = PLANE('',#10034);
#10034 = AXIS2_PLACEMENT_3D('',#10035,#10036,#10037);
#10035 = CARTESIAN_POINT('',(-0.15,-0.15,-3.));
#10036 = DIRECTION('',(1.,0.,0.));
#10037 = DIRECTION('',(0.,0.,1.));
#10038 = ADVANCED_FACE('',(#10039),#10050,.F.);
#10039 = FACE_BOUND('',#10040,.F.);
#10040 = EDGE_LOOP('',(#10041,#10042,#10048,#10049));
#10041 = ORIENTED_EDGE('',*,*,#9963,.F.);
#10042 = ORIENTED_EDGE('',*,*,#10043,.F.);
#10043 = EDGE_CURVE('',#10019,#9964,#10044,.T.);
#10044 = LINE('',#10045,#10046);
#10045 = CARTESIAN_POINT('',(-0.15,-0.15,-2.925));
#10046 = VECTOR('',#10047,1.);
#10047 = DIRECTION('',(1.,0.,0.));
#10048 = ORIENTED_EDGE('',*,*,#10018,.T.);
#10049 = ORIENTED_EDGE('',*,*,#9552,.F.);
#10050 = PLANE('',#10051);
#10051 = AXIS2_PLACEMENT_3D('',#10052,#10053,#10054);
#10052 = CARTESIAN_POINT('',(-0.15,-0.15,-3.));
#10053 = DIRECTION('',(0.,1.,0.));
#10054 = DIRECTION('',(0.,-0.,1.));
#10055 = ADVANCED_FACE('',(#10056),#10081,.F.);
#10056 = FACE_BOUND('',#10057,.F.);
#10057 = EDGE_LOOP('',(#10058,#10066,#10074,#10080));
#10058 = ORIENTED_EDGE('',*,*,#10059,.F.);
#10059 = EDGE_CURVE('',#10060,#9577,#10062,.T.);
#10060 = VERTEX_POINT('',#10061);
#10061 = CARTESIAN_POINT('',(0.15,-1.15,-2.925));
#10062 = LINE('',#10063,#10064);
#10063 = CARTESIAN_POINT('',(0.15,-1.15,-3.));
#10064 = VECTOR('',#10065,1.);
#10065 = DIRECTION('',(0.,0.,1.));
#10066 = ORIENTED_EDGE('',*,*,#10067,.F.);
#10067 = EDGE_CURVE('',#10068,#10060,#10070,.T.);
#10068 = VERTEX_POINT('',#10069);
#10069 = CARTESIAN_POINT('',(-0.15,-1.15,-2.925));
#10070 = LINE('',#10071,#10072);
#10071 = CARTESIAN_POINT('',(-0.15,-1.15,-2.925));
#10072 = VECTOR('',#10073,1.);
#10073 = DIRECTION('',(1.,0.,0.));
#10074 = ORIENTED_EDGE('',*,*,#10075,.T.);
#10075 = EDGE_CURVE('',#10068,#9579,#10076,.T.);
#10076 = LINE('',#10077,#10078);
#10077 = CARTESIAN_POINT('',(-0.15,-1.15,-3.));
#10078 = VECTOR('',#10079,1.);
#10079 = DIRECTION('',(0.,0.,1.));
#10080 = ORIENTED_EDGE('',*,*,#9576,.F.);
#10081 = PLANE('',#10082);
#10082 = AXIS2_PLACEMENT_3D('',#10083,#10084,#10085);
#10083 = CARTESIAN_POINT('',(-0.15,-1.15,-3.));
#10084 = DIRECTION('',(0.,1.,0.));
#10085 = DIRECTION('',(0.,-0.,1.));
#10086 = ADVANCED_FACE('',(#10087),#10105,.T.);
#10087 = FACE_BOUND('',#10088,.T.);
#10088 = EDGE_LOOP('',(#10089,#10090,#10098,#10104));
#10089 = ORIENTED_EDGE('',*,*,#10059,.F.);
#10090 = ORIENTED_EDGE('',*,*,#10091,.T.);
#10091 = EDGE_CURVE('',#10060,#10092,#10094,.T.);
#10092 = VERTEX_POINT('',#10093);
#10093 = CARTESIAN_POINT('',(0.15,-0.85,-2.925));
#10094 = LINE('',#10095,#10096);
#10095 = CARTESIAN_POINT('',(0.15,-1.15,-2.925));
#10096 = VECTOR('',#10097,1.);
#10097 = DIRECTION('',(0.,1.,0.));
#10098 = ORIENTED_EDGE('',*,*,#10099,.T.);
#10099 = EDGE_CURVE('',#10092,#9595,#10100,.T.);
#10100 = LINE('',#10101,#10102);
#10101 = CARTESIAN_POINT('',(0.15,-0.85,-3.));
#10102 = VECTOR('',#10103,1.);
#10103 = DIRECTION('',(0.,0.,1.));
#10104 = ORIENTED_EDGE('',*,*,#9602,.F.);
#10105 = PLANE('',#10106);
#10106 = AXIS2_PLACEMENT_3D('',#10107,#10108,#10109);
#10107 = CARTESIAN_POINT('',(0.15,-1.15,-3.));
#10108 = DIRECTION('',(1.,0.,0.));
#10109 = DIRECTION('',(0.,0.,1.));
#10110 = ADVANCED_FACE('',(#10111),#10129,.T.);
#10111 = FACE_BOUND('',#10112,.T.);
#10112 = EDGE_LOOP('',(#10113,#10114,#10122,#10128));
#10113 = ORIENTED_EDGE('',*,*,#10099,.F.);
#10114 = ORIENTED_EDGE('',*,*,#10115,.F.);
#10115 = EDGE_CURVE('',#10116,#10092,#10118,.T.);
#10116 = VERTEX_POINT('',#10117);
#10117 = CARTESIAN_POINT('',(-0.15,-0.85,-2.925));
#10118 = LINE('',#10119,#10120);
#10119 = CARTESIAN_POINT('',(-0.15,-0.85,-2.925));
#10120 = VECTOR('',#10121,1.);
#10121 = DIRECTION('',(1.,0.,0.));
#10122 = ORIENTED_EDGE('',*,*,#10123,.T.);
#10123 = EDGE_CURVE('',#10116,#9587,#10124,.T.);
#10124 = LINE('',#10125,#10126);
#10125 = CARTESIAN_POINT('',(-0.15,-0.85,-3.));
#10126 = VECTOR('',#10127,1.);
#10127 = DIRECTION('',(0.,0.,1.));
#10128 = ORIENTED_EDGE('',*,*,#9594,.F.);
#10129 = PLANE('',#10130);
#10130 = AXIS2_PLACEMENT_3D('',#10131,#10132,#10133);
#10131 = CARTESIAN_POINT('',(-0.15,-0.85,-3.));
#10132 = DIRECTION('',(0.,1.,0.));
#10133 = DIRECTION('',(0.,-0.,1.));
#10134 = ADVANCED_FACE('',(#10135),#10146,.F.);
#10135 = FACE_BOUND('',#10136,.F.);
#10136 = EDGE_LOOP('',(#10137,#10138,#10144,#10145));
#10137 = ORIENTED_EDGE('',*,*,#10075,.F.);
#10138 = ORIENTED_EDGE('',*,*,#10139,.T.);
#10139 = EDGE_CURVE('',#10068,#10116,#10140,.T.);
#10140 = LINE('',#10141,#10142);
#10141 = CARTESIAN_POINT('',(-0.15,-1.15,-2.925));
#10142 = VECTOR('',#10143,1.);
#10143 = DIRECTION('',(0.,1.,0.));
#10144 = ORIENTED_EDGE('',*,*,#10123,.T.);
#10145 = ORIENTED_EDGE('',*,*,#9586,.F.);
#10146 = PLANE('',#10147);
#10147 = AXIS2_PLACEMENT_3D('',#10148,#10149,#10150);
#10148 = CARTESIAN_POINT('',(-0.15,-1.15,-3.));
#10149 = DIRECTION('',(1.,0.,0.));
#10150 = DIRECTION('',(0.,0.,1.));
#10151 = ADVANCED_FACE('',(#10152),#10177,.T.);
#10152 = FACE_BOUND('',#10153,.T.);
#10153 = EDGE_LOOP('',(#10154,#10162,#10163,#10171));
#10154 = ORIENTED_EDGE('',*,*,#10155,.F.);
#10155 = EDGE_CURVE('',#9708,#10156,#10158,.T.);
#10156 = VERTEX_POINT('',#10157);
#10157 = CARTESIAN_POINT('',(0.15,-0.15,4.725));
#10158 = LINE('',#10159,#10160);
#10159 = CARTESIAN_POINT('',(0.15,-0.15,-3.));
#10160 = VECTOR('',#10161,1.);
#10161 = DIRECTION('',(0.,0.,1.));
#10162 = ORIENTED_EDGE('',*,*,#9707,.T.);
#10163 = ORIENTED_EDGE('',*,*,#10164,.T.);
#10164 = EDGE_CURVE('',#9710,#10165,#10167,.T.);
#10165 = VERTEX_POINT('',#10166);
#10166 = CARTESIAN_POINT('',(0.15,0.15,4.725));
#10167 = LINE('',#10168,#10169);
#10168 = CARTESIAN_POINT('',(0.15,0.15,-3.));
#10169 = VECTOR('',#10170,1.);
#10170 = DIRECTION('',(0.,0.,1.));
#10171 = ORIENTED_EDGE('',*,*,#10172,.F.);
#10172 = EDGE_CURVE('',#10156,#10165,#10173,.T.);
#10173 = LINE('',#10174,#10175);
#10174 = CARTESIAN_POINT('',(0.15,-0.15,4.725));
#10175 = VECTOR('',#10176,1.);
#10176 = DIRECTION('',(0.,1.,0.));
#10177 = PLANE('',#10178);
#10178 = AXIS2_PLACEMENT_3D('',#10179,#10180,#10181);
#10179 = CARTESIAN_POINT('',(0.15,-0.15,-3.));
#10180 = DIRECTION('',(1.,0.,0.));
#10181 = DIRECTION('',(0.,0.,1.));
#10182 = ADVANCED_FACE('',(#10183),#10201,.T.);
#10183 = FACE_BOUND('',#10184,.T.);
#10184 = EDGE_LOOP('',(#10185,#10186,#10187,#10195));
#10185 = ORIENTED_EDGE('',*,*,#10164,.F.);
#10186 = ORIENTED_EDGE('',*,*,#9733,.T.);
#10187 = ORIENTED_EDGE('',*,*,#10188,.T.);
#10188 = EDGE_CURVE('',#9726,#10189,#10191,.T.);
#10189 = VERTEX_POINT('',#10190);
#10190 = CARTESIAN_POINT('',(-0.15,0.15,4.725));
#10191 = LINE('',#10192,#10193);
#10192 = CARTESIAN_POINT('',(-0.15,0.15,-3.));
#10193 = VECTOR('',#10194,1.);
#10194 = DIRECTION('',(0.,0.,1.));
#10195 = ORIENTED_EDGE('',*,*,#10196,.T.);
#10196 = EDGE_CURVE('',#10189,#10165,#10197,.T.);
#10197 = LINE('',#10198,#10199);
#10198 = CARTESIAN_POINT('',(-0.15,0.15,4.725));
#10199 = VECTOR('',#10200,1.);
#10200 = DIRECTION('',(1.,0.,0.));
#10201 = PLANE('',#10202);
#10202 = AXIS2_PLACEMENT_3D('',#10203,#10204,#10205);
#10203 = CARTESIAN_POINT('',(-0.15,0.15,-3.));
#10204 = DIRECTION('',(0.,1.,0.));
#10205 = DIRECTION('',(0.,-0.,1.));
#10206 = ADVANCED_FACE('',(#10207),#10225,.F.);
#10207 = FACE_BOUND('',#10208,.F.);
#10208 = EDGE_LOOP('',(#10209,#10217,#10218,#10219));
#10209 = ORIENTED_EDGE('',*,*,#10210,.F.);
#10210 = EDGE_CURVE('',#9718,#10211,#10213,.T.);
#10211 = VERTEX_POINT('',#10212);
#10212 = CARTESIAN_POINT('',(-0.15,-0.15,4.725));
#10213 = LINE('',#10214,#10215);
#10214 = CARTESIAN_POINT('',(-0.15,-0.15,-3.));
#10215 = VECTOR('',#10216,1.);
#10216 = DIRECTION('',(0.,0.,1.));
#10217 = ORIENTED_EDGE('',*,*,#9725,.T.);
#10218 = ORIENTED_EDGE('',*,*,#10188,.T.);
#10219 = ORIENTED_EDGE('',*,*,#10220,.F.);
#10220 = EDGE_CURVE('',#10211,#10189,#10221,.T.);
#10221 = LINE('',#10222,#10223);
#10222 = CARTESIAN_POINT('',(-0.15,-0.15,4.725));
#10223 = VECTOR('',#10224,1.);
#10224 = DIRECTION('',(0.,1.,0.));
#10225 = PLANE('',#10226);
#10226 = AXIS2_PLACEMENT_3D('',#10227,#10228,#10229);
#10227 = CARTESIAN_POINT('',(-0.15,-0.15,-3.));
#10228 = DIRECTION('',(1.,0.,0.));
#10229 = DIRECTION('',(0.,0.,1.));
#10230 = ADVANCED_FACE('',(#10231),#10242,.F.);
#10231 = FACE_BOUND('',#10232,.F.);
#10232 = EDGE_LOOP('',(#10233,#10234,#10235,#10236));
#10233 = ORIENTED_EDGE('',*,*,#10155,.F.);
#10234 = ORIENTED_EDGE('',*,*,#9717,.T.);
#10235 = ORIENTED_EDGE('',*,*,#10210,.T.);
#10236 = ORIENTED_EDGE('',*,*,#10237,.T.);
#10237 = EDGE_CURVE('',#10211,#10156,#10238,.T.);
#10238 = LINE('',#10239,#10240);
#10239 = CARTESIAN_POINT('',(-0.15,-0.15,4.725));
#10240 = VECTOR('',#10241,1.);
#10241 = DIRECTION('',(1.,0.,0.));
#10242 = PLANE('',#10243);
#10243 = AXIS2_PLACEMENT_3D('',#10244,#10245,#10246);
#10244 = CARTESIAN_POINT('',(-0.15,-0.15,-3.));
#10245 = DIRECTION('',(0.,1.,0.));
#10246 = DIRECTION('',(0.,-0.,1.));
#10247 = ADVANCED_FACE('',(#10248),#10273,.F.);
#10248 = FACE_BOUND('',#10249,.F.);
#10249 = EDGE_LOOP('',(#10250,#10258,#10259,#10267));
#10250 = ORIENTED_EDGE('',*,*,#10251,.F.);
#10251 = EDGE_CURVE('',#9742,#10252,#10254,.T.);
#10252 = VERTEX_POINT('',#10253);
#10253 = CARTESIAN_POINT('',(0.15,-1.15,4.725));
#10254 = LINE('',#10255,#10256);
#10255 = CARTESIAN_POINT('',(0.15,-1.15,-3.));
#10256 = VECTOR('',#10257,1.);
#10257 = DIRECTION('',(0.,0.,1.));
#10258 = ORIENTED_EDGE('',*,*,#9741,.T.);
#10259 = ORIENTED_EDGE('',*,*,#10260,.T.);
#10260 = EDGE_CURVE('',#9744,#10261,#10263,.T.);
#10261 = VERTEX_POINT('',#10262);
#10262 = CARTESIAN_POINT('',(-0.15,-1.15,4.725));
#10263 = LINE('',#10264,#10265);
#10264 = CARTESIAN_POINT('',(-0.15,-1.15,-3.));
#10265 = VECTOR('',#10266,1.);
#10266 = DIRECTION('',(0.,0.,1.));
#10267 = ORIENTED_EDGE('',*,*,#10268,.T.);
#10268 = EDGE_CURVE('',#10261,#10252,#10269,.T.);
#10269 = LINE('',#10270,#10271);
#10270 = CARTESIAN_POINT('',(-0.15,-1.15,4.725));
#10271 = VECTOR('',#10272,1.);
#10272 = DIRECTION('',(1.,0.,0.));
#10273 = PLANE('',#10274);
#10274 = AXIS2_PLACEMENT_3D('',#10275,#10276,#10277);
#10275 = CARTESIAN_POINT('',(-0.15,-1.15,-3.));
#10276 = DIRECTION('',(0.,1.,0.));
#10277 = DIRECTION('',(0.,-0.,1.));
#10278 = ADVANCED_FACE('',(#10279),#10297,.T.);
#10279 = FACE_BOUND('',#10280,.T.);
#10280 = EDGE_LOOP('',(#10281,#10282,#10283,#10291));
#10281 = ORIENTED_EDGE('',*,*,#10251,.F.);
#10282 = ORIENTED_EDGE('',*,*,#9767,.T.);
#10283 = ORIENTED_EDGE('',*,*,#10284,.T.);
#10284 = EDGE_CURVE('',#9760,#10285,#10287,.T.);
#10285 = VERTEX_POINT('',#10286);
#10286 = CARTESIAN_POINT('',(0.15,-0.85,4.725));
#10287 = LINE('',#10288,#10289);
#10288 = CARTESIAN_POINT('',(0.15,-0.85,-3.));
#10289 = VECTOR('',#10290,1.);
#10290 = DIRECTION('',(0.,0.,1.));
#10291 = ORIENTED_EDGE('',*,*,#10292,.F.);
#10292 = EDGE_CURVE('',#10252,#10285,#10293,.T.);
#10293 = LINE('',#10294,#10295);
#10294 = CARTESIAN_POINT('',(0.15,-1.15,4.725));
#10295 = VECTOR('',#10296,1.);
#10296 = DIRECTION('',(0.,1.,0.));
#10297 = PLANE('',#10298);
#10298 = AXIS2_PLACEMENT_3D('',#10299,#10300,#10301);
#10299 = CARTESIAN_POINT('',(0.15,-1.15,-3.));
#10300 = DIRECTION('',(1.,0.,0.));
#10301 = DIRECTION('',(0.,0.,1.));
#10302 = ADVANCED_FACE('',(#10303),#10321,.T.);
#10303 = FACE_BOUND('',#10304,.T.);
#10304 = EDGE_LOOP('',(#10305,#10306,#10307,#10315));
#10305 = ORIENTED_EDGE('',*,*,#10284,.F.);
#10306 = ORIENTED_EDGE('',*,*,#9759,.T.);
#10307 = ORIENTED_EDGE('',*,*,#10308,.T.);
#10308 = EDGE_CURVE('',#9752,#10309,#10311,.T.);
#10309 = VERTEX_POINT('',#10310);
#10310 = CARTESIAN_POINT('',(-0.15,-0.85,4.725));
#10311 = LINE('',#10312,#10313);
#10312 = CARTESIAN_POINT('',(-0.15,-0.85,-3.));
#10313 = VECTOR('',#10314,1.);
#10314 = DIRECTION('',(0.,0.,1.));
#10315 = ORIENTED_EDGE('',*,*,#10316,.T.);
#10316 = EDGE_CURVE('',#10309,#10285,#10317,.T.);
#10317 = LINE('',#10318,#10319);
#10318 = CARTESIAN_POINT('',(-0.15,-0.85,4.725));
#10319 = VECTOR('',#10320,1.);
#10320 = DIRECTION('',(1.,0.,0.));
#10321 = PLANE('',#10322);
#10322 = AXIS2_PLACEMENT_3D('',#10323,#10324,#10325);
#10323 = CARTESIAN_POINT('',(-0.15,-0.85,-3.));
#10324 = DIRECTION('',(0.,1.,0.));
#10325 = DIRECTION('',(0.,-0.,1.));
#10326 = ADVANCED_FACE('',(#10327),#10338,.F.);
#10327 = FACE_BOUND('',#10328,.F.);
#10328 = EDGE_LOOP('',(#10329,#10330,#10331,#10332));
#10329 = ORIENTED_EDGE('',*,*,#10260,.F.);
#10330 = ORIENTED_EDGE('',*,*,#9751,.T.);
#10331 = ORIENTED_EDGE('',*,*,#10308,.T.);
#10332 = ORIENTED_EDGE('',*,*,#10333,.F.);
#10333 = EDGE_CURVE('',#10261,#10309,#10334,.T.);
#10334 = LINE('',#10335,#10336);
#10335 = CARTESIAN_POINT('',(-0.15,-1.15,4.725));
#10336 = VECTOR('',#10337,1.);
#10337 = DIRECTION('',(0.,1.,0.));
#10338 = PLANE('',#10339);
#10339 = AXIS2_PLACEMENT_3D('',#10340,#10341,#10342);
#10340 = CARTESIAN_POINT('',(-0.15,-1.15,-3.));
#10341 = DIRECTION('',(1.,0.,0.));
#10342 = DIRECTION('',(0.,0.,1.));
#10343 = ADVANCED_FACE('',(#10344),#10369,.F.);
#10344 = FACE_BOUND('',#10345,.F.);
#10345 = EDGE_LOOP('',(#10346,#10354,#10355,#10363));
#10346 = ORIENTED_EDGE('',*,*,#10347,.F.);
#10347 = EDGE_CURVE('',#9964,#10348,#10350,.T.);
#10348 = VERTEX_POINT('',#10349);
#10349 = CARTESIAN_POINT('',(7.5E-02,-7.5E-02,-3.));
#10350 = LINE('',#10351,#10352);
#10351 = CARTESIAN_POINT('',(7.5E-02,-7.5E-02,-3.));
#10352 = VECTOR('',#10353,1.);
#10353 = DIRECTION('',(-0.57735026919,0.57735026919,-0.57735026919));
#10354 = ORIENTED_EDGE('',*,*,#9971,.T.);
#10355 = ORIENTED_EDGE('',*,*,#10356,.T.);
#10356 = EDGE_CURVE('',#9972,#10357,#10359,.T.);
#10357 = VERTEX_POINT('',#10358);
#10358 = CARTESIAN_POINT('',(7.5E-02,7.5E-02,-3.));
#10359 = LINE('',#10360,#10361);
#10360 = CARTESIAN_POINT('',(2.5E-02,2.5E-02,-3.05));
#10361 = VECTOR('',#10362,1.);
#10362 = DIRECTION('',(-0.57735026919,-0.57735026919,-0.57735026919));
#10363 = ORIENTED_EDGE('',*,*,#10364,.F.);
#10364 = EDGE_CURVE('',#10348,#10357,#10365,.T.);
#10365 = LINE('',#10366,#10367);
#10366 = CARTESIAN_POINT('',(7.5E-02,-0.15,-3.));
#10367 = VECTOR('',#10368,1.);
#10368 = DIRECTION('',(0.,1.,0.));
#10369 = PLANE('',#10370);
#10370 = AXIS2_PLACEMENT_3D('',#10371,#10372,#10373);
#10371 = CARTESIAN_POINT('',(0.1125,-0.15,-2.9625));
#10372 = DIRECTION('',(-0.707106781187,0.,0.707106781187));
#10373 = DIRECTION('',(0.,1.,0.));
#10374 = ADVANCED_FACE('',(#10375),#10393,.F.);
#10375 = FACE_BOUND('',#10376,.T.);
#10376 = EDGE_LOOP('',(#10377,#10385,#10386,#10387));
#10377 = ORIENTED_EDGE('',*,*,#10378,.F.);
#10378 = EDGE_CURVE('',#9996,#10379,#10381,.T.);
#10379 = VERTEX_POINT('',#10380);
#10380 = CARTESIAN_POINT('',(-7.5E-02,7.5E-02,-3.));
#10381 = LINE('',#10382,#10383);
#10382 = CARTESIAN_POINT('',(-7.5E-02,7.5E-02,-3.));
#10383 = VECTOR('',#10384,1.);
#10384 = DIRECTION('',(0.57735026919,-0.57735026919,-0.57735026919));
#10385 = ORIENTED_EDGE('',*,*,#9995,.T.);
#10386 = ORIENTED_EDGE('',*,*,#10356,.T.);
#10387 = ORIENTED_EDGE('',*,*,#10388,.F.);
#10388 = EDGE_CURVE('',#10379,#10357,#10389,.T.);
#10389 = LINE('',#10390,#10391);
#10390 = CARTESIAN_POINT('',(-0.15,7.5E-02,-3.));
#10391 = VECTOR('',#10392,1.);
#10392 = DIRECTION('',(1.,0.,0.));
#10393 = PLANE('',#10394);
#10394 = AXIS2_PLACEMENT_3D('',#10395,#10396,#10397);
#10395 = CARTESIAN_POINT('',(-0.15,0.1125,-2.9625));
#10396 = DIRECTION('',(0.,-0.707106781187,0.707106781187));
#10397 = DIRECTION('',(-1.,0.,0.));
#10398 = ADVANCED_FACE('',(#10399),#10417,.T.);
#10399 = FACE_BOUND('',#10400,.T.);
#10400 = EDGE_LOOP('',(#10401,#10409,#10410,#10411));
#10401 = ORIENTED_EDGE('',*,*,#10402,.F.);
#10402 = EDGE_CURVE('',#10019,#10403,#10405,.T.);
#10403 = VERTEX_POINT('',#10404);
#10404 = CARTESIAN_POINT('',(-7.5E-02,-7.5E-02,-3.));
#10405 = LINE('',#10406,#10407);
#10406 = CARTESIAN_POINT('',(-0.125,-0.125,-2.95));
#10407 = VECTOR('',#10408,1.);
#10408 = DIRECTION('',(0.57735026919,0.57735026919,-0.57735026919));
#10409 = ORIENTED_EDGE('',*,*,#10026,.T.);
#10410 = ORIENTED_EDGE('',*,*,#10378,.T.);
#10411 = ORIENTED_EDGE('',*,*,#10412,.F.);
#10412 = EDGE_CURVE('',#10403,#10379,#10413,.T.);
#10413 = LINE('',#10414,#10415);
#10414 = CARTESIAN_POINT('',(-7.5E-02,-0.15,-3.));
#10415 = VECTOR('',#10416,1.);
#10416 = DIRECTION('',(0.,1.,0.));
#10417 = PLANE('',#10418);
#10418 = AXIS2_PLACEMENT_3D('',#10419,#10420,#10421);
#10419 = CARTESIAN_POINT('',(-0.1125,-0.15,-2.9625));
#10420 = DIRECTION('',(-0.707106781187,0.,-0.707106781187));
#10421 = DIRECTION('',(0.,1.,0.));
#10422 = ADVANCED_FACE('',(#10423),#10434,.T.);
#10423 = FACE_BOUND('',#10424,.F.);
#10424 = EDGE_LOOP('',(#10425,#10426,#10427,#10428));
#10425 = ORIENTED_EDGE('',*,*,#10402,.F.);
#10426 = ORIENTED_EDGE('',*,*,#10043,.T.);
#10427 = ORIENTED_EDGE('',*,*,#10347,.T.);
#10428 = ORIENTED_EDGE('',*,*,#10429,.F.);
#10429 = EDGE_CURVE('',#10403,#10348,#10430,.T.);
#10430 = LINE('',#10431,#10432);
#10431 = CARTESIAN_POINT('',(-0.15,-7.5E-02,-3.));
#10432 = VECTOR('',#10433,1.);
#10433 = DIRECTION('',(1.,0.,0.));
#10434 = PLANE('',#10435);
#10435 = AXIS2_PLACEMENT_3D('',#10436,#10437,#10438);
#10436 = CARTESIAN_POINT('',(-0.15,-0.1125,-2.9625));
#10437 = DIRECTION('',(0.,-0.707106781187,-0.707106781187));
#10438 = DIRECTION('',(-1.,-0.,0.));
#10439 = ADVANCED_FACE('',(#10440),#10465,.T.);
#10440 = FACE_BOUND('',#10441,.F.);
#10441 = EDGE_LOOP('',(#10442,#10450,#10451,#10459));
#10442 = ORIENTED_EDGE('',*,*,#10443,.F.);
#10443 = EDGE_CURVE('',#10068,#10444,#10446,.T.);
#10444 = VERTEX_POINT('',#10445);
#10445 = CARTESIAN_POINT('',(-7.5E-02,-1.075,-3.));
#10446 = LINE('',#10447,#10448);
#10447 = CARTESIAN_POINT('',(-0.125,-1.125,-2.95));
#10448 = VECTOR('',#10449,1.);
#10449 = DIRECTION('',(0.57735026919,0.57735026919,-0.57735026919));
#10450 = ORIENTED_EDGE('',*,*,#10067,.T.);
#10451 = ORIENTED_EDGE('',*,*,#10452,.T.);
#10452 = EDGE_CURVE('',#10060,#10453,#10455,.T.);
#10453 = VERTEX_POINT('',#10454);
#10454 = CARTESIAN_POINT('',(7.5E-02,-1.075,-3.));
#10455 = LINE('',#10456,#10457);
#10456 = CARTESIAN_POINT('',(7.5E-02,-1.075,-3.));
#10457 = VECTOR('',#10458,1.);
#10458 = DIRECTION('',(-0.57735026919,0.57735026919,-0.57735026919));
#10459 = ORIENTED_EDGE('',*,*,#10460,.F.);
#10460 = EDGE_CURVE('',#10444,#10453,#10461,.T.);
#10461 = LINE('',#10462,#10463);
#10462 = CARTESIAN_POINT('',(-0.15,-1.075,-3.));
#10463 = VECTOR('',#10464,1.);
#10464 = DIRECTION('',(1.,0.,0.));
#10465 = PLANE('',#10466);
#10466 = AXIS2_PLACEMENT_3D('',#10467,#10468,#10469);
#10467 = CARTESIAN_POINT('',(-0.15,-1.1125,-2.9625));
#10468 = DIRECTION('',(0.,-0.707106781187,-0.707106781187));
#10469 = DIRECTION('',(-1.,-0.,0.));
#10470 = ADVANCED_FACE('',(#10471),#10489,.F.);
#10471 = FACE_BOUND('',#10472,.F.);
#10472 = EDGE_LOOP('',(#10473,#10474,#10475,#10483));
#10473 = ORIENTED_EDGE('',*,*,#10452,.F.);
#10474 = ORIENTED_EDGE('',*,*,#10091,.T.);
#10475 = ORIENTED_EDGE('',*,*,#10476,.T.);
#10476 = EDGE_CURVE('',#10092,#10477,#10479,.T.);
#10477 = VERTEX_POINT('',#10478);
#10478 = CARTESIAN_POINT('',(7.5E-02,-0.925,-3.));
#10479 = LINE('',#10480,#10481);
#10480 = CARTESIAN_POINT('',(2.5E-02,-0.975,-3.05));
#10481 = VECTOR('',#10482,1.);
#10482 = DIRECTION('',(-0.57735026919,-0.57735026919,-0.57735026919));
#10483 = ORIENTED_EDGE('',*,*,#10484,.F.);
#10484 = EDGE_CURVE('',#10453,#10477,#10485,.T.);
#10485 = LINE('',#10486,#10487);
#10486 = CARTESIAN_POINT('',(7.5E-02,-1.15,-3.));
#10487 = VECTOR('',#10488,1.);
#10488 = DIRECTION('',(0.,1.,0.));
#10489 = PLANE('',#10490);
#10490 = AXIS2_PLACEMENT_3D('',#10491,#10492,#10493);
#10491 = CARTESIAN_POINT('',(0.1125,-1.15,-2.9625));
#10492 = DIRECTION('',(-0.707106781187,0.,0.707106781187));
#10493 = DIRECTION('',(0.,1.,0.));
#10494 = ADVANCED_FACE('',(#10495),#10513,.F.);
#10495 = FACE_BOUND('',#10496,.T.);
#10496 = EDGE_LOOP('',(#10497,#10505,#10506,#10507));
#10497 = ORIENTED_EDGE('',*,*,#10498,.F.);
#10498 = EDGE_CURVE('',#10116,#10499,#10501,.T.);
#10499 = VERTEX_POINT('',#10500);
#10500 = CARTESIAN_POINT('',(-7.5E-02,-0.925,-3.));
#10501 = LINE('',#10502,#10503);
#10502 = CARTESIAN_POINT('',(-7.5E-02,-0.925,-3.));
#10503 = VECTOR('',#10504,1.);
#10504 = DIRECTION('',(0.57735026919,-0.57735026919,-0.57735026919));
#10505 = ORIENTED_EDGE('',*,*,#10115,.T.);
#10506 = ORIENTED_EDGE('',*,*,#10476,.T.);
#10507 = ORIENTED_EDGE('',*,*,#10508,.F.);
#10508 = EDGE_CURVE('',#10499,#10477,#10509,.T.);
#10509 = LINE('',#10510,#10511);
#10510 = CARTESIAN_POINT('',(-0.15,-0.925,-3.));
#10511 = VECTOR('',#10512,1.);
#10512 = DIRECTION('',(1.,0.,0.));
#10513 = PLANE('',#10514);
#10514 = AXIS2_PLACEMENT_3D('',#10515,#10516,#10517);
#10515 = CARTESIAN_POINT('',(-0.15,-0.8875,-2.9625));
#10516 = DIRECTION('',(0.,-0.707106781187,0.707106781187));
#10517 = DIRECTION('',(-1.,0.,0.));
#10518 = ADVANCED_FACE('',(#10519),#10530,.T.);
#10519 = FACE_BOUND('',#10520,.T.);
#10520 = EDGE_LOOP('',(#10521,#10522,#10523,#10524));
#10521 = ORIENTED_EDGE('',*,*,#10443,.F.);
#10522 = ORIENTED_EDGE('',*,*,#10139,.T.);
#10523 = ORIENTED_EDGE('',*,*,#10498,.T.);
#10524 = ORIENTED_EDGE('',*,*,#10525,.F.);
#10525 = EDGE_CURVE('',#10444,#10499,#10526,.T.);
#10526 = LINE('',#10527,#10528);
#10527 = CARTESIAN_POINT('',(-7.5E-02,-1.15,-3.));
#10528 = VECTOR('',#10529,1.);
#10529 = DIRECTION('',(0.,1.,0.));
#10530 = PLANE('',#10531);
#10531 = AXIS2_PLACEMENT_3D('',#10532,#10533,#10534);
#10532 = CARTESIAN_POINT('',(-0.1125,-1.15,-2.9625));
#10533 = DIRECTION('',(-0.707106781187,0.,-0.707106781187));
#10534 = DIRECTION('',(0.,1.,0.));
#10535 = ADVANCED_FACE('',(#10536),#10561,.T.);
#10536 = FACE_BOUND('',#10537,.T.);
#10537 = EDGE_LOOP('',(#10538,#10546,#10547,#10555));
#10538 = ORIENTED_EDGE('',*,*,#10539,.F.);
#10539 = EDGE_CURVE('',#10156,#10540,#10542,.T.);
#10540 = VERTEX_POINT('',#10541);
#10541 = CARTESIAN_POINT('',(7.5E-02,-7.5E-02,4.8));
#10542 = LINE('',#10543,#10544);
#10543 = CARTESIAN_POINT('',(7.5E-02,-7.5E-02,4.8));
#10544 = VECTOR('',#10545,1.);
#10545 = DIRECTION('',(-0.57735026919,0.57735026919,0.57735026919));
#10546 = ORIENTED_EDGE('',*,*,#10172,.T.);
#10547 = ORIENTED_EDGE('',*,*,#10548,.T.);
#10548 = EDGE_CURVE('',#10165,#10549,#10551,.T.);
#10549 = VERTEX_POINT('',#10550);
#10550 = CARTESIAN_POINT('',(7.5E-02,7.5E-02,4.8));
#10551 = LINE('',#10552,#10553);
#10552 = CARTESIAN_POINT('',(2.5E-02,2.5E-02,4.85));
#10553 = VECTOR('',#10554,1.);
#10554 = DIRECTION('',(-0.57735026919,-0.57735026919,0.57735026919));
#10555 = ORIENTED_EDGE('',*,*,#10556,.F.);
#10556 = EDGE_CURVE('',#10540,#10549,#10557,.T.);
#10557 = LINE('',#10558,#10559);
#10558 = CARTESIAN_POINT('',(7.5E-02,-0.15,4.8));
#10559 = VECTOR('',#10560,1.);
#10560 = DIRECTION('',(0.,1.,0.));
#10561 = PLANE('',#10562);
#10562 = AXIS2_PLACEMENT_3D('',#10563,#10564,#10565);
#10563 = CARTESIAN_POINT('',(0.1125,-0.15,4.7625));
#10564 = DIRECTION('',(0.707106781187,0.,0.707106781187));
#10565 = DIRECTION('',(-0.,1.,0.));
#10566 = ADVANCED_FACE('',(#10567),#10585,.T.);
#10567 = FACE_BOUND('',#10568,.F.);
#10568 = EDGE_LOOP('',(#10569,#10577,#10578,#10579));
#10569 = ORIENTED_EDGE('',*,*,#10570,.F.);
#10570 = EDGE_CURVE('',#10189,#10571,#10573,.T.);
#10571 = VERTEX_POINT('',#10572);
#10572 = CARTESIAN_POINT('',(-7.5E-02,7.5E-02,4.8));
#10573 = LINE('',#10574,#10575);
#10574 = CARTESIAN_POINT('',(-7.5E-02,7.5E-02,4.8));
#10575 = VECTOR('',#10576,1.);
#10576 = DIRECTION('',(0.57735026919,-0.57735026919,0.57735026919));
#10577 = ORIENTED_EDGE('',*,*,#10196,.T.);
#10578 = ORIENTED_EDGE('',*,*,#10548,.T.);
#10579 = ORIENTED_EDGE('',*,*,#10580,.F.);
#10580 = EDGE_CURVE('',#10571,#10549,#10581,.T.);
#10581 = LINE('',#10582,#10583);
#10582 = CARTESIAN_POINT('',(-0.15,7.5E-02,4.8));
#10583 = VECTOR('',#10584,1.);
#10584 = DIRECTION('',(1.,0.,0.));
#10585 = PLANE('',#10586);
#10586 = AXIS2_PLACEMENT_3D('',#10587,#10588,#10589);
#10587 = CARTESIAN_POINT('',(-0.15,0.1125,4.7625));
#10588 = DIRECTION('',(0.,0.707106781187,0.707106781187));
#10589 = DIRECTION('',(-1.,0.,0.));
#10590 = ADVANCED_FACE('',(#10591),#10609,.F.);
#10591 = FACE_BOUND('',#10592,.F.);
#10592 = EDGE_LOOP('',(#10593,#10601,#10602,#10603));
#10593 = ORIENTED_EDGE('',*,*,#10594,.F.);
#10594 = EDGE_CURVE('',#10211,#10595,#10597,.T.);
#10595 = VERTEX_POINT('',#10596);
#10596 = CARTESIAN_POINT('',(-7.5E-02,-7.5E-02,4.8));
#10597 = LINE('',#10598,#10599);
#10598 = CARTESIAN_POINT('',(-0.125,-0.125,4.75));
#10599 = VECTOR('',#10600,1.);
#10600 = DIRECTION('',(0.57735026919,0.57735026919,0.57735026919));
#10601 = ORIENTED_EDGE('',*,*,#10220,.T.);
#10602 = ORIENTED_EDGE('',*,*,#10570,.T.);
#10603 = ORIENTED_EDGE('',*,*,#10604,.F.);
#10604 = EDGE_CURVE('',#10595,#10571,#10605,.T.);
#10605 = LINE('',#10606,#10607);
#10606 = CARTESIAN_POINT('',(-7.5E-02,-0.15,4.8));
#10607 = VECTOR('',#10608,1.);
#10608 = DIRECTION('',(0.,1.,0.));
#10609 = PLANE('',#10610);
#10610 = AXIS2_PLACEMENT_3D('',#10611,#10612,#10613);
#10611 = CARTESIAN_POINT('',(-0.1125,-0.15,4.7625));
#10612 = DIRECTION('',(0.707106781187,0.,-0.707106781187));
#10613 = DIRECTION('',(0.,1.,0.));
#10614 = ADVANCED_FACE('',(#10615),#10626,.F.);
#10615 = FACE_BOUND('',#10616,.T.);
#10616 = EDGE_LOOP('',(#10617,#10618,#10619,#10620));
#10617 = ORIENTED_EDGE('',*,*,#10594,.F.);
#10618 = ORIENTED_EDGE('',*,*,#10237,.T.);
#10619 = ORIENTED_EDGE('',*,*,#10539,.T.);
#10620 = ORIENTED_EDGE('',*,*,#10621,.F.);
#10621 = EDGE_CURVE('',#10595,#10540,#10622,.T.);
#10622 = LINE('',#10623,#10624);
#10623 = CARTESIAN_POINT('',(-0.15,-7.5E-02,4.8));
#10624 = VECTOR('',#10625,1.);
#10625 = DIRECTION('',(1.,0.,0.));
#10626 = PLANE('',#10627);
#10627 = AXIS2_PLACEMENT_3D('',#10628,#10629,#10630);
#10628 = CARTESIAN_POINT('',(-0.15,-0.1125,4.7625));
#10629 = DIRECTION('',(0.,0.707106781187,-0.707106781187));
#10630 = DIRECTION('',(-1.,0.,-0.));
#10631 = ADVANCED_FACE('',(#10632),#10657,.F.);
#10632 = FACE_BOUND('',#10633,.T.);
#10633 = EDGE_LOOP('',(#10634,#10642,#10643,#10651));
#10634 = ORIENTED_EDGE('',*,*,#10635,.F.);
#10635 = EDGE_CURVE('',#10261,#10636,#10638,.T.);
#10636 = VERTEX_POINT('',#10637);
#10637 = CARTESIAN_POINT('',(-7.5E-02,-1.075,4.8));
#10638 = LINE('',#10639,#10640);
#10639 = CARTESIAN_POINT('',(-0.125,-1.125,4.75));
#10640 = VECTOR('',#10641,1.);
#10641 = DIRECTION('',(0.57735026919,0.57735026919,0.57735026919));
#10642 = ORIENTED_EDGE('',*,*,#10268,.T.);
#10643 = ORIENTED_EDGE('',*,*,#10644,.T.);
#10644 = EDGE_CURVE('',#10252,#10645,#10647,.T.);
#10645 = VERTEX_POINT('',#10646);
#10646 = CARTESIAN_POINT('',(7.5E-02,-1.075,4.8));
#10647 = LINE('',#10648,#10649);
#10648 = CARTESIAN_POINT('',(7.5E-02,-1.075,4.8));
#10649 = VECTOR('',#10650,1.);
#10650 = DIRECTION('',(-0.57735026919,0.57735026919,0.57735026919));
#10651 = ORIENTED_EDGE('',*,*,#10652,.F.);
#10652 = EDGE_CURVE('',#10636,#10645,#10653,.T.);
#10653 = LINE('',#10654,#10655);
#10654 = CARTESIAN_POINT('',(-0.15,-1.075,4.8));
#10655 = VECTOR('',#10656,1.);
#10656 = DIRECTION('',(1.,0.,0.));
#10657 = PLANE('',#10658);
#10658 = AXIS2_PLACEMENT_3D('',#10659,#10660,#10661);
#10659 = CARTESIAN_POINT('',(-0.15,-1.1125,4.7625));
#10660 = DIRECTION('',(0.,0.707106781187,-0.707106781187));
#10661 = DIRECTION('',(-1.,0.,-0.));
#10662 = ADVANCED_FACE('',(#10663),#10681,.T.);
#10663 = FACE_BOUND('',#10664,.T.);
#10664 = EDGE_LOOP('',(#10665,#10666,#10667,#10675));
#10665 = ORIENTED_EDGE('',*,*,#10644,.F.);
#10666 = ORIENTED_EDGE('',*,*,#10292,.T.);
#10667 = ORIENTED_EDGE('',*,*,#10668,.T.);
#10668 = EDGE_CURVE('',#10285,#10669,#10671,.T.);
#10669 = VERTEX_POINT('',#10670);
#10670 = CARTESIAN_POINT('',(7.5E-02,-0.925,4.8));
#10671 = LINE('',#10672,#10673);
#10672 = CARTESIAN_POINT('',(2.5E-02,-0.975,4.85));
#10673 = VECTOR('',#10674,1.);
#10674 = DIRECTION('',(-0.57735026919,-0.57735026919,0.57735026919));
#10675 = ORIENTED_EDGE('',*,*,#10676,.F.);
#10676 = EDGE_CURVE('',#10645,#10669,#10677,.T.);
#10677 = LINE('',#10678,#10679);
#10678 = CARTESIAN_POINT('',(7.5E-02,-1.15,4.8));
#10679 = VECTOR('',#10680,1.);
#10680 = DIRECTION('',(0.,1.,0.));
#10681 = PLANE('',#10682);
#10682 = AXIS2_PLACEMENT_3D('',#10683,#10684,#10685);
#10683 = CARTESIAN_POINT('',(0.1125,-1.15,4.7625));
#10684 = DIRECTION('',(0.707106781187,0.,0.707106781187));
#10685 = DIRECTION('',(-0.,1.,0.));
#10686 = ADVANCED_FACE('',(#10687),#10705,.T.);
#10687 = FACE_BOUND('',#10688,.F.);
#10688 = EDGE_LOOP('',(#10689,#10697,#10698,#10699));
#10689 = ORIENTED_EDGE('',*,*,#10690,.F.);
#10690 = EDGE_CURVE('',#10309,#10691,#10693,.T.);
#10691 = VERTEX_POINT('',#10692);
#10692 = CARTESIAN_POINT('',(-7.5E-02,-0.925,4.8));
#10693 = LINE('',#10694,#10695);
#10694 = CARTESIAN_POINT('',(-7.5E-02,-0.925,4.8));
#10695 = VECTOR('',#10696,1.);
#10696 = DIRECTION('',(0.57735026919,-0.57735026919,0.57735026919));
#10697 = ORIENTED_EDGE('',*,*,#10316,.T.);
#10698 = ORIENTED_EDGE('',*,*,#10668,.T.);
#10699 = ORIENTED_EDGE('',*,*,#10700,.F.);
#10700 = EDGE_CURVE('',#10691,#10669,#10701,.T.);
#10701 = LINE('',#10702,#10703);
#10702 = CARTESIAN_POINT('',(-0.15,-0.925,4.8));
#10703 = VECTOR('',#10704,1.);
#10704 = DIRECTION('',(1.,0.,0.));
#10705 = PLANE('',#10706);
#10706 = AXIS2_PLACEMENT_3D('',#10707,#10708,#10709);
#10707 = CARTESIAN_POINT('',(-0.15,-0.8875,4.7625));
#10708 = DIRECTION('',(0.,0.707106781187,0.707106781187));
#10709 = DIRECTION('',(-1.,0.,0.));
#10710 = ADVANCED_FACE('',(#10711),#10722,.F.);
#10711 = FACE_BOUND('',#10712,.F.);
#10712 = EDGE_LOOP('',(#10713,#10714,#10715,#10716));
#10713 = ORIENTED_EDGE('',*,*,#10635,.F.);
#10714 = ORIENTED_EDGE('',*,*,#10333,.T.);
#10715 = ORIENTED_EDGE('',*,*,#10690,.T.);
#10716 = ORIENTED_EDGE('',*,*,#10717,.F.);
#10717 = EDGE_CURVE('',#10636,#10691,#10718,.T.);
#10718 = LINE('',#10719,#10720);
#10719 = CARTESIAN_POINT('',(-7.5E-02,-1.15,4.8));
#10720 = VECTOR('',#10721,1.);
#10721 = DIRECTION('',(0.,1.,0.));
#10722 = PLANE('',#10723);
#10723 = AXIS2_PLACEMENT_3D('',#10724,#10725,#10726);
#10724 = CARTESIAN_POINT('',(-0.1125,-1.15,4.7625));
#10725 = DIRECTION('',(0.707106781187,0.,-0.707106781187));
#10726 = DIRECTION('',(0.,1.,0.));
#10727 = ADVANCED_FACE('',(#10728),#10734,.F.);
#10728 = FACE_BOUND('',#10729,.F.);
#10729 = EDGE_LOOP('',(#10730,#10731,#10732,#10733));
#10730 = ORIENTED_EDGE('',*,*,#10364,.T.);
#10731 = ORIENTED_EDGE('',*,*,#10388,.F.);
#10732 = ORIENTED_EDGE('',*,*,#10412,.F.);
#10733 = ORIENTED_EDGE('',*,*,#10429,.T.);
#10734 = PLANE('',#10735);
#10735 = AXIS2_PLACEMENT_3D('',#10736,#10737,#10738);
#10736 = CARTESIAN_POINT('',(-0.15,-0.15,-3.));
#10737 = DIRECTION('',(0.,0.,1.));
#10738 = DIRECTION('',(1.,0.,-0.));
#10739 = ADVANCED_FACE('',(#10740),#10746,.F.);
#10740 = FACE_BOUND('',#10741,.F.);
#10741 = EDGE_LOOP('',(#10742,#10743,#10744,#10745));
#10742 = ORIENTED_EDGE('',*,*,#10484,.T.);
#10743 = ORIENTED_EDGE('',*,*,#10508,.F.);
#10744 = ORIENTED_EDGE('',*,*,#10525,.F.);
#10745 = ORIENTED_EDGE('',*,*,#10460,.T.);
#10746 = PLANE('',#10747);
#10747 = AXIS2_PLACEMENT_3D('',#10748,#10749,#10750);
#10748 = CARTESIAN_POINT('',(-0.15,-1.15,-3.));
#10749 = DIRECTION('',(0.,0.,1.));
#10750 = DIRECTION('',(1.,0.,-0.));
#10751 = ADVANCED_FACE('',(#10752),#10758,.T.);
#10752 = FACE_BOUND('',#10753,.T.);
#10753 = EDGE_LOOP('',(#10754,#10755,#10756,#10757));
#10754 = ORIENTED_EDGE('',*,*,#10604,.F.);
#10755 = ORIENTED_EDGE('',*,*,#10621,.T.);
#10756 = ORIENTED_EDGE('',*,*,#10556,.T.);
#10757 = ORIENTED_EDGE('',*,*,#10580,.F.);
#10758 = PLANE('',#10759);
#10759 = AXIS2_PLACEMENT_3D('',#10760,#10761,#10762);
#10760 = CARTESIAN_POINT('',(-0.15,-0.15,4.8));
#10761 = DIRECTION('',(0.,0.,1.));
#10762 = DIRECTION('',(1.,0.,-0.));
#10763 = ADVANCED_FACE('',(#10764),#10770,.T.);
#10764 = FACE_BOUND('',#10765,.T.);
#10765 = EDGE_LOOP('',(#10766,#10767,#10768,#10769));
#10766 = ORIENTED_EDGE('',*,*,#10717,.F.);
#10767 = ORIENTED_EDGE('',*,*,#10652,.T.);
#10768 = ORIENTED_EDGE('',*,*,#10676,.T.);
#10769 = ORIENTED_EDGE('',*,*,#10700,.F.);
#10770 = PLANE('',#10771);
#10771 = AXIS2_PLACEMENT_3D('',#10772,#10773,#10774);
#10772 = CARTESIAN_POINT('',(-0.15,-1.15,4.8));
#10773 = DIRECTION('',(0.,0.,1.));
#10774 = DIRECTION('',(1.,0.,-0.));
#10775 = ( GEOMETRIC_REPRESENTATION_CONTEXT(3) 
GLOBAL_UNCERTAINTY_ASSIGNED_CONTEXT((#10779)) 
GLOBAL_UNIT_ASSIGNED_CONTEXT((#10776,#10777,#10778)) 
REPRESENTATION_CONTEXT('Context #1',
  '3D Context with UNIT and UNCERTAINTY') );
#10776 = ( LENGTH_UNIT() NAMED_UNIT(*) SI_UNIT(.MILLI.,.METRE.) );
#10777 = ( NAMED_UNIT(*) PLANE_ANGLE_UNIT() SI_UNIT($,.RADIAN.) );
#10778 = ( NAMED_UNIT(*) SI_UNIT($,.STERADIAN.) SOLID_ANGLE_UNIT() );
#10779 = UNCERTAINTY_MEASURE_WITH_UNIT(LENGTH_MEASURE(1.E-07),#10776,
  'distance_accuracy_value','confusion accuracy');
#10780 = CONTEXT_DEPENDENT_SHAPE_REPRESENTATION(#10781,#10783);
#10781 = ( REPRESENTATION_RELATIONSHIP('','',#9342,#10) 
REPRESENTATION_RELATIONSHIP_WITH_TRANSFORMATION(#10782) 
SHAPE_REPRESENTATION_RELATIONSHIP() );
#10782 = ITEM_DEFINED_TRANSFORMATION('','',#11,#95);
#10783 = PRODUCT_DEFINITION_SHAPE('Placement','Placement of an item',
  #10784);
#10784 = NEXT_ASSEMBLY_USAGE_OCCURRENCE('21','SW1','',#5,#9337,$);
#10785 = PRODUCT_RELATED_PRODUCT_CATEGORY('part',$,(#9339));
#10786 = CONTEXT_DEPENDENT_SHAPE_REPRESENTATION(#10787,#10789);
#10787 = ( REPRESENTATION_RELATIONSHIP('','',#2576,#10) 
REPRESENTATION_RELATIONSHIP_WITH_TRANSFORMATION(#10788) 
SHAPE_REPRESENTATION_RELATIONSHIP() );
#10788 = ITEM_DEFINED_TRANSFORMATION('','',#11,#99);
#10789 = PRODUCT_DEFINITION_SHAPE('Placement','Placement of an item',
  #10790);
#10790 = NEXT_ASSEMBLY_USAGE_OCCURRENCE('22','R3','',#5,#2571,$);
#10791 = CONTEXT_DEPENDENT_SHAPE_REPRESENTATION(#10792,#10794);
#10792 = ( REPRESENTATION_RELATIONSHIP('','',#156,#10) 
REPRESENTATION_RELATIONSHIP_WITH_TRANSFORMATION(#10793) 
SHAPE_REPRESENTATION_RELATIONSHIP() );
#10793 = ITEM_DEFINED_TRANSFORMATION('','',#11,#103);
#10794 = PRODUCT_DEFINITION_SHAPE('Placement','Placement of an item',
  #10795);
#10795 = NEXT_ASSEMBLY_USAGE_OCCURRENCE('23','C8','',#5,#151,$);
#10796 = SHAPE_DEFINITION_REPRESENTATION(#10797,#10803);
#10797 = PRODUCT_DEFINITION_SHAPE('','',#10798);
#10798 = PRODUCT_DEFINITION('design','',#10799,#10802);
#10799 = PRODUCT_DEFINITION_FORMATION('','',#10800);
#10800 = PRODUCT('PinHeader_1x02_P2.54mm_Horizontal',
  'PinHeader_1x02_P2.54mm_Horizontal','',(#10801));
#10801 = PRODUCT_CONTEXT('',#2,'mechanical');
#10802 = PRODUCT_DEFINITION_CONTEXT('part definition',#2,'design');
#10803 = ADVANCED_BREP_SHAPE_REPRESENTATION('',(#11,#10804),#12438);
#10804 = MANIFOLD_SOLID_BREP('',#10805);
#10805 = CLOSED_SHELL('',(#10806,#10846,#10877,#10908,#11073,#11238,
    #11255,#11272,#11289,#11306,#11323,#11340,#11357,#11374,#11391,
    #11408,#11420,#11451,#11500,#11524,#11566,#11597,#11646,#11670,
    #11712,#11743,#11767,#11791,#11808,#11839,#11863,#11887,#11904,
    #11921,#11938,#11955,#11986,#12017,#12034,#12051,#12068,#12099,
    #12130,#12161,#12185,#12209,#12226,#12257,#12281,#12305,#12322,
    #12339,#12356,#12368,#12385,#12402,#12414,#12426));
#10806 = ADVANCED_FACE('',(#10807),#10841,.T.);
#10807 = FACE_BOUND('',#10808,.T.);
#10808 = EDGE_LOOP('',(#10809,#10819,#10827,#10835));
#10809 = ORIENTED_EDGE('',*,*,#10810,.T.);
#10810 = EDGE_CURVE('',#10811,#10813,#10815,.T.);
#10811 = VERTEX_POINT('',#10812);
#10812 = CARTESIAN_POINT('',(1.5,1.27,0.254));
#10813 = VERTEX_POINT('',#10814);
#10814 = CARTESIAN_POINT('',(4.04,1.27,0.254));
#10815 = LINE('',#10816,#10817);
#10816 = CARTESIAN_POINT('',(1.5,1.27,0.254));
#10817 = VECTOR('',#10818,1.);
#10818 = DIRECTION('',(1.,0.,0.));
#10819 = ORIENTED_EDGE('',*,*,#10820,.T.);
#10820 = EDGE_CURVE('',#10813,#10821,#10823,.T.);
#10821 = VERTEX_POINT('',#10822);
#10822 = CARTESIAN_POINT('',(4.04,1.016,0.));
#10823 = LINE('',#10824,#10825);
#10824 = CARTESIAN_POINT('',(4.04,1.27,0.254));
#10825 = VECTOR('',#10826,1.);
#10826 = DIRECTION('',(0.,-0.707106781187,-0.707106781187));
#10827 = ORIENTED_EDGE('',*,*,#10828,.F.);
#10828 = EDGE_CURVE('',#10829,#10821,#10831,.T.);
#10829 = VERTEX_POINT('',#10830);
#10830 = CARTESIAN_POINT('',(1.5,1.016,0.));
#10831 = LINE('',#10832,#10833);
#10832 = CARTESIAN_POINT('',(1.5,1.016,0.));
#10833 = VECTOR('',#10834,1.);
#10834 = DIRECTION('',(1.,0.,0.));
#10835 = ORIENTED_EDGE('',*,*,#10836,.F.);
#10836 = EDGE_CURVE('',#10811,#10829,#10837,.T.);
#10837 = LINE('',#10838,#10839);
#10838 = CARTESIAN_POINT('',(1.5,1.27,0.254));
#10839 = VECTOR('',#10840,1.);
#10840 = DIRECTION('',(0.,-0.707106781187,-0.707106781187));
#10841 = PLANE('',#10842);
#10842 = AXIS2_PLACEMENT_3D('',#10843,#10844,#10845);
#10843 = CARTESIAN_POINT('',(1.5,1.27,0.254));
#10844 = DIRECTION('',(0.,0.707106781187,-0.707106781187));
#10845 = DIRECTION('',(0.,-0.707106781187,-0.707106781187));
#10846 = ADVANCED_FACE('',(#10847),#10872,.T.);
#10847 = FACE_BOUND('',#10848,.T.);
#10848 = EDGE_LOOP('',(#10849,#10859,#10865,#10866));
#10849 = ORIENTED_EDGE('',*,*,#10850,.T.);
#10850 = EDGE_CURVE('',#10851,#10853,#10855,.T.);
#10851 = VERTEX_POINT('',#10852);
#10852 = CARTESIAN_POINT('',(1.5,1.27,2.286));
#10853 = VERTEX_POINT('',#10854);
#10854 = CARTESIAN_POINT('',(4.04,1.27,2.286));
#10855 = LINE('',#10856,#10857);
#10856 = CARTESIAN_POINT('',(1.5,1.27,2.286));
#10857 = VECTOR('',#10858,1.);
#10858 = DIRECTION('',(1.,0.,0.));
#10859 = ORIENTED_EDGE('',*,*,#10860,.T.);
#10860 = EDGE_CURVE('',#10853,#10813,#10861,.T.);
#10861 = LINE('',#10862,#10863);
#10862 = CARTESIAN_POINT('',(4.04,1.27,2.286));
#10863 = VECTOR('',#10864,1.);
#10864 = DIRECTION('',(0.,0.,-1.));
#10865 = ORIENTED_EDGE('',*,*,#10810,.F.);
#10866 = ORIENTED_EDGE('',*,*,#10867,.F.);
#10867 = EDGE_CURVE('',#10851,#10811,#10868,.T.);
#10868 = LINE('',#10869,#10870);
#10869 = CARTESIAN_POINT('',(1.5,1.27,2.286));
#10870 = VECTOR('',#10871,1.);
#10871 = DIRECTION('',(0.,0.,-1.));
#10872 = PLANE('',#10873);
#10873 = AXIS2_PLACEMENT_3D('',#10874,#10875,#10876);
#10874 = CARTESIAN_POINT('',(1.5,1.27,2.286));
#10875 = DIRECTION('',(0.,1.,0.));
#10876 = DIRECTION('',(0.,0.,-1.));
#10877 = ADVANCED_FACE('',(#10878),#10903,.T.);
#10878 = FACE_BOUND('',#10879,.T.);
#10879 = EDGE_LOOP('',(#10880,#10881,#10889,#10897));
#10880 = ORIENTED_EDGE('',*,*,#10828,.T.);
#10881 = ORIENTED_EDGE('',*,*,#10882,.T.);
#10882 = EDGE_CURVE('',#10821,#10883,#10885,.T.);
#10883 = VERTEX_POINT('',#10884);
#10884 = CARTESIAN_POINT('',(4.04,-1.016,0.));
#10885 = LINE('',#10886,#10887);
#10886 = CARTESIAN_POINT('',(4.04,1.016,0.));
#10887 = VECTOR('',#10888,1.);
#10888 = DIRECTION('',(0.,-1.,0.));
#10889 = ORIENTED_EDGE('',*,*,#10890,.F.);
#10890 = EDGE_CURVE('',#10891,#10883,#10893,.T.);
#10891 = VERTEX_POINT('',#10892);
#10892 = CARTESIAN_POINT('',(1.5,-1.016,0.));
#10893 = LINE('',#10894,#10895);
#10894 = CARTESIAN_POINT('',(1.5,-1.016,0.));
#10895 = VECTOR('',#10896,1.);
#10896 = DIRECTION('',(1.,0.,0.));
#10897 = ORIENTED_EDGE('',*,*,#10898,.F.);
#10898 = EDGE_CURVE('',#10829,#10891,#10899,.T.);
#10899 = LINE('',#10900,#10901);
#10900 = CARTESIAN_POINT('',(1.5,1.016,0.));
#10901 = VECTOR('',#10902,1.);
#10902 = DIRECTION('',(0.,-1.,0.));
#10903 = PLANE('',#10904);
#10904 = AXIS2_PLACEMENT_3D('',#10905,#10906,#10907);
#10905 = CARTESIAN_POINT('',(1.5,1.016,0.));
#10906 = DIRECTION('',(-0.,-0.,-1.));
#10907 = DIRECTION('',(0.,-1.,0.));
#10908 = ADVANCED_FACE('',(#10909,#11000,#11034),#11068,.T.);
#10909 = FACE_BOUND('',#10910,.T.);
#10910 = EDGE_LOOP('',(#10911,#10912,#10913,#10921,#10929,#10937,#10945,
    #10953,#10961,#10969,#10977,#10985,#10993,#10999));
#10911 = ORIENTED_EDGE('',*,*,#10836,.T.);
#10912 = ORIENTED_EDGE('',*,*,#10898,.T.);
#10913 = ORIENTED_EDGE('',*,*,#10914,.T.);
#10914 = EDGE_CURVE('',#10891,#10915,#10917,.T.);
#10915 = VERTEX_POINT('',#10916);
#10916 = CARTESIAN_POINT('',(1.5,-1.27,0.254));
#10917 = LINE('',#10918,#10919);
#10918 = CARTESIAN_POINT('',(1.5,-1.016,0.));
#10919 = VECTOR('',#10920,1.);
#10920 = DIRECTION('',(0.,-0.707106781187,0.707106781187));
#10921 = ORIENTED_EDGE('',*,*,#10922,.T.);
#10922 = EDGE_CURVE('',#10915,#10923,#10925,.T.);
#10923 = VERTEX_POINT('',#10924);
#10924 = CARTESIAN_POINT('',(1.5,-1.524,0.));
#10925 = LINE('',#10926,#10927);
#10926 = CARTESIAN_POINT('',(1.5,-1.27,0.254));
#10927 = VECTOR('',#10928,1.);
#10928 = DIRECTION('',(0.,-0.707106781187,-0.707106781187));
#10929 = ORIENTED_EDGE('',*,*,#10930,.T.);
#10930 = EDGE_CURVE('',#10923,#10931,#10933,.T.);
#10931 = VERTEX_POINT('',#10932);
#10932 = CARTESIAN_POINT('',(1.5,-3.556,0.));
#10933 = LINE('',#10934,#10935);
#10934 = CARTESIAN_POINT('',(1.5,-1.524,0.));
#10935 = VECTOR('',#10936,1.);
#10936 = DIRECTION('',(0.,-1.,0.));
#10937 = ORIENTED_EDGE('',*,*,#10938,.T.);
#10938 = EDGE_CURVE('',#10931,#10939,#10941,.T.);
#10939 = VERTEX_POINT('',#10940);
#10940 = CARTESIAN_POINT('',(1.5,-3.81,0.254));
#10941 = LINE('',#10942,#10943);
#10942 = CARTESIAN_POINT('',(1.5,-3.556,0.));
#10943 = VECTOR('',#10944,1.);
#10944 = DIRECTION('',(0.,-0.707106781187,0.707106781187));
#10945 = ORIENTED_EDGE('',*,*,#10946,.T.);
#10946 = EDGE_CURVE('',#10939,#10947,#10949,.T.);
#10947 = VERTEX_POINT('',#10948);
#10948 = CARTESIAN_POINT('',(1.5,-3.81,2.286));
#10949 = LINE('',#10950,#10951);
#10950 = CARTESIAN_POINT('',(1.5,-3.81,0.254));
#10951 = VECTOR('',#10952,1.);
#10952 = DIRECTION('',(0.,0.,1.));
#10953 = ORIENTED_EDGE('',*,*,#10954,.T.);
#10954 = EDGE_CURVE('',#10947,#10955,#10957,.T.);
#10955 = VERTEX_POINT('',#10956);
#10956 = CARTESIAN_POINT('',(1.5,-3.556,2.54));
#10957 = LINE('',#10958,#10959);
#10958 = CARTESIAN_POINT('',(1.5,-3.81,2.286));
#10959 = VECTOR('',#10960,1.);
#10960 = DIRECTION('',(0.,0.707106781187,0.707106781187));
#10961 = ORIENTED_EDGE('',*,*,#10962,.T.);
#10962 = EDGE_CURVE('',#10955,#10963,#10965,.T.);
#10963 = VERTEX_POINT('',#10964);
#10964 = CARTESIAN_POINT('',(1.5,-1.524,2.54));
#10965 = LINE('',#10966,#10967);
#10966 = CARTESIAN_POINT('',(1.5,-3.556,2.54));
#10967 = VECTOR('',#10968,1.);
#10968 = DIRECTION('',(0.,1.,0.));
#10969 = ORIENTED_EDGE('',*,*,#10970,.T.);
#10970 = EDGE_CURVE('',#10963,#10971,#10973,.T.);
#10971 = VERTEX_POINT('',#10972);
#10972 = CARTESIAN_POINT('',(1.5,-1.27,2.286));
#10973 = LINE('',#10974,#10975);
#10974 = CARTESIAN_POINT('',(1.5,-1.524,2.54));
#10975 = VECTOR('',#10976,1.);
#10976 = DIRECTION('',(0.,0.707106781187,-0.707106781187));
#10977 = ORIENTED_EDGE('',*,*,#10978,.T.);
#10978 = EDGE_CURVE('',#10971,#10979,#10981,.T.);
#10979 = VERTEX_POINT('',#10980);
#10980 = CARTESIAN_POINT('',(1.5,-1.016,2.54));
#10981 = LINE('',#10982,#10983);
#10982 = CARTESIAN_POINT('',(1.5,-1.27,2.286));
#10983 = VECTOR('',#10984,1.);
#10984 = DIRECTION('',(0.,0.707106781187,0.707106781187));
#10985 = ORIENTED_EDGE('',*,*,#10986,.T.);
#10986 = EDGE_CURVE('',#10979,#10987,#10989,.T.);
#10987 = VERTEX_POINT('',#10988);
#10988 = CARTESIAN_POINT('',(1.5,1.016,2.54));
#10989 = LINE('',#10990,#10991);
#10990 = CARTESIAN_POINT('',(1.5,-1.016,2.54));
#10991 = VECTOR('',#10992,1.);
#10992 = DIRECTION('',(0.,1.,0.));
#10993 = ORIENTED_EDGE('',*,*,#10994,.T.);
#10994 = EDGE_CURVE('',#10987,#10851,#10995,.T.);
#10995 = LINE('',#10996,#10997);
#10996 = CARTESIAN_POINT('',(1.5,1.016,2.54));
#10997 = VECTOR('',#10998,1.);
#10998 = DIRECTION('',(0.,0.707106781187,-0.707106781187));
#10999 = ORIENTED_EDGE('',*,*,#10867,.T.);
#11000 = FACE_BOUND('',#11001,.T.);
#11001 = EDGE_LOOP('',(#11002,#11012,#11020,#11028));
#11002 = ORIENTED_EDGE('',*,*,#11003,.F.);
#11003 = EDGE_CURVE('',#11004,#11006,#11008,.T.);
#11004 = VERTEX_POINT('',#11005);
#11005 = CARTESIAN_POINT('',(1.5,0.32,0.95));
#11006 = VERTEX_POINT('',#11007);
#11007 = CARTESIAN_POINT('',(1.5,-0.32,0.95));
#11008 = LINE('',#11009,#11010);
#11009 = CARTESIAN_POINT('',(1.5,-0.475,0.95));
#11010 = VECTOR('',#11011,1.);
#11011 = DIRECTION('',(-3.925005374637E-32,-1.,0.));
#11012 = ORIENTED_EDGE('',*,*,#11013,.F.);
#11013 = EDGE_CURVE('',#11014,#11004,#11016,.T.);
#11014 = VERTEX_POINT('',#11015);
#11015 = CARTESIAN_POINT('',(1.5,0.32,1.59));
#11016 = LINE('',#11017,#11018);
#11017 = CARTESIAN_POINT('',(1.5,0.32,0.924540133779));
#11018 = VECTOR('',#11019,1.);
#11019 = DIRECTION('',(3.797522772768E-32,6.630961875715E-34,-1.));
#11020 = ORIENTED_EDGE('',*,*,#11021,.F.);
#11021 = EDGE_CURVE('',#11022,#11014,#11024,.T.);
#11022 = VERTEX_POINT('',#11023);
#11023 = CARTESIAN_POINT('',(1.5,-0.32,1.59));
#11024 = LINE('',#11025,#11026);
#11025 = CARTESIAN_POINT('',(1.5,-0.475,1.59));
#11026 = VECTOR('',#11027,1.);
#11027 = DIRECTION('',(3.925005374637E-32,1.,8.412415711776E-49));
#11028 = ORIENTED_EDGE('',*,*,#11029,.T.);
#11029 = EDGE_CURVE('',#11022,#11006,#11030,.T.);
#11030 = LINE('',#11031,#11032);
#11031 = CARTESIAN_POINT('',(1.5,-0.32,0.924540133779));
#11032 = VECTOR('',#11033,1.);
#11033 = DIRECTION('',(3.797522772768E-32,6.630961875715E-34,-1.));
#11034 = FACE_BOUND('',#11035,.T.);
#11035 = EDGE_LOOP('',(#11036,#11046,#11054,#11062));
#11036 = ORIENTED_EDGE('',*,*,#11037,.F.);
#11037 = EDGE_CURVE('',#11038,#11040,#11042,.T.);
#11038 = VERTEX_POINT('',#11039);
#11039 = CARTESIAN_POINT('',(1.5,-2.22,0.95));
#11040 = VERTEX_POINT('',#11041);
#11041 = CARTESIAN_POINT('',(1.5,-2.86,0.95));
#11042 = LINE('',#11043,#11044);
#11043 = CARTESIAN_POINT('',(1.5,-1.745,0.95));
#11044 = VECTOR('',#11045,1.);
#11045 = DIRECTION('',(-3.925005374637E-32,-1.,0.));
#11046 = ORIENTED_EDGE('',*,*,#11047,.F.);
#11047 = EDGE_CURVE('',#11048,#11038,#11050,.T.);
#11048 = VERTEX_POINT('',#11049);
#11049 = CARTESIAN_POINT('',(1.5,-2.22,1.59));
#11050 = LINE('',#11051,#11052);
#11051 = CARTESIAN_POINT('',(1.5,-2.22,0.924540133779));
#11052 = VECTOR('',#11053,1.);
#11053 = DIRECTION('',(3.797522772768E-32,6.630961875715E-34,-1.));
#11054 = ORIENTED_EDGE('',*,*,#11055,.F.);
#11055 = EDGE_CURVE('',#11056,#11048,#11058,.T.);
#11056 = VERTEX_POINT('',#11057);
#11057 = CARTESIAN_POINT('',(1.5,-2.86,1.59));
#11058 = LINE('',#11059,#11060);
#11059 = CARTESIAN_POINT('',(1.5,-1.745,1.59));
#11060 = VECTOR('',#11061,1.);
#11061 = DIRECTION('',(3.925005374637E-32,1.,8.412415711776E-49));
#11062 = ORIENTED_EDGE('',*,*,#11063,.T.);
#11063 = EDGE_CURVE('',#11056,#11040,#11064,.T.);
#11064 = LINE('',#11065,#11066);
#11065 = CARTESIAN_POINT('',(1.5,-2.86,0.924540133779));
#11066 = VECTOR('',#11067,1.);
#11067 = DIRECTION('',(3.797522772768E-32,6.630961875715E-34,-1.));
#11068 = PLANE('',#11069);
#11069 = AXIS2_PLACEMENT_3D('',#11070,#11071,#11072);
#11070 = CARTESIAN_POINT('',(1.5,-1.27,1.27));
#11071 = DIRECTION('',(-1.,3.925005374637E-32,-3.797522772768E-32));
#11072 = DIRECTION('',(-3.925005374637E-32,-1.,0.));
#11073 = ADVANCED_FACE('',(#11074,#11165,#11199),#11233,.F.);
#11074 = FACE_BOUND('',#11075,.F.);
#11075 = EDGE_LOOP('',(#11076,#11077,#11078,#11086,#11094,#11102,#11110,
    #11118,#11126,#11134,#11142,#11150,#11158,#11164));
#11076 = ORIENTED_EDGE('',*,*,#10820,.T.);
#11077 = ORIENTED_EDGE('',*,*,#10882,.T.);
#11078 = ORIENTED_EDGE('',*,*,#11079,.T.);
#11079 = EDGE_CURVE('',#10883,#11080,#11082,.T.);
#11080 = VERTEX_POINT('',#11081);
#11081 = CARTESIAN_POINT('',(4.04,-1.27,0.254));
#11082 = LINE('',#11083,#11084);
#11083 = CARTESIAN_POINT('',(4.04,-1.016,0.));
#11084 = VECTOR('',#11085,1.);
#11085 = DIRECTION('',(0.,-0.707106781187,0.707106781187));
#11086 = ORIENTED_EDGE('',*,*,#11087,.T.);
#11087 = EDGE_CURVE('',#11080,#11088,#11090,.T.);
#11088 = VERTEX_POINT('',#11089);
#11089 = CARTESIAN_POINT('',(4.04,-1.524,0.));
#11090 = LINE('',#11091,#11092);
#11091 = CARTESIAN_POINT('',(4.04,-1.27,0.254));
#11092 = VECTOR('',#11093,1.);
#11093 = DIRECTION('',(0.,-0.707106781187,-0.707106781187));
#11094 = ORIENTED_EDGE('',*,*,#11095,.T.);
#11095 = EDGE_CURVE('',#11088,#11096,#11098,.T.);
#11096 = VERTEX_POINT('',#11097);
#11097 = CARTESIAN_POINT('',(4.04,-3.556,0.));
#11098 = LINE('',#11099,#11100);
#11099 = CARTESIAN_POINT('',(4.04,-1.524,0.));
#11100 = VECTOR('',#11101,1.);
#11101 = DIRECTION('',(0.,-1.,0.));
#11102 = ORIENTED_EDGE('',*,*,#11103,.T.);
#11103 = EDGE_CURVE('',#11096,#11104,#11106,.T.);
#11104 = VERTEX_POINT('',#11105);
#11105 = CARTESIAN_POINT('',(4.04,-3.81,0.254));
#11106 = LINE('',#11107,#11108);
#11107 = CARTESIAN_POINT('',(4.04,-3.556,0.));
#11108 = VECTOR('',#11109,1.);
#11109 = DIRECTION('',(0.,-0.707106781187,0.707106781187));
#11110 = ORIENTED_EDGE('',*,*,#11111,.T.);
#11111 = EDGE_CURVE('',#11104,#11112,#11114,.T.);
#11112 = VERTEX_POINT('',#11113);
#11113 = CARTESIAN_POINT('',(4.04,-3.81,2.286));
#11114 = LINE('',#11115,#11116);
#11115 = CARTESIAN_POINT('',(4.04,-3.81,0.254));
#11116 = VECTOR('',#11117,1.);
#11117 = DIRECTION('',(0.,0.,1.));
#11118 = ORIENTED_EDGE('',*,*,#11119,.T.);
#11119 = EDGE_CURVE('',#11112,#11120,#11122,.T.);
#11120 = VERTEX_POINT('',#11121);
#11121 = CARTESIAN_POINT('',(4.04,-3.556,2.54));
#11122 = LINE('',#11123,#11124);
#11123 = CARTESIAN_POINT('',(4.04,-3.81,2.286));
#11124 = VECTOR('',#11125,1.);
#11125 = DIRECTION('',(0.,0.707106781187,0.707106781187));
#11126 = ORIENTED_EDGE('',*,*,#11127,.T.);
#11127 = EDGE_CURVE('',#11120,#11128,#11130,.T.);
#11128 = VERTEX_POINT('',#11129);
#11129 = CARTESIAN_POINT('',(4.04,-1.524,2.54));
#11130 = LINE('',#11131,#11132);
#11131 = CARTESIAN_POINT('',(4.04,-3.556,2.54));
#11132 = VECTOR('',#11133,1.);
#11133 = DIRECTION('',(0.,1.,0.));
#11134 = ORIENTED_EDGE('',*,*,#11135,.T.);
#11135 = EDGE_CURVE('',#11128,#11136,#11138,.T.);
#11136 = VERTEX_POINT('',#11137);
#11137 = CARTESIAN_POINT('',(4.04,-1.27,2.286));
#11138 = LINE('',#11139,#11140);
#11139 = CARTESIAN_POINT('',(4.04,-1.524,2.54));
#11140 = VECTOR('',#11141,1.);
#11141 = DIRECTION('',(0.,0.707106781187,-0.707106781187));
#11142 = ORIENTED_EDGE('',*,*,#11143,.T.);
#11143 = EDGE_CURVE('',#11136,#11144,#11146,.T.);
#11144 = VERTEX_POINT('',#11145);
#11145 = CARTESIAN_POINT('',(4.04,-1.016,2.54));
#11146 = LINE('',#11147,#11148);
#11147 = CARTESIAN_POINT('',(4.04,-1.27,2.286));
#11148 = VECTOR('',#11149,1.);
#11149 = DIRECTION('',(0.,0.707106781187,0.707106781187));
#11150 = ORIENTED_EDGE('',*,*,#11151,.T.);
#11151 = EDGE_CURVE('',#11144,#11152,#11154,.T.);
#11152 = VERTEX_POINT('',#11153);
#11153 = CARTESIAN_POINT('',(4.04,1.016,2.54));
#11154 = LINE('',#11155,#11156);
#11155 = CARTESIAN_POINT('',(4.04,-1.016,2.54));
#11156 = VECTOR('',#11157,1.);
#11157 = DIRECTION('',(0.,1.,0.));
#11158 = ORIENTED_EDGE('',*,*,#11159,.T.);
#11159 = EDGE_CURVE('',#11152,#10853,#11160,.T.);
#11160 = LINE('',#11161,#11162);
#11161 = CARTESIAN_POINT('',(4.04,1.016,2.54));
#11162 = VECTOR('',#11163,1.);
#11163 = DIRECTION('',(0.,0.707106781187,-0.707106781187));
#11164 = ORIENTED_EDGE('',*,*,#10860,.T.);
#11165 = FACE_BOUND('',#11166,.F.);
#11166 = EDGE_LOOP('',(#11167,#11177,#11185,#11193));
#11167 = ORIENTED_EDGE('',*,*,#11168,.F.);
#11168 = EDGE_CURVE('',#11169,#11171,#11173,.T.);
#11169 = VERTEX_POINT('',#11170);
#11170 = CARTESIAN_POINT('',(4.04,0.32,0.95));
#11171 = VERTEX_POINT('',#11172);
#11172 = CARTESIAN_POINT('',(4.04,-0.32,0.95));
#11173 = LINE('',#11174,#11175);
#11174 = CARTESIAN_POINT('',(4.04,-0.475,0.95));
#11175 = VECTOR('',#11176,1.);
#11176 = DIRECTION('',(-3.925005374637E-32,-1.,0.));
#11177 = ORIENTED_EDGE('',*,*,#11178,.F.);
#11178 = EDGE_CURVE('',#11179,#11169,#11181,.T.);
#11179 = VERTEX_POINT('',#11180);
#11180 = CARTESIAN_POINT('',(4.04,0.32,1.59));
#11181 = LINE('',#11182,#11183);
#11182 = CARTESIAN_POINT('',(4.04,0.32,0.924540133779));
#11183 = VECTOR('',#11184,1.);
#11184 = DIRECTION('',(3.797522772768E-32,6.630961875715E-34,-1.));
#11185 = ORIENTED_EDGE('',*,*,#11186,.F.);
#11186 = EDGE_CURVE('',#11187,#11179,#11189,.T.);
#11187 = VERTEX_POINT('',#11188);
#11188 = CARTESIAN_POINT('',(4.04,-0.32,1.59));
#11189 = LINE('',#11190,#11191);
#11190 = CARTESIAN_POINT('',(4.04,-0.475,1.59));
#11191 = VECTOR('',#11192,1.);
#11192 = DIRECTION('',(3.925005374637E-32,1.,8.412415711776E-49));
#11193 = ORIENTED_EDGE('',*,*,#11194,.T.);
#11194 = EDGE_CURVE('',#11187,#11171,#11195,.T.);
#11195 = LINE('',#11196,#11197);
#11196 = CARTESIAN_POINT('',(4.04,-0.32,0.924540133779));
#11197 = VECTOR('',#11198,1.);
#11198 = DIRECTION('',(3.797522772768E-32,6.630961875715E-34,-1.));
#11199 = FACE_BOUND('',#11200,.F.);
#11200 = EDGE_LOOP('',(#11201,#11211,#11219,#11227));
#11201 = ORIENTED_EDGE('',*,*,#11202,.F.);
#11202 = EDGE_CURVE('',#11203,#11205,#11207,.T.);
#11203 = VERTEX_POINT('',#11204);
#11204 = CARTESIAN_POINT('',(4.04,-2.22,0.95));
#11205 = VERTEX_POINT('',#11206);
#11206 = CARTESIAN_POINT('',(4.04,-2.86,0.95));
#11207 = LINE('',#11208,#11209);
#11208 = CARTESIAN_POINT('',(4.04,-1.745,0.95));
#11209 = VECTOR('',#11210,1.);
#11210 = DIRECTION('',(-3.925005374637E-32,-1.,0.));
#11211 = ORIENTED_EDGE('',*,*,#11212,.F.);
#11212 = EDGE_CURVE('',#11213,#11203,#11215,.T.);
#11213 = VERTEX_POINT('',#11214);
#11214 = CARTESIAN_POINT('',(4.04,-2.22,1.59));
#11215 = LINE('',#11216,#11217);
#11216 = CARTESIAN_POINT('',(4.04,-2.22,0.924540133779));
#11217 = VECTOR('',#11218,1.);
#11218 = DIRECTION('',(3.797522772768E-32,6.630961875715E-34,-1.));
#11219 = ORIENTED_EDGE('',*,*,#11220,.F.);
#11220 = EDGE_CURVE('',#11221,#11213,#11223,.T.);
#11221 = VERTEX_POINT('',#11222);
#11222 = CARTESIAN_POINT('',(4.04,-2.86,1.59));
#11223 = LINE('',#11224,#11225);
#11224 = CARTESIAN_POINT('',(4.04,-1.745,1.59));
#11225 = VECTOR('',#11226,1.);
#11226 = DIRECTION('',(3.925005374637E-32,1.,8.412415711776E-49));
#11227 = ORIENTED_EDGE('',*,*,#11228,.T.);
#11228 = EDGE_CURVE('',#11221,#11205,#11229,.T.);
#11229 = LINE('',#11230,#11231);
#11230 = CARTESIAN_POINT('',(4.04,-2.86,0.924540133779));
#11231 = VECTOR('',#11232,1.);
#11232 = DIRECTION('',(3.797522772768E-32,6.630961875715E-34,-1.));
#11233 = PLANE('',#11234);
#11234 = AXIS2_PLACEMENT_3D('',#11235,#11236,#11237);
#11235 = CARTESIAN_POINT('',(4.04,-1.27,1.27));
#11236 = DIRECTION('',(-1.,3.925005374637E-32,-3.797522772768E-32));
#11237 = DIRECTION('',(-3.925005374637E-32,-1.,0.));
#11238 = ADVANCED_FACE('',(#11239),#11250,.T.);
#11239 = FACE_BOUND('',#11240,.T.);
#11240 = EDGE_LOOP('',(#11241,#11247,#11248,#11249));
#11241 = ORIENTED_EDGE('',*,*,#11242,.T.);
#11242 = EDGE_CURVE('',#10987,#11152,#11243,.T.);
#11243 = LINE('',#11244,#11245);
#11244 = CARTESIAN_POINT('',(1.5,1.016,2.54));
#11245 = VECTOR('',#11246,1.);
#11246 = DIRECTION('',(1.,0.,0.));
#11247 = ORIENTED_EDGE('',*,*,#11159,.T.);
#11248 = ORIENTED_EDGE('',*,*,#10850,.F.);
#11249 = ORIENTED_EDGE('',*,*,#10994,.F.);
#11250 = PLANE('',#11251);
#11251 = AXIS2_PLACEMENT_3D('',#11252,#11253,#11254);
#11252 = CARTESIAN_POINT('',(1.5,1.016,2.54));
#11253 = DIRECTION('',(0.,0.707106781187,0.707106781187));
#11254 = DIRECTION('',(0.,0.707106781187,-0.707106781187));
#11255 = ADVANCED_FACE('',(#11256),#11267,.T.);
#11256 = FACE_BOUND('',#11257,.T.);
#11257 = EDGE_LOOP('',(#11258,#11259,#11260,#11266));
#11258 = ORIENTED_EDGE('',*,*,#10890,.T.);
#11259 = ORIENTED_EDGE('',*,*,#11079,.T.);
#11260 = ORIENTED_EDGE('',*,*,#11261,.F.);
#11261 = EDGE_CURVE('',#10915,#11080,#11262,.T.);
#11262 = LINE('',#11263,#11264);
#11263 = CARTESIAN_POINT('',(1.5,-1.27,0.254));
#11264 = VECTOR('',#11265,1.);
#11265 = DIRECTION('',(1.,0.,0.));
#11266 = ORIENTED_EDGE('',*,*,#10914,.F.);
#11267 = PLANE('',#11268);
#11268 = AXIS2_PLACEMENT_3D('',#11269,#11270,#11271);
#11269 = CARTESIAN_POINT('',(1.5,-1.016,0.));
#11270 = DIRECTION('',(-0.,-0.707106781187,-0.707106781187));
#11271 = DIRECTION('',(0.,-0.707106781187,0.707106781187));
#11272 = ADVANCED_FACE('',(#11273),#11284,.T.);
#11273 = FACE_BOUND('',#11274,.T.);
#11274 = EDGE_LOOP('',(#11275,#11281,#11282,#11283));
#11275 = ORIENTED_EDGE('',*,*,#11276,.T.);
#11276 = EDGE_CURVE('',#10979,#11144,#11277,.T.);
#11277 = LINE('',#11278,#11279);
#11278 = CARTESIAN_POINT('',(1.5,-1.016,2.54));
#11279 = VECTOR('',#11280,1.);
#11280 = DIRECTION('',(1.,0.,0.));
#11281 = ORIENTED_EDGE('',*,*,#11151,.T.);
#11282 = ORIENTED_EDGE('',*,*,#11242,.F.);
#11283 = ORIENTED_EDGE('',*,*,#10986,.F.);
#11284 = PLANE('',#11285);
#11285 = AXIS2_PLACEMENT_3D('',#11286,#11287,#11288);
#11286 = CARTESIAN_POINT('',(1.5,-1.016,2.54));
#11287 = DIRECTION('',(0.,0.,1.));
#11288 = DIRECTION('',(0.,1.,0.));
#11289 = ADVANCED_FACE('',(#11290),#11301,.T.);
#11290 = FACE_BOUND('',#11291,.T.);
#11291 = EDGE_LOOP('',(#11292,#11293,#11294,#11300));
#11292 = ORIENTED_EDGE('',*,*,#11261,.T.);
#11293 = ORIENTED_EDGE('',*,*,#11087,.T.);
#11294 = ORIENTED_EDGE('',*,*,#11295,.F.);
#11295 = EDGE_CURVE('',#10923,#11088,#11296,.T.);
#11296 = LINE('',#11297,#11298);
#11297 = CARTESIAN_POINT('',(1.5,-1.524,0.));
#11298 = VECTOR('',#11299,1.);
#11299 = DIRECTION('',(1.,0.,0.));
#11300 = ORIENTED_EDGE('',*,*,#10922,.F.);
#11301 = PLANE('',#11302);
#11302 = AXIS2_PLACEMENT_3D('',#11303,#11304,#11305);
#11303 = CARTESIAN_POINT('',(1.5,-1.27,0.254));
#11304 = DIRECTION('',(0.,0.707106781187,-0.707106781187));
#11305 = DIRECTION('',(0.,-0.707106781187,-0.707106781187));
#11306 = ADVANCED_FACE('',(#11307),#11318,.T.);
#11307 = FACE_BOUND('',#11308,.T.);
#11308 = EDGE_LOOP('',(#11309,#11315,#11316,#11317));
#11309 = ORIENTED_EDGE('',*,*,#11310,.T.);
#11310 = EDGE_CURVE('',#10971,#11136,#11311,.T.);
#11311 = LINE('',#11312,#11313);
#11312 = CARTESIAN_POINT('',(1.5,-1.27,2.286));
#11313 = VECTOR('',#11314,1.);
#11314 = DIRECTION('',(1.,0.,0.));
#11315 = ORIENTED_EDGE('',*,*,#11143,.T.);
#11316 = ORIENTED_EDGE('',*,*,#11276,.F.);
#11317 = ORIENTED_EDGE('',*,*,#10978,.F.);
#11318 = PLANE('',#11319);
#11319 = AXIS2_PLACEMENT_3D('',#11320,#11321,#11322);
#11320 = CARTESIAN_POINT('',(1.5,-1.27,2.286));
#11321 = DIRECTION('',(0.,-0.707106781187,0.707106781187));
#11322 = DIRECTION('',(0.,0.707106781187,0.707106781187));
#11323 = ADVANCED_FACE('',(#11324),#11335,.T.);
#11324 = FACE_BOUND('',#11325,.T.);
#11325 = EDGE_LOOP('',(#11326,#11327,#11328,#11334));
#11326 = ORIENTED_EDGE('',*,*,#11295,.T.);
#11327 = ORIENTED_EDGE('',*,*,#11095,.T.);
#11328 = ORIENTED_EDGE('',*,*,#11329,.F.);
#11329 = EDGE_CURVE('',#10931,#11096,#11330,.T.);
#11330 = LINE('',#11331,#11332);
#11331 = CARTESIAN_POINT('',(1.5,-3.556,0.));
#11332 = VECTOR('',#11333,1.);
#11333 = DIRECTION('',(1.,0.,0.));
#11334 = ORIENTED_EDGE('',*,*,#10930,.F.);
#11335 = PLANE('',#11336);
#11336 = AXIS2_PLACEMENT_3D('',#11337,#11338,#11339);
#11337 = CARTESIAN_POINT('',(1.5,-1.524,0.));
#11338 = DIRECTION('',(-0.,-0.,-1.));
#11339 = DIRECTION('',(0.,-1.,0.));
#11340 = ADVANCED_FACE('',(#11341),#11352,.T.);
#11341 = FACE_BOUND('',#11342,.T.);
#11342 = EDGE_LOOP('',(#11343,#11349,#11350,#11351));
#11343 = ORIENTED_EDGE('',*,*,#11344,.T.);
#11344 = EDGE_CURVE('',#10963,#11128,#11345,.T.);
#11345 = LINE('',#11346,#11347);
#11346 = CARTESIAN_POINT('',(1.5,-1.524,2.54));
#11347 = VECTOR('',#11348,1.);
#11348 = DIRECTION('',(1.,0.,0.));
#11349 = ORIENTED_EDGE('',*,*,#11135,.T.);
#11350 = ORIENTED_EDGE('',*,*,#11310,.F.);
#11351 = ORIENTED_EDGE('',*,*,#10970,.F.);
#11352 = PLANE('',#11353);
#11353 = AXIS2_PLACEMENT_3D('',#11354,#11355,#11356);
#11354 = CARTESIAN_POINT('',(1.5,-1.524,2.54));
#11355 = DIRECTION('',(0.,0.707106781187,0.707106781187));
#11356 = DIRECTION('',(0.,0.707106781187,-0.707106781187));
#11357 = ADVANCED_FACE('',(#11358),#11369,.T.);
#11358 = FACE_BOUND('',#11359,.T.);
#11359 = EDGE_LOOP('',(#11360,#11361,#11362,#11368));
#11360 = ORIENTED_EDGE('',*,*,#11329,.T.);
#11361 = ORIENTED_EDGE('',*,*,#11103,.T.);
#11362 = ORIENTED_EDGE('',*,*,#11363,.F.);
#11363 = EDGE_CURVE('',#10939,#11104,#11364,.T.);
#11364 = LINE('',#11365,#11366);
#11365 = CARTESIAN_POINT('',(1.5,-3.81,0.254));
#11366 = VECTOR('',#11367,1.);
#11367 = DIRECTION('',(1.,0.,0.));
#11368 = ORIENTED_EDGE('',*,*,#10938,.F.);
#11369 = PLANE('',#11370);
#11370 = AXIS2_PLACEMENT_3D('',#11371,#11372,#11373);
#11371 = CARTESIAN_POINT('',(1.5,-3.556,0.));
#11372 = DIRECTION('',(-0.,-0.707106781187,-0.707106781187));
#11373 = DIRECTION('',(0.,-0.707106781187,0.707106781187));
#11374 = ADVANCED_FACE('',(#11375),#11386,.T.);
#11375 = FACE_BOUND('',#11376,.T.);
#11376 = EDGE_LOOP('',(#11377,#11383,#11384,#11385));
#11377 = ORIENTED_EDGE('',*,*,#11378,.T.);
#11378 = EDGE_CURVE('',#10955,#11120,#11379,.T.);
#11379 = LINE('',#11380,#11381);
#11380 = CARTESIAN_POINT('',(1.5,-3.556,2.54));
#11381 = VECTOR('',#11382,1.);
#11382 = DIRECTION('',(1.,0.,0.));
#11383 = ORIENTED_EDGE('',*,*,#11127,.T.);
#11384 = ORIENTED_EDGE('',*,*,#11344,.F.);
#11385 = ORIENTED_EDGE('',*,*,#10962,.F.);
#11386 = PLANE('',#11387);
#11387 = AXIS2_PLACEMENT_3D('',#11388,#11389,#11390);
#11388 = CARTESIAN_POINT('',(1.5,-3.556,2.54));
#11389 = DIRECTION('',(0.,0.,1.));
#11390 = DIRECTION('',(0.,1.,0.));
#11391 = ADVANCED_FACE('',(#11392),#11403,.T.);
#11392 = FACE_BOUND('',#11393,.T.);
#11393 = EDGE_LOOP('',(#11394,#11395,#11396,#11402));
#11394 = ORIENTED_EDGE('',*,*,#11363,.T.);
#11395 = ORIENTED_EDGE('',*,*,#11111,.T.);
#11396 = ORIENTED_EDGE('',*,*,#11397,.F.);
#11397 = EDGE_CURVE('',#10947,#11112,#11398,.T.);
#11398 = LINE('',#11399,#11400);
#11399 = CARTESIAN_POINT('',(1.5,-3.81,2.286));
#11400 = VECTOR('',#11401,1.);
#11401 = DIRECTION('',(1.,0.,0.));
#11402 = ORIENTED_EDGE('',*,*,#10946,.F.);
#11403 = PLANE('',#11404);
#11404 = AXIS2_PLACEMENT_3D('',#11405,#11406,#11407);
#11405 = CARTESIAN_POINT('',(1.5,-3.81,0.254));
#11406 = DIRECTION('',(0.,-1.,0.));
#11407 = DIRECTION('',(0.,0.,1.));
#11408 = ADVANCED_FACE('',(#11409),#11415,.T.);
#11409 = FACE_BOUND('',#11410,.T.);
#11410 = EDGE_LOOP('',(#11411,#11412,#11413,#11414));
#11411 = ORIENTED_EDGE('',*,*,#11397,.T.);
#11412 = ORIENTED_EDGE('',*,*,#11119,.T.);
#11413 = ORIENTED_EDGE('',*,*,#11378,.F.);
#11414 = ORIENTED_EDGE('',*,*,#10954,.F.);
#11415 = PLANE('',#11416);
#11416 = AXIS2_PLACEMENT_3D('',#11417,#11418,#11419);
#11417 = CARTESIAN_POINT('',(1.5,-3.81,2.286));
#11418 = DIRECTION('',(0.,-0.707106781187,0.707106781187));
#11419 = DIRECTION('',(0.,0.707106781187,0.707106781187));
#11420 = ADVANCED_FACE('',(#11421),#11446,.T.);
#11421 = FACE_BOUND('',#11422,.T.);
#11422 = EDGE_LOOP('',(#11423,#11431,#11432,#11440));
#11423 = ORIENTED_EDGE('',*,*,#11424,.F.);
#11424 = EDGE_CURVE('',#11004,#11425,#11427,.T.);
#11425 = VERTEX_POINT('',#11426);
#11426 = CARTESIAN_POINT('',(0.32,0.32,0.95));
#11427 = LINE('',#11428,#11429);
#11428 = CARTESIAN_POINT('',(10.04,0.32,0.95));
#11429 = VECTOR('',#11430,1.);
#11430 = DIRECTION('',(-1.,0.,0.));
#11431 = ORIENTED_EDGE('',*,*,#11003,.T.);
#11432 = ORIENTED_EDGE('',*,*,#11433,.T.);
#11433 = EDGE_CURVE('',#11006,#11434,#11436,.T.);
#11434 = VERTEX_POINT('',#11435);
#11435 = CARTESIAN_POINT('',(0.32,-0.32,0.95));
#11436 = LINE('',#11437,#11438);
#11437 = CARTESIAN_POINT('',(10.04,-0.32,0.95));
#11438 = VECTOR('',#11439,1.);
#11439 = DIRECTION('',(-1.,0.,0.));
#11440 = ORIENTED_EDGE('',*,*,#11441,.F.);
#11441 = EDGE_CURVE('',#11425,#11434,#11442,.T.);
#11442 = LINE('',#11443,#11444);
#11443 = CARTESIAN_POINT('',(0.32,0.32,0.95));
#11444 = VECTOR('',#11445,1.);
#11445 = DIRECTION('',(0.,-1.,0.));
#11446 = PLANE('',#11447);
#11447 = AXIS2_PLACEMENT_3D('',#11448,#11449,#11450);
#11448 = CARTESIAN_POINT('',(10.04,0.32,0.95));
#11449 = DIRECTION('',(-0.,-0.,-1.));
#11450 = DIRECTION('',(-1.,0.,0.));
#11451 = ADVANCED_FACE('',(#11452),#11495,.F.);
#11452 = FACE_BOUND('',#11453,.F.);
#11453 = EDGE_LOOP('',(#11454,#11465,#11471,#11472,#11473,#11481,#11489)
  );
#11454 = ORIENTED_EDGE('',*,*,#11455,.T.);
#11455 = EDGE_CURVE('',#11456,#11458,#11460,.T.);
#11456 = VERTEX_POINT('',#11457);
#11457 = CARTESIAN_POINT('',(-0.32,-0.32,0.95));
#11458 = VERTEX_POINT('',#11459);
#11459 = CARTESIAN_POINT('',(0.32,-0.32,1.59));
#11460 = CIRCLE('',#11461,0.64);
#11461 = AXIS2_PLACEMENT_3D('',#11462,#11463,#11464);
#11462 = CARTESIAN_POINT('',(0.32,-0.32,0.95));
#11463 = DIRECTION('',(0.,1.,0.));
#11464 = DIRECTION('',(0.,0.,-1.));
#11465 = ORIENTED_EDGE('',*,*,#11466,.T.);
#11466 = EDGE_CURVE('',#11458,#11022,#11467,.T.);
#11467 = LINE('',#11468,#11469);
#11468 = CARTESIAN_POINT('',(-0.32,-0.32,1.59));
#11469 = VECTOR('',#11470,1.);
#11470 = DIRECTION('',(1.,0.,2.143287692327E-17));
#11471 = ORIENTED_EDGE('',*,*,#11029,.T.);
#11472 = ORIENTED_EDGE('',*,*,#11433,.T.);
#11473 = ORIENTED_EDGE('',*,*,#11474,.T.);
#11474 = EDGE_CURVE('',#11434,#11475,#11477,.T.);
#11475 = VERTEX_POINT('',#11476);
#11476 = CARTESIAN_POINT('',(0.32,-0.32,-2.84));
#11477 = LINE('',#11478,#11479);
#11478 = CARTESIAN_POINT('',(0.32,-0.32,0.95));
#11479 = VECTOR('',#11480,1.);
#11480 = DIRECTION('',(0.,0.,-1.));
#11481 = ORIENTED_EDGE('',*,*,#11482,.T.);
#11482 = EDGE_CURVE('',#11475,#11483,#11485,.T.);
#11483 = VERTEX_POINT('',#11484);
#11484 = CARTESIAN_POINT('',(-0.32,-0.32,-2.84));
#11485 = LINE('',#11486,#11487);
#11486 = CARTESIAN_POINT('',(0.32,-0.32,-2.84));
#11487 = VECTOR('',#11488,1.);
#11488 = DIRECTION('',(-1.,0.,0.));
#11489 = ORIENTED_EDGE('',*,*,#11490,.T.);
#11490 = EDGE_CURVE('',#11483,#11456,#11491,.T.);
#11491 = LINE('',#11492,#11493);
#11492 = CARTESIAN_POINT('',(-0.32,-0.32,-3.));
#11493 = VECTOR('',#11494,1.);
#11494 = DIRECTION('',(0.,0.,1.));
#11495 = PLANE('',#11496);
#11496 = AXIS2_PLACEMENT_3D('',#11497,#11498,#11499);
#11497 = CARTESIAN_POINT('',(3.575919732441,-0.32,0.579080267559));
#11498 = DIRECTION('',(1.030170245606E-33,1.,6.630961875715E-34));
#11499 = DIRECTION('',(1.,-1.030170245606E-33,-3.284969231842E-83));
#11500 = ADVANCED_FACE('',(#11501),#11519,.T.);
#11501 = FACE_BOUND('',#11502,.T.);
#11502 = EDGE_LOOP('',(#11503,#11511,#11517,#11518));
#11503 = ORIENTED_EDGE('',*,*,#11504,.F.);
#11504 = EDGE_CURVE('',#11505,#11014,#11507,.T.);
#11505 = VERTEX_POINT('',#11506);
#11506 = CARTESIAN_POINT('',(0.32,0.32,1.59));
#11507 = LINE('',#11508,#11509);
#11508 = CARTESIAN_POINT('',(-0.32,0.32,1.59));
#11509 = VECTOR('',#11510,1.);
#11510 = DIRECTION('',(1.,0.,2.143287692327E-17));
#11511 = ORIENTED_EDGE('',*,*,#11512,.T.);
#11512 = EDGE_CURVE('',#11505,#11458,#11513,.T.);
#11513 = LINE('',#11514,#11515);
#11514 = CARTESIAN_POINT('',(0.32,0.32,1.59));
#11515 = VECTOR('',#11516,1.);
#11516 = DIRECTION('',(0.,-1.,0.));
#11517 = ORIENTED_EDGE('',*,*,#11466,.T.);
#11518 = ORIENTED_EDGE('',*,*,#11021,.T.);
#11519 = PLANE('',#11520);
#11520 = AXIS2_PLACEMENT_3D('',#11521,#11522,#11523);
#11521 = CARTESIAN_POINT('',(-0.32,0.32,1.59));
#11522 = DIRECTION('',(-2.143287692327E-17,0.,1.));
#11523 = DIRECTION('',(1.,0.,2.143287692327E-17));
#11524 = ADVANCED_FACE('',(#11525),#11561,.T.);
#11525 = FACE_BOUND('',#11526,.T.);
#11526 = EDGE_LOOP('',(#11527,#11536,#11537,#11538,#11539,#11547,#11555)
  );
#11527 = ORIENTED_EDGE('',*,*,#11528,.T.);
#11528 = EDGE_CURVE('',#11529,#11505,#11531,.T.);
#11529 = VERTEX_POINT('',#11530);
#11530 = CARTESIAN_POINT('',(-0.32,0.32,0.95));
#11531 = CIRCLE('',#11532,0.64);
#11532 = AXIS2_PLACEMENT_3D('',#11533,#11534,#11535);
#11533 = CARTESIAN_POINT('',(0.32,0.32,0.95));
#11534 = DIRECTION('',(0.,1.,0.));
#11535 = DIRECTION('',(0.,0.,-1.));
#11536 = ORIENTED_EDGE('',*,*,#11504,.T.);
#11537 = ORIENTED_EDGE('',*,*,#11013,.T.);
#11538 = ORIENTED_EDGE('',*,*,#11424,.T.);
#11539 = ORIENTED_EDGE('',*,*,#11540,.T.);
#11540 = EDGE_CURVE('',#11425,#11541,#11543,.T.);
#11541 = VERTEX_POINT('',#11542);
#11542 = CARTESIAN_POINT('',(0.32,0.32,-2.84));
#11543 = LINE('',#11544,#11545);
#11544 = CARTESIAN_POINT('',(0.32,0.32,0.95));
#11545 = VECTOR('',#11546,1.);
#11546 = DIRECTION('',(0.,0.,-1.));
#11547 = ORIENTED_EDGE('',*,*,#11548,.T.);
#11548 = EDGE_CURVE('',#11541,#11549,#11551,.T.);
#11549 = VERTEX_POINT('',#11550);
#11550 = CARTESIAN_POINT('',(-0.32,0.32,-2.84));
#11551 = LINE('',#11552,#11553);
#11552 = CARTESIAN_POINT('',(0.32,0.32,-2.84));
#11553 = VECTOR('',#11554,1.);
#11554 = DIRECTION('',(-1.,0.,0.));
#11555 = ORIENTED_EDGE('',*,*,#11556,.T.);
#11556 = EDGE_CURVE('',#11549,#11529,#11557,.T.);
#11557 = LINE('',#11558,#11559);
#11558 = CARTESIAN_POINT('',(-0.32,0.32,-3.));
#11559 = VECTOR('',#11560,1.);
#11560 = DIRECTION('',(0.,0.,1.));
#11561 = PLANE('',#11562);
#11562 = AXIS2_PLACEMENT_3D('',#11563,#11564,#11565);
#11563 = CARTESIAN_POINT('',(3.575919732441,0.32,0.579080267559));
#11564 = DIRECTION('',(1.030170245606E-33,1.,6.630961875715E-34));
#11565 = DIRECTION('',(1.,-1.030170245606E-33,-3.284969231842E-83));
#11566 = ADVANCED_FACE('',(#11567),#11592,.T.);
#11567 = FACE_BOUND('',#11568,.T.);
#11568 = EDGE_LOOP('',(#11569,#11577,#11578,#11586));
#11569 = ORIENTED_EDGE('',*,*,#11570,.F.);
#11570 = EDGE_CURVE('',#11038,#11571,#11573,.T.);
#11571 = VERTEX_POINT('',#11572);
#11572 = CARTESIAN_POINT('',(0.32,-2.22,0.95));
#11573 = LINE('',#11574,#11575);
#11574 = CARTESIAN_POINT('',(10.04,-2.22,0.95));
#11575 = VECTOR('',#11576,1.);
#11576 = DIRECTION('',(-1.,0.,0.));
#11577 = ORIENTED_EDGE('',*,*,#11037,.T.);
#11578 = ORIENTED_EDGE('',*,*,#11579,.T.);
#11579 = EDGE_CURVE('',#11040,#11580,#11582,.T.);
#11580 = VERTEX_POINT('',#11581);
#11581 = CARTESIAN_POINT('',(0.32,-2.86,0.95));
#11582 = LINE('',#11583,#11584);
#11583 = CARTESIAN_POINT('',(10.04,-2.86,0.95));
#11584 = VECTOR('',#11585,1.);
#11585 = DIRECTION('',(-1.,0.,0.));
#11586 = ORIENTED_EDGE('',*,*,#11587,.F.);
#11587 = EDGE_CURVE('',#11571,#11580,#11588,.T.);
#11588 = LINE('',#11589,#11590);
#11589 = CARTESIAN_POINT('',(0.32,-2.22,0.95));
#11590 = VECTOR('',#11591,1.);
#11591 = DIRECTION('',(0.,-1.,0.));
#11592 = PLANE('',#11593);
#11593 = AXIS2_PLACEMENT_3D('',#11594,#11595,#11596);
#11594 = CARTESIAN_POINT('',(10.04,-2.22,0.95));
#11595 = DIRECTION('',(-0.,-0.,-1.));
#11596 = DIRECTION('',(-1.,0.,0.));
#11597 = ADVANCED_FACE('',(#11598),#11641,.F.);
#11598 = FACE_BOUND('',#11599,.F.);
#11599 = EDGE_LOOP('',(#11600,#11611,#11617,#11618,#11619,#11627,#11635)
  );
#11600 = ORIENTED_EDGE('',*,*,#11601,.T.);
#11601 = EDGE_CURVE('',#11602,#11604,#11606,.T.);
#11602 = VERTEX_POINT('',#11603);
#11603 = CARTESIAN_POINT('',(-0.32,-2.86,0.95));
#11604 = VERTEX_POINT('',#11605);
#11605 = CARTESIAN_POINT('',(0.32,-2.86,1.59));
#11606 = CIRCLE('',#11607,0.64);
#11607 = AXIS2_PLACEMENT_3D('',#11608,#11609,#11610);
#11608 = CARTESIAN_POINT('',(0.32,-2.86,0.95));
#11609 = DIRECTION('',(0.,1.,0.));
#11610 = DIRECTION('',(0.,0.,-1.));
#11611 = ORIENTED_EDGE('',*,*,#11612,.T.);
#11612 = EDGE_CURVE('',#11604,#11056,#11613,.T.);
#11613 = LINE('',#11614,#11615);
#11614 = CARTESIAN_POINT('',(-0.32,-2.86,1.59));
#11615 = VECTOR('',#11616,1.);
#11616 = DIRECTION('',(1.,0.,2.143287692327E-17));
#11617 = ORIENTED_EDGE('',*,*,#11063,.T.);
#11618 = ORIENTED_EDGE('',*,*,#11579,.T.);
#11619 = ORIENTED_EDGE('',*,*,#11620,.T.);
#11620 = EDGE_CURVE('',#11580,#11621,#11623,.T.);
#11621 = VERTEX_POINT('',#11622);
#11622 = CARTESIAN_POINT('',(0.32,-2.86,-2.84));
#11623 = LINE('',#11624,#11625);
#11624 = CARTESIAN_POINT('',(0.32,-2.86,0.95));
#11625 = VECTOR('',#11626,1.);
#11626 = DIRECTION('',(0.,0.,-1.));
#11627 = ORIENTED_EDGE('',*,*,#11628,.T.);
#11628 = EDGE_CURVE('',#11621,#11629,#11631,.T.);
#11629 = VERTEX_POINT('',#11630);
#11630 = CARTESIAN_POINT('',(-0.32,-2.86,-2.84));
#11631 = LINE('',#11632,#11633);
#11632 = CARTESIAN_POINT('',(0.32,-2.86,-2.84));
#11633 = VECTOR('',#11634,1.);
#11634 = DIRECTION('',(-1.,0.,0.));
#11635 = ORIENTED_EDGE('',*,*,#11636,.T.);
#11636 = EDGE_CURVE('',#11629,#11602,#11637,.T.);
#11637 = LINE('',#11638,#11639);
#11638 = CARTESIAN_POINT('',(-0.32,-2.86,-3.));
#11639 = VECTOR('',#11640,1.);
#11640 = DIRECTION('',(0.,0.,1.));
#11641 = PLANE('',#11642);
#11642 = AXIS2_PLACEMENT_3D('',#11643,#11644,#11645);
#11643 = CARTESIAN_POINT('',(3.575919732441,-2.86,0.579080267559));
#11644 = DIRECTION('',(1.030170245606E-33,1.,6.630961875715E-34));
#11645 = DIRECTION('',(1.,-1.030170245606E-33,-3.284969231842E-83));
#11646 = ADVANCED_FACE('',(#11647),#11665,.T.);
#11647 = FACE_BOUND('',#11648,.T.);
#11648 = EDGE_LOOP('',(#11649,#11657,#11663,#11664));
#11649 = ORIENTED_EDGE('',*,*,#11650,.F.);
#11650 = EDGE_CURVE('',#11651,#11048,#11653,.T.);
#11651 = VERTEX_POINT('',#11652);
#11652 = CARTESIAN_POINT('',(0.32,-2.22,1.59));
#11653 = LINE('',#11654,#11655);
#11654 = CARTESIAN_POINT('',(-0.32,-2.22,1.59));
#11655 = VECTOR('',#11656,1.);
#11656 = DIRECTION('',(1.,0.,2.143287692327E-17));
#11657 = ORIENTED_EDGE('',*,*,#11658,.T.);
#11658 = EDGE_CURVE('',#11651,#11604,#11659,.T.);
#11659 = LINE('',#11660,#11661);
#11660 = CARTESIAN_POINT('',(0.32,-2.22,1.59));
#11661 = VECTOR('',#11662,1.);
#11662 = DIRECTION('',(0.,-1.,0.));
#11663 = ORIENTED_EDGE('',*,*,#11612,.T.);
#11664 = ORIENTED_EDGE('',*,*,#11055,.T.);
#11665 = PLANE('',#11666);
#11666 = AXIS2_PLACEMENT_3D('',#11667,#11668,#11669);
#11667 = CARTESIAN_POINT('',(-0.32,-2.22,1.59));
#11668 = DIRECTION('',(-2.143287692327E-17,0.,1.));
#11669 = DIRECTION('',(1.,0.,2.143287692327E-17));
#11670 = ADVANCED_FACE('',(#11671),#11707,.T.);
#11671 = FACE_BOUND('',#11672,.T.);
#11672 = EDGE_LOOP('',(#11673,#11682,#11683,#11684,#11685,#11693,#11701)
  );
#11673 = ORIENTED_EDGE('',*,*,#11674,.T.);
#11674 = EDGE_CURVE('',#11675,#11651,#11677,.T.);
#11675 = VERTEX_POINT('',#11676);
#11676 = CARTESIAN_POINT('',(-0.32,-2.22,0.95));
#11677 = CIRCLE('',#11678,0.64);
#11678 = AXIS2_PLACEMENT_3D('',#11679,#11680,#11681);
#11679 = CARTESIAN_POINT('',(0.32,-2.22,0.95));
#11680 = DIRECTION('',(0.,1.,0.));
#11681 = DIRECTION('',(0.,0.,-1.));
#11682 = ORIENTED_EDGE('',*,*,#11650,.T.);
#11683 = ORIENTED_EDGE('',*,*,#11047,.T.);
#11684 = ORIENTED_EDGE('',*,*,#11570,.T.);
#11685 = ORIENTED_EDGE('',*,*,#11686,.T.);
#11686 = EDGE_CURVE('',#11571,#11687,#11689,.T.);
#11687 = VERTEX_POINT('',#11688);
#11688 = CARTESIAN_POINT('',(0.32,-2.22,-2.84));
#11689 = LINE('',#11690,#11691);
#11690 = CARTESIAN_POINT('',(0.32,-2.22,0.95));
#11691 = VECTOR('',#11692,1.);
#11692 = DIRECTION('',(0.,0.,-1.));
#11693 = ORIENTED_EDGE('',*,*,#11694,.T.);
#11694 = EDGE_CURVE('',#11687,#11695,#11697,.T.);
#11695 = VERTEX_POINT('',#11696);
#11696 = CARTESIAN_POINT('',(-0.32,-2.22,-2.84));
#11697 = LINE('',#11698,#11699);
#11698 = CARTESIAN_POINT('',(0.32,-2.22,-2.84));
#11699 = VECTOR('',#11700,1.);
#11700 = DIRECTION('',(-1.,0.,0.));
#11701 = ORIENTED_EDGE('',*,*,#11702,.T.);
#11702 = EDGE_CURVE('',#11695,#11675,#11703,.T.);
#11703 = LINE('',#11704,#11705);
#11704 = CARTESIAN_POINT('',(-0.32,-2.22,-3.));
#11705 = VECTOR('',#11706,1.);
#11706 = DIRECTION('',(0.,0.,1.));
#11707 = PLANE('',#11708);
#11708 = AXIS2_PLACEMENT_3D('',#11709,#11710,#11711);
#11709 = CARTESIAN_POINT('',(3.575919732441,-2.22,0.579080267559));
#11710 = DIRECTION('',(1.030170245606E-33,1.,6.630961875715E-34));
#11711 = DIRECTION('',(1.,-1.030170245606E-33,-3.284969231842E-83));
#11712 = ADVANCED_FACE('',(#11713),#11738,.T.);
#11713 = FACE_BOUND('',#11714,.T.);
#11714 = EDGE_LOOP('',(#11715,#11723,#11731,#11737));
#11715 = ORIENTED_EDGE('',*,*,#11716,.F.);
#11716 = EDGE_CURVE('',#11717,#11169,#11719,.T.);
#11717 = VERTEX_POINT('',#11718);
#11718 = CARTESIAN_POINT('',(9.88,0.32,0.95));
#11719 = LINE('',#11720,#11721);
#11720 = CARTESIAN_POINT('',(10.04,0.32,0.95));
#11721 = VECTOR('',#11722,1.);
#11722 = DIRECTION('',(-1.,0.,0.));
#11723 = ORIENTED_EDGE('',*,*,#11724,.T.);
#11724 = EDGE_CURVE('',#11717,#11725,#11727,.T.);
#11725 = VERTEX_POINT('',#11726);
#11726 = CARTESIAN_POINT('',(9.88,-0.32,0.95));
#11727 = LINE('',#11728,#11729);
#11728 = CARTESIAN_POINT('',(9.88,0.32,0.95));
#11729 = VECTOR('',#11730,1.);
#11730 = DIRECTION('',(0.,-1.,0.));
#11731 = ORIENTED_EDGE('',*,*,#11732,.T.);
#11732 = EDGE_CURVE('',#11725,#11171,#11733,.T.);
#11733 = LINE('',#11734,#11735);
#11734 = CARTESIAN_POINT('',(10.04,-0.32,0.95));
#11735 = VECTOR('',#11736,1.);
#11736 = DIRECTION('',(-1.,0.,0.));
#11737 = ORIENTED_EDGE('',*,*,#11168,.F.);
#11738 = PLANE('',#11739);
#11739 = AXIS2_PLACEMENT_3D('',#11740,#11741,#11742);
#11740 = CARTESIAN_POINT('',(10.04,0.32,0.95));
#11741 = DIRECTION('',(-0.,-0.,-1.));
#11742 = DIRECTION('',(-1.,0.,0.));
#11743 = ADVANCED_FACE('',(#11744),#11762,.F.);
#11744 = FACE_BOUND('',#11745,.F.);
#11745 = EDGE_LOOP('',(#11746,#11747,#11755,#11761));
#11746 = ORIENTED_EDGE('',*,*,#11194,.F.);
#11747 = ORIENTED_EDGE('',*,*,#11748,.T.);
#11748 = EDGE_CURVE('',#11187,#11749,#11751,.T.);
#11749 = VERTEX_POINT('',#11750);
#11750 = CARTESIAN_POINT('',(9.88,-0.32,1.59));
#11751 = LINE('',#11752,#11753);
#11752 = CARTESIAN_POINT('',(-0.32,-0.32,1.59));
#11753 = VECTOR('',#11754,1.);
#11754 = DIRECTION('',(1.,0.,2.143287692327E-17));
#11755 = ORIENTED_EDGE('',*,*,#11756,.T.);
#11756 = EDGE_CURVE('',#11749,#11725,#11757,.T.);
#11757 = LINE('',#11758,#11759);
#11758 = CARTESIAN_POINT('',(9.88,-0.32,1.59));
#11759 = VECTOR('',#11760,1.);
#11760 = DIRECTION('',(0.,0.,-1.));
#11761 = ORIENTED_EDGE('',*,*,#11732,.T.);
#11762 = PLANE('',#11763);
#11763 = AXIS2_PLACEMENT_3D('',#11764,#11765,#11766);
#11764 = CARTESIAN_POINT('',(3.575919732441,-0.32,0.579080267559));
#11765 = DIRECTION('',(1.030170245606E-33,1.,6.630961875715E-34));
#11766 = DIRECTION('',(1.,-1.030170245606E-33,-3.284969231842E-83));
#11767 = ADVANCED_FACE('',(#11768),#11786,.T.);
#11768 = FACE_BOUND('',#11769,.T.);
#11769 = EDGE_LOOP('',(#11770,#11778,#11779,#11780));
#11770 = ORIENTED_EDGE('',*,*,#11771,.F.);
#11771 = EDGE_CURVE('',#11179,#11772,#11774,.T.);
#11772 = VERTEX_POINT('',#11773);
#11773 = CARTESIAN_POINT('',(9.88,0.32,1.59));
#11774 = LINE('',#11775,#11776);
#11775 = CARTESIAN_POINT('',(-0.32,0.32,1.59));
#11776 = VECTOR('',#11777,1.);
#11777 = DIRECTION('',(1.,0.,2.143287692327E-17));
#11778 = ORIENTED_EDGE('',*,*,#11186,.F.);
#11779 = ORIENTED_EDGE('',*,*,#11748,.T.);
#11780 = ORIENTED_EDGE('',*,*,#11781,.F.);
#11781 = EDGE_CURVE('',#11772,#11749,#11782,.T.);
#11782 = LINE('',#11783,#11784);
#11783 = CARTESIAN_POINT('',(9.88,0.32,1.59));
#11784 = VECTOR('',#11785,1.);
#11785 = DIRECTION('',(0.,-1.,0.));
#11786 = PLANE('',#11787);
#11787 = AXIS2_PLACEMENT_3D('',#11788,#11789,#11790);
#11788 = CARTESIAN_POINT('',(-0.32,0.32,1.59));
#11789 = DIRECTION('',(-2.143287692327E-17,0.,1.));
#11790 = DIRECTION('',(1.,0.,2.143287692327E-17));
#11791 = ADVANCED_FACE('',(#11792),#11803,.T.);
#11792 = FACE_BOUND('',#11793,.T.);
#11793 = EDGE_LOOP('',(#11794,#11795,#11796,#11802));
#11794 = ORIENTED_EDGE('',*,*,#11178,.F.);
#11795 = ORIENTED_EDGE('',*,*,#11771,.T.);
#11796 = ORIENTED_EDGE('',*,*,#11797,.T.);
#11797 = EDGE_CURVE('',#11772,#11717,#11798,.T.);
#11798 = LINE('',#11799,#11800);
#11799 = CARTESIAN_POINT('',(9.88,0.32,1.59));
#11800 = VECTOR('',#11801,1.);
#11801 = DIRECTION('',(0.,0.,-1.));
#11802 = ORIENTED_EDGE('',*,*,#11716,.T.);
#11803 = PLANE('',#11804);
#11804 = AXIS2_PLACEMENT_3D('',#11805,#11806,#11807);
#11805 = CARTESIAN_POINT('',(3.575919732441,0.32,0.579080267559));
#11806 = DIRECTION('',(1.030170245606E-33,1.,6.630961875715E-34));
#11807 = DIRECTION('',(1.,-1.030170245606E-33,-3.284969231842E-83));
#11808 = ADVANCED_FACE('',(#11809),#11834,.T.);
#11809 = FACE_BOUND('',#11810,.T.);
#11810 = EDGE_LOOP('',(#11811,#11819,#11827,#11833));
#11811 = ORIENTED_EDGE('',*,*,#11812,.F.);
#11812 = EDGE_CURVE('',#11813,#11203,#11815,.T.);
#11813 = VERTEX_POINT('',#11814);
#11814 = CARTESIAN_POINT('',(9.88,-2.22,0.95));
#11815 = LINE('',#11816,#11817);
#11816 = CARTESIAN_POINT('',(10.04,-2.22,0.95));
#11817 = VECTOR('',#11818,1.);
#11818 = DIRECTION('',(-1.,0.,0.));
#11819 = ORIENTED_EDGE('',*,*,#11820,.T.);
#11820 = EDGE_CURVE('',#11813,#11821,#11823,.T.);
#11821 = VERTEX_POINT('',#11822);
#11822 = CARTESIAN_POINT('',(9.88,-2.86,0.95));
#11823 = LINE('',#11824,#11825);
#11824 = CARTESIAN_POINT('',(9.88,-2.22,0.95));
#11825 = VECTOR('',#11826,1.);
#11826 = DIRECTION('',(0.,-1.,0.));
#11827 = ORIENTED_EDGE('',*,*,#11828,.T.);
#11828 = EDGE_CURVE('',#11821,#11205,#11829,.T.);
#11829 = LINE('',#11830,#11831);
#11830 = CARTESIAN_POINT('',(10.04,-2.86,0.95));
#11831 = VECTOR('',#11832,1.);
#11832 = DIRECTION('',(-1.,0.,0.));
#11833 = ORIENTED_EDGE('',*,*,#11202,.F.);
#11834 = PLANE('',#11835);
#11835 = AXIS2_PLACEMENT_3D('',#11836,#11837,#11838);
#11836 = CARTESIAN_POINT('',(10.04,-2.22,0.95));
#11837 = DIRECTION('',(-0.,-0.,-1.));
#11838 = DIRECTION('',(-1.,0.,0.));
#11839 = ADVANCED_FACE('',(#11840),#11858,.F.);
#11840 = FACE_BOUND('',#11841,.F.);
#11841 = EDGE_LOOP('',(#11842,#11843,#11851,#11857));
#11842 = ORIENTED_EDGE('',*,*,#11228,.F.);
#11843 = ORIENTED_EDGE('',*,*,#11844,.T.);
#11844 = EDGE_CURVE('',#11221,#11845,#11847,.T.);
#11845 = VERTEX_POINT('',#11846);
#11846 = CARTESIAN_POINT('',(9.88,-2.86,1.59));
#11847 = LINE('',#11848,#11849);
#11848 = CARTESIAN_POINT('',(-0.32,-2.86,1.59));
#11849 = VECTOR('',#11850,1.);
#11850 = DIRECTION('',(1.,0.,2.143287692327E-17));
#11851 = ORIENTED_EDGE('',*,*,#11852,.T.);
#11852 = EDGE_CURVE('',#11845,#11821,#11853,.T.);
#11853 = LINE('',#11854,#11855);
#11854 = CARTESIAN_POINT('',(9.88,-2.86,1.59));
#11855 = VECTOR('',#11856,1.);
#11856 = DIRECTION('',(0.,0.,-1.));
#11857 = ORIENTED_EDGE('',*,*,#11828,.T.);
#11858 = PLANE('',#11859);
#11859 = AXIS2_PLACEMENT_3D('',#11860,#11861,#11862);
#11860 = CARTESIAN_POINT('',(3.575919732441,-2.86,0.579080267559));
#11861 = DIRECTION('',(1.030170245606E-33,1.,6.630961875715E-34));
#11862 = DIRECTION('',(1.,-1.030170245606E-33,-3.284969231842E-83));
#11863 = ADVANCED_FACE('',(#11864),#11882,.T.);
#11864 = FACE_BOUND('',#11865,.T.);
#11865 = EDGE_LOOP('',(#11866,#11874,#11875,#11876));
#11866 = ORIENTED_EDGE('',*,*,#11867,.F.);
#11867 = EDGE_CURVE('',#11213,#11868,#11870,.T.);
#11868 = VERTEX_POINT('',#11869);
#11869 = CARTESIAN_POINT('',(9.88,-2.22,1.59));
#11870 = LINE('',#11871,#11872);
#11871 = CARTESIAN_POINT('',(-0.32,-2.22,1.59));
#11872 = VECTOR('',#11873,1.);
#11873 = DIRECTION('',(1.,0.,2.143287692327E-17));
#11874 = ORIENTED_EDGE('',*,*,#11220,.F.);
#11875 = ORIENTED_EDGE('',*,*,#11844,.T.);
#11876 = ORIENTED_EDGE('',*,*,#11877,.F.);
#11877 = EDGE_CURVE('',#11868,#11845,#11878,.T.);
#11878 = LINE('',#11879,#11880);
#11879 = CARTESIAN_POINT('',(9.88,-2.22,1.59));
#11880 = VECTOR('',#11881,1.);
#11881 = DIRECTION('',(0.,-1.,0.));
#11882 = PLANE('',#11883);
#11883 = AXIS2_PLACEMENT_3D('',#11884,#11885,#11886);
#11884 = CARTESIAN_POINT('',(-0.32,-2.22,1.59));
#11885 = DIRECTION('',(-2.143287692327E-17,0.,1.));
#11886 = DIRECTION('',(1.,0.,2.143287692327E-17));
#11887 = ADVANCED_FACE('',(#11888),#11899,.T.);
#11888 = FACE_BOUND('',#11889,.T.);
#11889 = EDGE_LOOP('',(#11890,#11891,#11892,#11898));
#11890 = ORIENTED_EDGE('',*,*,#11212,.F.);
#11891 = ORIENTED_EDGE('',*,*,#11867,.T.);
#11892 = ORIENTED_EDGE('',*,*,#11893,.T.);
#11893 = EDGE_CURVE('',#11868,#11813,#11894,.T.);
#11894 = LINE('',#11895,#11896);
#11895 = CARTESIAN_POINT('',(9.88,-2.22,1.59));
#11896 = VECTOR('',#11897,1.);
#11897 = DIRECTION('',(0.,0.,-1.));
#11898 = ORIENTED_EDGE('',*,*,#11812,.T.);
#11899 = PLANE('',#11900);
#11900 = AXIS2_PLACEMENT_3D('',#11901,#11902,#11903);
#11901 = CARTESIAN_POINT('',(3.575919732441,-2.22,0.579080267559));
#11902 = DIRECTION('',(1.030170245606E-33,1.,6.630961875715E-34));
#11903 = DIRECTION('',(1.,-1.030170245606E-33,-3.284969231842E-83));
#11904 = ADVANCED_FACE('',(#11905),#11916,.T.);
#11905 = FACE_BOUND('',#11906,.T.);
#11906 = EDGE_LOOP('',(#11907,#11908,#11909,#11910));
#11907 = ORIENTED_EDGE('',*,*,#11540,.F.);
#11908 = ORIENTED_EDGE('',*,*,#11441,.T.);
#11909 = ORIENTED_EDGE('',*,*,#11474,.T.);
#11910 = ORIENTED_EDGE('',*,*,#11911,.F.);
#11911 = EDGE_CURVE('',#11541,#11475,#11912,.T.);
#11912 = LINE('',#11913,#11914);
#11913 = CARTESIAN_POINT('',(0.32,0.32,-2.84));
#11914 = VECTOR('',#11915,1.);
#11915 = DIRECTION('',(0.,-1.,0.));
#11916 = PLANE('',#11917);
#11917 = AXIS2_PLACEMENT_3D('',#11918,#11919,#11920);
#11918 = CARTESIAN_POINT('',(0.32,0.32,0.95));
#11919 = DIRECTION('',(1.,0.,0.));
#11920 = DIRECTION('',(0.,0.,-1.));
#11921 = ADVANCED_FACE('',(#11922),#11933,.T.);
#11922 = FACE_BOUND('',#11923,.T.);
#11923 = EDGE_LOOP('',(#11924,#11930,#11931,#11932));
#11924 = ORIENTED_EDGE('',*,*,#11925,.T.);
#11925 = EDGE_CURVE('',#11529,#11456,#11926,.T.);
#11926 = LINE('',#11927,#11928);
#11927 = CARTESIAN_POINT('',(-0.32,0.32,0.95));
#11928 = VECTOR('',#11929,1.);
#11929 = DIRECTION('',(0.,-1.,0.));
#11930 = ORIENTED_EDGE('',*,*,#11455,.T.);
#11931 = ORIENTED_EDGE('',*,*,#11512,.F.);
#11932 = ORIENTED_EDGE('',*,*,#11528,.F.);
#11933 = CYLINDRICAL_SURFACE('',#11934,0.64);
#11934 = AXIS2_PLACEMENT_3D('',#11935,#11936,#11937);
#11935 = CARTESIAN_POINT('',(0.32,0.32,0.95));
#11936 = DIRECTION('',(0.,-1.,0.));
#11937 = DIRECTION('',(-1.,0.,0.));
#11938 = ADVANCED_FACE('',(#11939),#11950,.T.);
#11939 = FACE_BOUND('',#11940,.T.);
#11940 = EDGE_LOOP('',(#11941,#11942,#11948,#11949));
#11941 = ORIENTED_EDGE('',*,*,#11556,.F.);
#11942 = ORIENTED_EDGE('',*,*,#11943,.T.);
#11943 = EDGE_CURVE('',#11549,#11483,#11944,.T.);
#11944 = LINE('',#11945,#11946);
#11945 = CARTESIAN_POINT('',(-0.32,0.32,-2.84));
#11946 = VECTOR('',#11947,1.);
#11947 = DIRECTION('',(0.,-1.,0.));
#11948 = ORIENTED_EDGE('',*,*,#11490,.T.);
#11949 = ORIENTED_EDGE('',*,*,#11925,.F.);
#11950 = PLANE('',#11951);
#11951 = AXIS2_PLACEMENT_3D('',#11952,#11953,#11954);
#11952 = CARTESIAN_POINT('',(-0.32,0.32,-3.));
#11953 = DIRECTION('',(-1.,0.,0.));
#11954 = DIRECTION('',(0.,0.,1.));
#11955 = ADVANCED_FACE('',(#11956),#11981,.F.);
#11956 = FACE_BOUND('',#11957,.F.);
#11957 = EDGE_LOOP('',(#11958,#11966,#11974,#11980));
#11958 = ORIENTED_EDGE('',*,*,#11959,.F.);
#11959 = EDGE_CURVE('',#11960,#11475,#11962,.T.);
#11960 = VERTEX_POINT('',#11961);
#11961 = CARTESIAN_POINT('',(0.16,-0.16,-3.));
#11962 = LINE('',#11963,#11964);
#11963 = CARTESIAN_POINT('',(0.16,-0.16,-3.));
#11964 = VECTOR('',#11965,1.);
#11965 = DIRECTION('',(0.57735026919,-0.57735026919,0.57735026919));
#11966 = ORIENTED_EDGE('',*,*,#11967,.T.);
#11967 = EDGE_CURVE('',#11960,#11968,#11970,.T.);
#11968 = VERTEX_POINT('',#11969);
#11969 = CARTESIAN_POINT('',(-0.16,-0.16,-3.));
#11970 = LINE('',#11971,#11972);
#11971 = CARTESIAN_POINT('',(0.32,-0.16,-3.));
#11972 = VECTOR('',#11973,1.);
#11973 = DIRECTION('',(-1.,0.,0.));
#11974 = ORIENTED_EDGE('',*,*,#11975,.T.);
#11975 = EDGE_CURVE('',#11968,#11483,#11976,.T.);
#11976 = LINE('',#11977,#11978);
#11977 = CARTESIAN_POINT('',(-5.333333333333E-02,-5.333333333333E-02,
    -3.106666666667));
#11978 = VECTOR('',#11979,1.);
#11979 = DIRECTION('',(-0.57735026919,-0.57735026919,0.57735026919));
#11980 = ORIENTED_EDGE('',*,*,#11482,.F.);
#11981 = PLANE('',#11982);
#11982 = AXIS2_PLACEMENT_3D('',#11983,#11984,#11985);
#11983 = CARTESIAN_POINT('',(0.32,-0.24,-2.92));
#11984 = DIRECTION('',(1.735167508357E-18,0.707106781187,0.707106781187)
  );
#11985 = DIRECTION('',(-1.,1.226948711654E-18,1.226948711654E-18));
#11986 = ADVANCED_FACE('',(#11987),#12012,.T.);
#11987 = FACE_BOUND('',#11988,.F.);
#11988 = EDGE_LOOP('',(#11989,#11997,#11998,#12006));
#11989 = ORIENTED_EDGE('',*,*,#11990,.T.);
#11990 = EDGE_CURVE('',#11991,#11541,#11993,.T.);
#11991 = VERTEX_POINT('',#11992);
#11992 = CARTESIAN_POINT('',(0.16,0.16,-3.));
#11993 = LINE('',#11994,#11995);
#11994 = CARTESIAN_POINT('',(0.266666666667,0.266666666667,
    -2.893333333333));
#11995 = VECTOR('',#11996,1.);
#11996 = DIRECTION('',(0.57735026919,0.57735026919,0.57735026919));
#11997 = ORIENTED_EDGE('',*,*,#11548,.T.);
#11998 = ORIENTED_EDGE('',*,*,#11999,.T.);
#11999 = EDGE_CURVE('',#11549,#12000,#12002,.T.);
#12000 = VERTEX_POINT('',#12001);
#12001 = CARTESIAN_POINT('',(-0.16,0.16,-3.));
#12002 = LINE('',#12003,#12004);
#12003 = CARTESIAN_POINT('',(-0.16,0.16,-3.));
#12004 = VECTOR('',#12005,1.);
#12005 = DIRECTION('',(0.57735026919,-0.57735026919,-0.57735026919));
#12006 = ORIENTED_EDGE('',*,*,#12007,.F.);
#12007 = EDGE_CURVE('',#11991,#12000,#12008,.T.);
#12008 = LINE('',#12009,#12010);
#12009 = CARTESIAN_POINT('',(0.32,0.16,-3.));
#12010 = VECTOR('',#12011,1.);
#12011 = DIRECTION('',(-1.,0.,0.));
#12012 = PLANE('',#12013);
#12013 = AXIS2_PLACEMENT_3D('',#12014,#12015,#12016);
#12014 = CARTESIAN_POINT('',(0.32,0.24,-2.92));
#12015 = DIRECTION('',(-1.735167508357E-18,0.707106781187,
    -0.707106781187));
#12016 = DIRECTION('',(1.,1.226948711654E-18,-1.226948711654E-18));
#12017 = ADVANCED_FACE('',(#12018),#12029,.T.);
#12018 = FACE_BOUND('',#12019,.T.);
#12019 = EDGE_LOOP('',(#12020,#12021,#12022,#12023));
#12020 = ORIENTED_EDGE('',*,*,#11686,.F.);
#12021 = ORIENTED_EDGE('',*,*,#11587,.T.);
#12022 = ORIENTED_EDGE('',*,*,#11620,.T.);
#12023 = ORIENTED_EDGE('',*,*,#12024,.F.);
#12024 = EDGE_CURVE('',#11687,#11621,#12025,.T.);
#12025 = LINE('',#12026,#12027);
#12026 = CARTESIAN_POINT('',(0.32,-2.22,-2.84));
#12027 = VECTOR('',#12028,1.);
#12028 = DIRECTION('',(0.,-1.,0.));
#12029 = PLANE('',#12030);
#12030 = AXIS2_PLACEMENT_3D('',#12031,#12032,#12033);
#12031 = CARTESIAN_POINT('',(0.32,-2.22,0.95));
#12032 = DIRECTION('',(1.,0.,0.));
#12033 = DIRECTION('',(0.,0.,-1.));
#12034 = ADVANCED_FACE('',(#12035),#12046,.T.);
#12035 = FACE_BOUND('',#12036,.T.);
#12036 = EDGE_LOOP('',(#12037,#12043,#12044,#12045));
#12037 = ORIENTED_EDGE('',*,*,#12038,.T.);
#12038 = EDGE_CURVE('',#11675,#11602,#12039,.T.);
#12039 = LINE('',#12040,#12041);
#12040 = CARTESIAN_POINT('',(-0.32,-2.22,0.95));
#12041 = VECTOR('',#12042,1.);
#12042 = DIRECTION('',(0.,-1.,0.));
#12043 = ORIENTED_EDGE('',*,*,#11601,.T.);
#12044 = ORIENTED_EDGE('',*,*,#11658,.F.);
#12045 = ORIENTED_EDGE('',*,*,#11674,.F.);
#12046 = CYLINDRICAL_SURFACE('',#12047,0.64);
#12047 = AXIS2_PLACEMENT_3D('',#12048,#12049,#12050);
#12048 = CARTESIAN_POINT('',(0.32,-2.22,0.95));
#12049 = DIRECTION('',(0.,-1.,0.));
#12050 = DIRECTION('',(-1.,0.,0.));
#12051 = ADVANCED_FACE('',(#12052),#12063,.T.);
#12052 = FACE_BOUND('',#12053,.T.);
#12053 = EDGE_LOOP('',(#12054,#12055,#12061,#12062));
#12054 = ORIENTED_EDGE('',*,*,#11702,.F.);
#12055 = ORIENTED_EDGE('',*,*,#12056,.T.);
#12056 = EDGE_CURVE('',#11695,#11629,#12057,.T.);
#12057 = LINE('',#12058,#12059);
#12058 = CARTESIAN_POINT('',(-0.32,-2.22,-2.84));
#12059 = VECTOR('',#12060,1.);
#12060 = DIRECTION('',(0.,-1.,0.));
#12061 = ORIENTED_EDGE('',*,*,#11636,.T.);
#12062 = ORIENTED_EDGE('',*,*,#12038,.F.);
#12063 = PLANE('',#12064);
#12064 = AXIS2_PLACEMENT_3D('',#12065,#12066,#12067);
#12065 = CARTESIAN_POINT('',(-0.32,-2.22,-3.));
#12066 = DIRECTION('',(-1.,0.,0.));
#12067 = DIRECTION('',(0.,0.,1.));
#12068 = ADVANCED_FACE('',(#12069),#12094,.F.);
#12069 = FACE_BOUND('',#12070,.F.);
#12070 = EDGE_LOOP('',(#12071,#12079,#12087,#12093));
#12071 = ORIENTED_EDGE('',*,*,#12072,.F.);
#12072 = EDGE_CURVE('',#12073,#11621,#12075,.T.);
#12073 = VERTEX_POINT('',#12074);
#12074 = CARTESIAN_POINT('',(0.16,-2.7,-3.));
#12075 = LINE('',#12076,#12077);
#12076 = CARTESIAN_POINT('',(0.16,-2.7,-3.));
#12077 = VECTOR('',#12078,1.);
#12078 = DIRECTION('',(0.57735026919,-0.57735026919,0.57735026919));
#12079 = ORIENTED_EDGE('',*,*,#12080,.T.);
#12080 = EDGE_CURVE('',#12073,#12081,#12083,.T.);
#12081 = VERTEX_POINT('',#12082);
#12082 = CARTESIAN_POINT('',(-0.16,-2.7,-3.));
#12083 = LINE('',#12084,#12085);
#12084 = CARTESIAN_POINT('',(0.32,-2.7,-3.));
#12085 = VECTOR('',#12086,1.);
#12086 = DIRECTION('',(-1.,0.,0.));
#12087 = ORIENTED_EDGE('',*,*,#12088,.T.);
#12088 = EDGE_CURVE('',#12081,#11629,#12089,.T.);
#12089 = LINE('',#12090,#12091);
#12090 = CARTESIAN_POINT('',(-5.333333333333E-02,-2.593333333333,
    -3.106666666667));
#12091 = VECTOR('',#12092,1.);
#12092 = DIRECTION('',(-0.57735026919,-0.57735026919,0.57735026919));
#12093 = ORIENTED_EDGE('',*,*,#11628,.F.);
#12094 = PLANE('',#12095);
#12095 = AXIS2_PLACEMENT_3D('',#12096,#12097,#12098);
#12096 = CARTESIAN_POINT('',(0.32,-2.78,-2.92));
#12097 = DIRECTION('',(1.735167508357E-18,0.707106781187,0.707106781187)
  );
#12098 = DIRECTION('',(-1.,1.226948711654E-18,1.226948711654E-18));
#12099 = ADVANCED_FACE('',(#12100),#12125,.T.);
#12100 = FACE_BOUND('',#12101,.F.);
#12101 = EDGE_LOOP('',(#12102,#12110,#12111,#12119));
#12102 = ORIENTED_EDGE('',*,*,#12103,.T.);
#12103 = EDGE_CURVE('',#12104,#11687,#12106,.T.);
#12104 = VERTEX_POINT('',#12105);
#12105 = CARTESIAN_POINT('',(0.16,-2.38,-3.));
#12106 = LINE('',#12107,#12108);
#12107 = CARTESIAN_POINT('',(0.266666666667,-2.273333333333,
    -2.893333333333));
#12108 = VECTOR('',#12109,1.);
#12109 = DIRECTION('',(0.57735026919,0.57735026919,0.57735026919));
#12110 = ORIENTED_EDGE('',*,*,#11694,.T.);
#12111 = ORIENTED_EDGE('',*,*,#12112,.T.);
#12112 = EDGE_CURVE('',#11695,#12113,#12115,.T.);
#12113 = VERTEX_POINT('',#12114);
#12114 = CARTESIAN_POINT('',(-0.16,-2.38,-3.));
#12115 = LINE('',#12116,#12117);
#12116 = CARTESIAN_POINT('',(-0.16,-2.38,-3.));
#12117 = VECTOR('',#12118,1.);
#12118 = DIRECTION('',(0.57735026919,-0.57735026919,-0.57735026919));
#12119 = ORIENTED_EDGE('',*,*,#12120,.F.);
#12120 = EDGE_CURVE('',#12104,#12113,#12121,.T.);
#12121 = LINE('',#12122,#12123);
#12122 = CARTESIAN_POINT('',(0.32,-2.38,-3.));
#12123 = VECTOR('',#12124,1.);
#12124 = DIRECTION('',(-1.,0.,0.));
#12125 = PLANE('',#12126);
#12126 = AXIS2_PLACEMENT_3D('',#12127,#12128,#12129);
#12127 = CARTESIAN_POINT('',(0.32,-2.3,-2.92));
#12128 = DIRECTION('',(-1.735167508357E-18,0.707106781187,
    -0.707106781187));
#12129 = DIRECTION('',(1.,1.226948711654E-18,-1.226948711654E-18));
#12130 = ADVANCED_FACE('',(#12131),#12156,.T.);
#12131 = FACE_BOUND('',#12132,.F.);
#12132 = EDGE_LOOP('',(#12133,#12141,#12142,#12150));
#12133 = ORIENTED_EDGE('',*,*,#12134,.F.);
#12134 = EDGE_CURVE('',#11717,#12135,#12137,.T.);
#12135 = VERTEX_POINT('',#12136);
#12136 = CARTESIAN_POINT('',(10.04,0.16,1.11));
#12137 = LINE('',#12138,#12139);
#12138 = CARTESIAN_POINT('',(10.04,0.16,1.11));
#12139 = VECTOR('',#12140,1.);
#12140 = DIRECTION('',(0.57735026919,-0.57735026919,0.57735026919));
#12141 = ORIENTED_EDGE('',*,*,#11724,.T.);
#12142 = ORIENTED_EDGE('',*,*,#12143,.T.);
#12143 = EDGE_CURVE('',#11725,#12144,#12146,.T.);
#12144 = VERTEX_POINT('',#12145);
#12145 = CARTESIAN_POINT('',(10.04,-0.16,1.11));
#12146 = LINE('',#12147,#12148);
#12147 = CARTESIAN_POINT('',(10.146666666667,-5.333333333333E-02,
    1.216666666667));
#12148 = VECTOR('',#12149,1.);
#12149 = DIRECTION('',(0.57735026919,0.57735026919,0.57735026919));
#12150 = ORIENTED_EDGE('',*,*,#12151,.F.);
#12151 = EDGE_CURVE('',#12135,#12144,#12152,.T.);
#12152 = LINE('',#12153,#12154);
#12153 = CARTESIAN_POINT('',(10.04,0.32,1.11));
#12154 = VECTOR('',#12155,1.);
#12155 = DIRECTION('',(0.,-1.,0.));
#12156 = PLANE('',#12157);
#12157 = AXIS2_PLACEMENT_3D('',#12158,#12159,#12160);
#12158 = CARTESIAN_POINT('',(9.96,0.32,1.03));
#12159 = DIRECTION('',(0.707106781187,0.,-0.707106781187));
#12160 = DIRECTION('',(0.,1.,0.));
#12161 = ADVANCED_FACE('',(#12162),#12180,.F.);
#12162 = FACE_BOUND('',#12163,.T.);
#12163 = EDGE_LOOP('',(#12164,#12172,#12173,#12174));
#12164 = ORIENTED_EDGE('',*,*,#12165,.F.);
#12165 = EDGE_CURVE('',#11749,#12166,#12168,.T.);
#12166 = VERTEX_POINT('',#12167);
#12167 = CARTESIAN_POINT('',(10.04,-0.16,1.43));
#12168 = LINE('',#12169,#12170);
#12169 = CARTESIAN_POINT('',(10.04,-0.16,1.43));
#12170 = VECTOR('',#12171,1.);
#12171 = DIRECTION('',(0.57735026919,0.57735026919,-0.57735026919));
#12172 = ORIENTED_EDGE('',*,*,#11756,.T.);
#12173 = ORIENTED_EDGE('',*,*,#12143,.T.);
#12174 = ORIENTED_EDGE('',*,*,#12175,.F.);
#12175 = EDGE_CURVE('',#12166,#12144,#12176,.T.);
#12176 = LINE('',#12177,#12178);
#12177 = CARTESIAN_POINT('',(10.04,-0.16,1.59));
#12178 = VECTOR('',#12179,1.);
#12179 = DIRECTION('',(0.,0.,-1.));
#12180 = PLANE('',#12181);
#12181 = AXIS2_PLACEMENT_3D('',#12182,#12183,#12184);
#12182 = CARTESIAN_POINT('',(9.96,-0.24,1.59));
#12183 = DIRECTION('',(-0.707106781187,0.707106781187,1.735167508357E-18
    ));
#12184 = DIRECTION('',(1.226948711654E-18,-1.226948711654E-18,1.));
#12185 = ADVANCED_FACE('',(#12186),#12204,.T.);
#12186 = FACE_BOUND('',#12187,.T.);
#12187 = EDGE_LOOP('',(#12188,#12196,#12197,#12198));
#12188 = ORIENTED_EDGE('',*,*,#12189,.F.);
#12189 = EDGE_CURVE('',#11772,#12190,#12192,.T.);
#12190 = VERTEX_POINT('',#12191);
#12191 = CARTESIAN_POINT('',(10.04,0.16,1.43));
#12192 = LINE('',#12193,#12194);
#12193 = CARTESIAN_POINT('',(9.933333333333,0.266666666667,
    1.536666666667));
#12194 = VECTOR('',#12195,1.);
#12195 = DIRECTION('',(0.57735026919,-0.57735026919,-0.57735026919));
#12196 = ORIENTED_EDGE('',*,*,#11781,.T.);
#12197 = ORIENTED_EDGE('',*,*,#12165,.T.);
#12198 = ORIENTED_EDGE('',*,*,#12199,.F.);
#12199 = EDGE_CURVE('',#12190,#12166,#12200,.T.);
#12200 = LINE('',#12201,#12202);
#12201 = CARTESIAN_POINT('',(10.04,0.32,1.43));
#12202 = VECTOR('',#12203,1.);
#12203 = DIRECTION('',(0.,-1.,0.));
#12204 = PLANE('',#12205);
#12205 = AXIS2_PLACEMENT_3D('',#12206,#12207,#12208);
#12206 = CARTESIAN_POINT('',(9.96,0.32,1.51));
#12207 = DIRECTION('',(0.707106781187,-1.735167508357E-18,0.707106781187
    ));
#12208 = DIRECTION('',(-1.226948711654E-18,-1.,-1.226948711654E-18));
#12209 = ADVANCED_FACE('',(#12210),#12221,.T.);
#12210 = FACE_BOUND('',#12211,.F.);
#12211 = EDGE_LOOP('',(#12212,#12213,#12214,#12215));
#12212 = ORIENTED_EDGE('',*,*,#12189,.F.);
#12213 = ORIENTED_EDGE('',*,*,#11797,.T.);
#12214 = ORIENTED_EDGE('',*,*,#12134,.T.);
#12215 = ORIENTED_EDGE('',*,*,#12216,.F.);
#12216 = EDGE_CURVE('',#12190,#12135,#12217,.T.);
#12217 = LINE('',#12218,#12219);
#12218 = CARTESIAN_POINT('',(10.04,0.16,1.59));
#12219 = VECTOR('',#12220,1.);
#12220 = DIRECTION('',(0.,0.,-1.));
#12221 = PLANE('',#12222);
#12222 = AXIS2_PLACEMENT_3D('',#12223,#12224,#12225);
#12223 = CARTESIAN_POINT('',(9.96,0.24,1.59));
#12224 = DIRECTION('',(0.707106781187,0.707106781187,-1.735167508357E-18
    ));
#12225 = DIRECTION('',(1.226948711654E-18,1.226948711654E-18,1.));
#12226 = ADVANCED_FACE('',(#12227),#12252,.T.);
#12227 = FACE_BOUND('',#12228,.F.);
#12228 = EDGE_LOOP('',(#12229,#12237,#12238,#12246));
#12229 = ORIENTED_EDGE('',*,*,#12230,.F.);
#12230 = EDGE_CURVE('',#11813,#12231,#12233,.T.);
#12231 = VERTEX_POINT('',#12232);
#12232 = CARTESIAN_POINT('',(10.04,-2.38,1.11));
#12233 = LINE('',#12234,#12235);
#12234 = CARTESIAN_POINT('',(10.04,-2.38,1.11));
#12235 = VECTOR('',#12236,1.);
#12236 = DIRECTION('',(0.57735026919,-0.57735026919,0.57735026919));
#12237 = ORIENTED_EDGE('',*,*,#11820,.T.);
#12238 = ORIENTED_EDGE('',*,*,#12239,.T.);
#12239 = EDGE_CURVE('',#11821,#12240,#12242,.T.);
#12240 = VERTEX_POINT('',#12241);
#12241 = CARTESIAN_POINT('',(10.04,-2.7,1.11));
#12242 = LINE('',#12243,#12244);
#12243 = CARTESIAN_POINT('',(10.146666666667,-2.593333333333,
    1.216666666667));
#12244 = VECTOR('',#12245,1.);
#12245 = DIRECTION('',(0.57735026919,0.57735026919,0.57735026919));
#12246 = ORIENTED_EDGE('',*,*,#12247,.F.);
#12247 = EDGE_CURVE('',#12231,#12240,#12248,.T.);
#12248 = LINE('',#12249,#12250);
#12249 = CARTESIAN_POINT('',(10.04,-2.22,1.11));
#12250 = VECTOR('',#12251,1.);
#12251 = DIRECTION('',(0.,-1.,0.));
#12252 = PLANE('',#12253);
#12253 = AXIS2_PLACEMENT_3D('',#12254,#12255,#12256);
#12254 = CARTESIAN_POINT('',(9.96,-2.22,1.03));
#12255 = DIRECTION('',(0.707106781187,0.,-0.707106781187));
#12256 = DIRECTION('',(0.,1.,0.));
#12257 = ADVANCED_FACE('',(#12258),#12276,.F.);
#12258 = FACE_BOUND('',#12259,.T.);
#12259 = EDGE_LOOP('',(#12260,#12268,#12269,#12270));
#12260 = ORIENTED_EDGE('',*,*,#12261,.F.);
#12261 = EDGE_CURVE('',#11845,#12262,#12264,.T.);
#12262 = VERTEX_POINT('',#12263);
#12263 = CARTESIAN_POINT('',(10.04,-2.7,1.43));
#12264 = LINE('',#12265,#12266);
#12265 = CARTESIAN_POINT('',(10.04,-2.7,1.43));
#12266 = VECTOR('',#12267,1.);
#12267 = DIRECTION('',(0.57735026919,0.57735026919,-0.57735026919));
#12268 = ORIENTED_EDGE('',*,*,#11852,.T.);
#12269 = ORIENTED_EDGE('',*,*,#12239,.T.);
#12270 = ORIENTED_EDGE('',*,*,#12271,.F.);
#12271 = EDGE_CURVE('',#12262,#12240,#12272,.T.);
#12272 = LINE('',#12273,#12274);
#12273 = CARTESIAN_POINT('',(10.04,-2.7,1.59));
#12274 = VECTOR('',#12275,1.);
#12275 = DIRECTION('',(0.,0.,-1.));
#12276 = PLANE('',#12277);
#12277 = AXIS2_PLACEMENT_3D('',#12278,#12279,#12280);
#12278 = CARTESIAN_POINT('',(9.96,-2.78,1.59));
#12279 = DIRECTION('',(-0.707106781187,0.707106781187,1.735167508357E-18
    ));
#12280 = DIRECTION('',(1.226948711654E-18,-1.226948711654E-18,1.));
#12281 = ADVANCED_FACE('',(#12282),#12300,.T.);
#12282 = FACE_BOUND('',#12283,.T.);
#12283 = EDGE_LOOP('',(#12284,#12292,#12293,#12294));
#12284 = ORIENTED_EDGE('',*,*,#12285,.F.);
#12285 = EDGE_CURVE('',#11868,#12286,#12288,.T.);
#12286 = VERTEX_POINT('',#12287);
#12287 = CARTESIAN_POINT('',(10.04,-2.38,1.43));
#12288 = LINE('',#12289,#12290);
#12289 = CARTESIAN_POINT('',(9.933333333333,-2.273333333333,
    1.536666666667));
#12290 = VECTOR('',#12291,1.);
#12291 = DIRECTION('',(0.57735026919,-0.57735026919,-0.57735026919));
#12292 = ORIENTED_EDGE('',*,*,#11877,.T.);
#12293 = ORIENTED_EDGE('',*,*,#12261,.T.);
#12294 = ORIENTED_EDGE('',*,*,#12295,.F.);
#12295 = EDGE_CURVE('',#12286,#12262,#12296,.T.);
#12296 = LINE('',#12297,#12298);
#12297 = CARTESIAN_POINT('',(10.04,-2.22,1.43));
#12298 = VECTOR('',#12299,1.);
#12299 = DIRECTION('',(0.,-1.,0.));
#12300 = PLANE('',#12301);
#12301 = AXIS2_PLACEMENT_3D('',#12302,#12303,#12304);
#12302 = CARTESIAN_POINT('',(9.96,-2.22,1.51));
#12303 = DIRECTION('',(0.707106781187,-1.735167508357E-18,0.707106781187
    ));
#12304 = DIRECTION('',(-1.226948711654E-18,-1.,-1.226948711654E-18));
#12305 = ADVANCED_FACE('',(#12306),#12317,.T.);
#12306 = FACE_BOUND('',#12307,.F.);
#12307 = EDGE_LOOP('',(#12308,#12309,#12310,#12311));
#12308 = ORIENTED_EDGE('',*,*,#12285,.F.);
#12309 = ORIENTED_EDGE('',*,*,#11893,.T.);
#12310 = ORIENTED_EDGE('',*,*,#12230,.T.);
#12311 = ORIENTED_EDGE('',*,*,#12312,.F.);
#12312 = EDGE_CURVE('',#12286,#12231,#12313,.T.);
#12313 = LINE('',#12314,#12315);
#12314 = CARTESIAN_POINT('',(10.04,-2.38,1.59));
#12315 = VECTOR('',#12316,1.);
#12316 = DIRECTION('',(0.,0.,-1.));
#12317 = PLANE('',#12318);
#12318 = AXIS2_PLACEMENT_3D('',#12319,#12320,#12321);
#12319 = CARTESIAN_POINT('',(9.96,-2.3,1.59));
#12320 = DIRECTION('',(0.707106781187,0.707106781187,-1.735167508357E-18
    ));
#12321 = DIRECTION('',(1.226948711654E-18,1.226948711654E-18,1.));
#12322 = ADVANCED_FACE('',(#12323),#12334,.T.);
#12323 = FACE_BOUND('',#12324,.F.);
#12324 = EDGE_LOOP('',(#12325,#12326,#12332,#12333));
#12325 = ORIENTED_EDGE('',*,*,#11990,.F.);
#12326 = ORIENTED_EDGE('',*,*,#12327,.T.);
#12327 = EDGE_CURVE('',#11991,#11960,#12328,.T.);
#12328 = LINE('',#12329,#12330);
#12329 = CARTESIAN_POINT('',(0.16,0.32,-3.));
#12330 = VECTOR('',#12331,1.);
#12331 = DIRECTION('',(0.,-1.,0.));
#12332 = ORIENTED_EDGE('',*,*,#11959,.T.);
#12333 = ORIENTED_EDGE('',*,*,#11911,.F.);
#12334 = PLANE('',#12335);
#12335 = AXIS2_PLACEMENT_3D('',#12336,#12337,#12338);
#12336 = CARTESIAN_POINT('',(0.24,0.32,-2.92));
#12337 = DIRECTION('',(0.707106781187,1.735167508357E-18,-0.707106781187
    ));
#12338 = DIRECTION('',(-1.226948711654E-18,1.,1.226948711654E-18));
#12339 = ADVANCED_FACE('',(#12340),#12351,.T.);
#12340 = FACE_BOUND('',#12341,.F.);
#12341 = EDGE_LOOP('',(#12342,#12343,#12344,#12345));
#12342 = ORIENTED_EDGE('',*,*,#11999,.F.);
#12343 = ORIENTED_EDGE('',*,*,#11943,.T.);
#12344 = ORIENTED_EDGE('',*,*,#11975,.F.);
#12345 = ORIENTED_EDGE('',*,*,#12346,.F.);
#12346 = EDGE_CURVE('',#12000,#11968,#12347,.T.);
#12347 = LINE('',#12348,#12349);
#12348 = CARTESIAN_POINT('',(-0.16,0.32,-3.));
#12349 = VECTOR('',#12350,1.);
#12350 = DIRECTION('',(0.,-1.,0.));
#12351 = PLANE('',#12352);
#12352 = AXIS2_PLACEMENT_3D('',#12353,#12354,#12355);
#12353 = CARTESIAN_POINT('',(-0.24,0.32,-2.92));
#12354 = DIRECTION('',(-0.707106781187,-1.735167508357E-18,
    -0.707106781187));
#12355 = DIRECTION('',(-1.226948711654E-18,1.,-1.226948711654E-18));
#12356 = ADVANCED_FACE('',(#12357),#12363,.T.);
#12357 = FACE_BOUND('',#12358,.T.);
#12358 = EDGE_LOOP('',(#12359,#12360,#12361,#12362));
#12359 = ORIENTED_EDGE('',*,*,#11967,.T.);
#12360 = ORIENTED_EDGE('',*,*,#12346,.F.);
#12361 = ORIENTED_EDGE('',*,*,#12007,.F.);
#12362 = ORIENTED_EDGE('',*,*,#12327,.T.);
#12363 = PLANE('',#12364);
#12364 = AXIS2_PLACEMENT_3D('',#12365,#12366,#12367);
#12365 = CARTESIAN_POINT('',(0.32,0.32,-3.));
#12366 = DIRECTION('',(-0.,-0.,-1.));
#12367 = DIRECTION('',(-1.,0.,0.));
#12368 = ADVANCED_FACE('',(#12369),#12380,.T.);
#12369 = FACE_BOUND('',#12370,.F.);
#12370 = EDGE_LOOP('',(#12371,#12372,#12378,#12379));
#12371 = ORIENTED_EDGE('',*,*,#12103,.F.);
#12372 = ORIENTED_EDGE('',*,*,#12373,.T.);
#12373 = EDGE_CURVE('',#12104,#12073,#12374,.T.);
#12374 = LINE('',#12375,#12376);
#12375 = CARTESIAN_POINT('',(0.16,-2.22,-3.));
#12376 = VECTOR('',#12377,1.);
#12377 = DIRECTION('',(0.,-1.,0.));
#12378 = ORIENTED_EDGE('',*,*,#12072,.T.);
#12379 = ORIENTED_EDGE('',*,*,#12024,.F.);
#12380 = PLANE('',#12381);
#12381 = AXIS2_PLACEMENT_3D('',#12382,#12383,#12384);
#12382 = CARTESIAN_POINT('',(0.24,-2.22,-2.92));
#12383 = DIRECTION('',(0.707106781187,1.735167508357E-18,-0.707106781187
    ));
#12384 = DIRECTION('',(-1.226948711654E-18,1.,1.226948711654E-18));
#12385 = ADVANCED_FACE('',(#12386),#12397,.T.);
#12386 = FACE_BOUND('',#12387,.F.);
#12387 = EDGE_LOOP('',(#12388,#12389,#12390,#12391));
#12388 = ORIENTED_EDGE('',*,*,#12112,.F.);
#12389 = ORIENTED_EDGE('',*,*,#12056,.T.);
#12390 = ORIENTED_EDGE('',*,*,#12088,.F.);
#12391 = ORIENTED_EDGE('',*,*,#12392,.F.);
#12392 = EDGE_CURVE('',#12113,#12081,#12393,.T.);
#12393 = LINE('',#12394,#12395);
#12394 = CARTESIAN_POINT('',(-0.16,-2.22,-3.));
#12395 = VECTOR('',#12396,1.);
#12396 = DIRECTION('',(0.,-1.,0.));
#12397 = PLANE('',#12398);
#12398 = AXIS2_PLACEMENT_3D('',#12399,#12400,#12401);
#12399 = CARTESIAN_POINT('',(-0.24,-2.22,-2.92));
#12400 = DIRECTION('',(-0.707106781187,-1.735167508357E-18,
    -0.707106781187));
#12401 = DIRECTION('',(-1.226948711654E-18,1.,-1.226948711654E-18));
#12402 = ADVANCED_FACE('',(#12403),#12409,.T.);
#12403 = FACE_BOUND('',#12404,.T.);
#12404 = EDGE_LOOP('',(#12405,#12406,#12407,#12408));
#12405 = ORIENTED_EDGE('',*,*,#12080,.T.);
#12406 = ORIENTED_EDGE('',*,*,#12392,.F.);
#12407 = ORIENTED_EDGE('',*,*,#12120,.F.);
#12408 = ORIENTED_EDGE('',*,*,#12373,.T.);
#12409 = PLANE('',#12410);
#12410 = AXIS2_PLACEMENT_3D('',#12411,#12412,#12413);
#12411 = CARTESIAN_POINT('',(0.32,-2.22,-3.));
#12412 = DIRECTION('',(-0.,-0.,-1.));
#12413 = DIRECTION('',(-1.,0.,0.));
#12414 = ADVANCED_FACE('',(#12415),#12421,.T.);
#12415 = FACE_BOUND('',#12416,.T.);
#12416 = EDGE_LOOP('',(#12417,#12418,#12419,#12420));
#12417 = ORIENTED_EDGE('',*,*,#12175,.T.);
#12418 = ORIENTED_EDGE('',*,*,#12151,.F.);
#12419 = ORIENTED_EDGE('',*,*,#12216,.F.);
#12420 = ORIENTED_EDGE('',*,*,#12199,.T.);
#12421 = PLANE('',#12422);
#12422 = AXIS2_PLACEMENT_3D('',#12423,#12424,#12425);
#12423 = CARTESIAN_POINT('',(10.04,0.32,1.59));
#12424 = DIRECTION('',(1.,0.,0.));
#12425 = DIRECTION('',(0.,0.,-1.));
#12426 = ADVANCED_FACE('',(#12427),#12433,.T.);
#12427 = FACE_BOUND('',#12428,.T.);
#12428 = EDGE_LOOP('',(#12429,#12430,#12431,#12432));
#12429 = ORIENTED_EDGE('',*,*,#12271,.T.);
#12430 = ORIENTED_EDGE('',*,*,#12247,.F.);
#12431 = ORIENTED_EDGE('',*,*,#12312,.F.);
#12432 = ORIENTED_EDGE('',*,*,#12295,.T.);
#12433 = PLANE('',#12434);
#12434 = AXIS2_PLACEMENT_3D('',#12435,#12436,#12437);
#12435 = CARTESIAN_POINT('',(10.04,-2.22,1.59));
#12436 = DIRECTION('',(1.,0.,0.));
#12437 = DIRECTION('',(0.,0.,-1.));
#12438 = ( GEOMETRIC_REPRESENTATION_CONTEXT(3) 
GLOBAL_UNCERTAINTY_ASSIGNED_CONTEXT((#12442)) 
GLOBAL_UNIT_ASSIGNED_CONTEXT((#12439,#12440,#12441)) 
REPRESENTATION_CONTEXT('Context #1',
  '3D Context with UNIT and UNCERTAINTY') );
#12439 = ( LENGTH_UNIT() NAMED_UNIT(*) SI_UNIT(.MILLI.,.METRE.) );
#12440 = ( NAMED_UNIT(*) PLANE_ANGLE_UNIT() SI_UNIT($,.RADIAN.) );
#12441 = ( NAMED_UNIT(*) SI_UNIT($,.STERADIAN.) SOLID_ANGLE_UNIT() );
#12442 = UNCERTAINTY_MEASURE_WITH_UNIT(LENGTH_MEASURE(1.E-07),#12439,
  'distance_accuracy_value','confusion accuracy');
#12443 = CONTEXT_DEPENDENT_SHAPE_REPRESENTATION(#12444,#12446);
#12444 = ( REPRESENTATION_RELATIONSHIP('','',#10803,#10) 
REPRESENTATION_RELATIONSHIP_WITH_TRANSFORMATION(#12445) 
SHAPE_REPRESENTATION_RELATIONSHIP() );
#12445 = ITEM_DEFINED_TRANSFORMATION('','',#11,#107);
#12446 = PRODUCT_DEFINITION_SHAPE('Placement','Placement of an item',
  #12447);
#12447 = NEXT_ASSEMBLY_USAGE_OCCURRENCE('24','U1','',#5,#10798,$);
#12448 = PRODUCT_RELATED_PRODUCT_CATEGORY('part',$,(#10800));
#12449 = CONTEXT_DEPENDENT_SHAPE_REPRESENTATION(#12450,#12452);
#12450 = ( REPRESENTATION_RELATIONSHIP('','',#156,#10) 
REPRESENTATION_RELATIONSHIP_WITH_TRANSFORMATION(#12451) 
SHAPE_REPRESENTATION_RELATIONSHIP() );
#12451 = ITEM_DEFINED_TRANSFORMATION('','',#11,#111);
#12452 = PRODUCT_DEFINITION_SHAPE('Placement','Placement of an item',
  #12453);
#12453 = NEXT_ASSEMBLY_USAGE_OCCURRENCE('25','C13','',#5,#151,$);
#12454 = SHAPE_DEFINITION_REPRESENTATION(#12455,#12461);
#12455 = PRODUCT_DEFINITION_SHAPE('','',#12456);
#12456 = PRODUCT_DEFINITION('design','',#12457,#12460);
#12457 = PRODUCT_DEFINITION_FORMATION('','',#12458);
#12458 = PRODUCT('D_SOD-323','D_SOD-323','',(#12459));
#12459 = PRODUCT_CONTEXT('',#2,'mechanical');
#12460 = PRODUCT_DEFINITION_CONTEXT('part definition',#2,'design');
#12461 = ADVANCED_BREP_SHAPE_REPRESENTATION('',(#11,#12462),#14150);
#12462 = MANIFOLD_SOLID_BREP('',#12463);
#12463 = CLOSED_SHELL('',(#12464,#12518,#12581,#12604,#12634,#12667,
    #12697,#12720,#12743,#12766,#12789,#12812,#12845,#12868,#12891,
    #12979,#13054,#13078,#13146,#13234,#13250,#13266,#13282,#13298,
    #13315,#13348,#13365,#13387,#13418,#13441,#13464,#13487,#13517,
    #13534,#13551,#13568,#13585,#13602,#13619,#13636,#13648,#13671,
    #13694,#13711,#13786,#13810,#13878,#13895,#13945,#13962,#13979,
    #13996,#14013,#14030,#14042,#14073,#14097,#14121,#14138));
#12464 = ADVANCED_FACE('',(#12465),#12513,.F.);
#12465 = FACE_BOUND('',#12466,.F.);
#12466 = EDGE_LOOP('',(#12467,#12477,#12484,#12492,#12500,#12508));
#12467 = ORIENTED_EDGE('',*,*,#12468,.T.);
#12468 = EDGE_CURVE('',#12469,#12471,#12473,.T.);
#12469 = VERTEX_POINT('',#12470);
#12470 = CARTESIAN_POINT('',(-0.790270145251,-0.500135072626,0.1));
#12471 = VERTEX_POINT('',#12472);
#12472 = CARTESIAN_POINT('',(-0.790270145251,0.500135072626,0.1));
#12473 = LINE('',#12474,#12475);
#12474 = CARTESIAN_POINT('',(-0.790270145251,-0.500135072626,0.1));
#12475 = VECTOR('',#12476,1.);
#12476 = DIRECTION('',(0.,1.,0.));
#12477 = ORIENTED_EDGE('',*,*,#12478,.T.);
#12478 = EDGE_CURVE('',#12471,#12479,#12481,.T.);
#12479 = VERTEX_POINT('',#12480);
#12480 = CARTESIAN_POINT('',(-0.85,0.53,0.525));
#12481 = B_SPLINE_CURVE_WITH_KNOTS('',1,(#12482,#12483),.UNSPECIFIED.,
  .F.,.F.,(2,2),(0.,1.),.PIECEWISE_BEZIER_KNOTS.);
#12482 = CARTESIAN_POINT('',(-0.790270145251,0.500135072626,0.1));
#12483 = CARTESIAN_POINT('',(-0.85,0.53,0.525));
#12484 = ORIENTED_EDGE('',*,*,#12485,.F.);
#12485 = EDGE_CURVE('',#12486,#12479,#12488,.T.);
#12486 = VERTEX_POINT('',#12487);
#12487 = CARTESIAN_POINT('',(-0.85,0.175,0.525));
#12488 = LINE('',#12489,#12490);
#12489 = CARTESIAN_POINT('',(-0.85,-0.53,0.525));
#12490 = VECTOR('',#12491,1.);
#12491 = DIRECTION('',(0.,1.,0.));
#12492 = ORIENTED_EDGE('',*,*,#12493,.F.);
#12493 = EDGE_CURVE('',#12494,#12486,#12496,.T.);
#12494 = VERTEX_POINT('',#12495);
#12495 = CARTESIAN_POINT('',(-0.85,-0.175,0.525));
#12496 = LINE('',#12497,#12498);
#12497 = CARTESIAN_POINT('',(-0.85,-0.175,0.525));
#12498 = VECTOR('',#12499,1.);
#12499 = DIRECTION('',(1.110223024625E-16,1.,0.));
#12500 = ORIENTED_EDGE('',*,*,#12501,.F.);
#12501 = EDGE_CURVE('',#12502,#12494,#12504,.T.);
#12502 = VERTEX_POINT('',#12503);
#12503 = CARTESIAN_POINT('',(-0.85,-0.53,0.525));
#12504 = LINE('',#12505,#12506);
#12505 = CARTESIAN_POINT('',(-0.85,-0.53,0.525));
#12506 = VECTOR('',#12507,1.);
#12507 = DIRECTION('',(0.,1.,0.));
#12508 = ORIENTED_EDGE('',*,*,#12509,.F.);
#12509 = EDGE_CURVE('',#12469,#12502,#12510,.T.);
#12510 = B_SPLINE_CURVE_WITH_KNOTS('',1,(#12511,#12512),.UNSPECIFIED.,
  .F.,.F.,(2,2),(0.,1.),.PIECEWISE_BEZIER_KNOTS.);
#12511 = CARTESIAN_POINT('',(-0.790270145251,-0.500135072626,0.1));
#12512 = CARTESIAN_POINT('',(-0.85,-0.53,0.525));
#12513 = B_SPLINE_SURFACE_WITH_KNOTS('',1,1,(
    (#12514,#12515)
    ,(#12516,#12517
    )),.UNSPECIFIED.,.F.,.F.,.F.,(2,2),(2,2),(0.,1.06),(0.,1.),
  .PIECEWISE_BEZIER_KNOTS.);
#12514 = CARTESIAN_POINT('',(-0.790270145251,-0.500135072626,0.1));
#12515 = CARTESIAN_POINT('',(-0.85,-0.53,0.525));
#12516 = CARTESIAN_POINT('',(-0.790270145251,0.500135072626,0.1));
#12517 = CARTESIAN_POINT('',(-0.85,0.53,0.525));
#12518 = ADVANCED_FACE('',(#12519),#12576,.F.);
#12519 = FACE_BOUND('',#12520,.T.);
#12520 = EDGE_LOOP('',(#12521,#12522,#12530,#12538,#12546,#12554,#12562,
    #12570));
#12521 = ORIENTED_EDGE('',*,*,#12468,.T.);
#12522 = ORIENTED_EDGE('',*,*,#12523,.T.);
#12523 = EDGE_CURVE('',#12471,#12524,#12526,.T.);
#12524 = VERTEX_POINT('',#12525);
#12525 = CARTESIAN_POINT('',(-0.725135072626,0.565270145251,0.1));
#12526 = LINE('',#12527,#12528);
#12527 = CARTESIAN_POINT('',(-0.790270145251,0.500135072626,0.1));
#12528 = VECTOR('',#12529,1.);
#12529 = DIRECTION('',(0.707106781187,0.707106781187,0.));
#12530 = ORIENTED_EDGE('',*,*,#12531,.T.);
#12531 = EDGE_CURVE('',#12524,#12532,#12534,.T.);
#12532 = VERTEX_POINT('',#12533);
#12533 = CARTESIAN_POINT('',(0.725135072626,0.565270145251,0.1));
#12534 = LINE('',#12535,#12536);
#12535 = CARTESIAN_POINT('',(-0.725135072626,0.565270145251,0.1));
#12536 = VECTOR('',#12537,1.);
#12537 = DIRECTION('',(1.,0.,0.));
#12538 = ORIENTED_EDGE('',*,*,#12539,.T.);
#12539 = EDGE_CURVE('',#12532,#12540,#12542,.T.);
#12540 = VERTEX_POINT('',#12541);
#12541 = CARTESIAN_POINT('',(0.790270145251,0.500135072626,0.1));
#12542 = LINE('',#12543,#12544);
#12543 = CARTESIAN_POINT('',(0.725135072626,0.565270145251,0.1));
#12544 = VECTOR('',#12545,1.);
#12545 = DIRECTION('',(0.707106781187,-0.707106781187,0.));
#12546 = ORIENTED_EDGE('',*,*,#12547,.T.);
#12547 = EDGE_CURVE('',#12540,#12548,#12550,.T.);
#12548 = VERTEX_POINT('',#12549);
#12549 = CARTESIAN_POINT('',(0.790270145251,-0.500135072626,0.1));
#12550 = LINE('',#12551,#12552);
#12551 = CARTESIAN_POINT('',(0.790270145251,0.500135072626,0.1));
#12552 = VECTOR('',#12553,1.);
#12553 = DIRECTION('',(0.,-1.,0.));
#12554 = ORIENTED_EDGE('',*,*,#12555,.T.);
#12555 = EDGE_CURVE('',#12548,#12556,#12558,.T.);
#12556 = VERTEX_POINT('',#12557);
#12557 = CARTESIAN_POINT('',(0.725135072626,-0.565270145251,0.1));
#12558 = LINE('',#12559,#12560);
#12559 = CARTESIAN_POINT('',(0.790270145251,-0.500135072626,0.1));
#12560 = VECTOR('',#12561,1.);
#12561 = DIRECTION('',(-0.707106781187,-0.707106781187,0.));
#12562 = ORIENTED_EDGE('',*,*,#12563,.T.);
#12563 = EDGE_CURVE('',#12556,#12564,#12566,.T.);
#12564 = VERTEX_POINT('',#12565);
#12565 = CARTESIAN_POINT('',(-0.725135072626,-0.565270145251,0.1));
#12566 = LINE('',#12567,#12568);
#12567 = CARTESIAN_POINT('',(0.725135072626,-0.565270145251,0.1));
#12568 = VECTOR('',#12569,1.);
#12569 = DIRECTION('',(-1.,0.,0.));
#12570 = ORIENTED_EDGE('',*,*,#12571,.T.);
#12571 = EDGE_CURVE('',#12564,#12469,#12572,.T.);
#12572 = LINE('',#12573,#12574);
#12573 = CARTESIAN_POINT('',(-0.725135072626,-0.565270145251,0.1));
#12574 = VECTOR('',#12575,1.);
#12575 = DIRECTION('',(-0.707106781187,0.707106781187,0.));
#12576 = PLANE('',#12577);
#12577 = AXIS2_PLACEMENT_3D('',#12578,#12579,#12580);
#12578 = CARTESIAN_POINT('',(-0.790270145251,-0.500135072626,0.1));
#12579 = DIRECTION('',(0.,0.,1.));
#12580 = DIRECTION('',(0.844997546083,0.534770181587,-0.));
#12581 = ADVANCED_FACE('',(#12582),#12599,.F.);
#12582 = FACE_BOUND('',#12583,.F.);
#12583 = EDGE_LOOP('',(#12584,#12585,#12592,#12598));
#12584 = ORIENTED_EDGE('',*,*,#12523,.T.);
#12585 = ORIENTED_EDGE('',*,*,#12586,.T.);
#12586 = EDGE_CURVE('',#12524,#12587,#12589,.T.);
#12587 = VERTEX_POINT('',#12588);
#12588 = CARTESIAN_POINT('',(-0.755,0.625,0.525));
#12589 = B_SPLINE_CURVE_WITH_KNOTS('',1,(#12590,#12591),.UNSPECIFIED.,
  .F.,.F.,(2,2),(0.,1.),.PIECEWISE_BEZIER_KNOTS.);
#12590 = CARTESIAN_POINT('',(-0.725135072626,0.565270145251,0.1));
#12591 = CARTESIAN_POINT('',(-0.755,0.625,0.525));
#12592 = ORIENTED_EDGE('',*,*,#12593,.F.);
#12593 = EDGE_CURVE('',#12479,#12587,#12594,.T.);
#12594 = LINE('',#12595,#12596);
#12595 = CARTESIAN_POINT('',(-0.85,0.53,0.525));
#12596 = VECTOR('',#12597,1.);
#12597 = DIRECTION('',(0.707106781187,0.707106781187,0.));
#12598 = ORIENTED_EDGE('',*,*,#12478,.F.);
#12599 = B_SPLINE_SURFACE_WITH_KNOTS('',1,1,(
    (#12600,#12601)
    ,(#12602,#12603
    )),.UNSPECIFIED.,.F.,.F.,.F.,(2,2),(2,2),(0.,0.134350288425),(0.,1.)
  ,.PIECEWISE_BEZIER_KNOTS.);
#12600 = CARTESIAN_POINT('',(-0.790270145251,0.500135072626,0.1));
#12601 = CARTESIAN_POINT('',(-0.85,0.53,0.525));
#12602 = CARTESIAN_POINT('',(-0.725135072626,0.565270145251,0.1));
#12603 = CARTESIAN_POINT('',(-0.755,0.625,0.525));
#12604 = ADVANCED_FACE('',(#12605),#12629,.F.);
#12605 = FACE_BOUND('',#12606,.F.);
#12606 = EDGE_LOOP('',(#12607,#12614,#12615,#12623));
#12607 = ORIENTED_EDGE('',*,*,#12608,.F.);
#12608 = EDGE_CURVE('',#12502,#12609,#12611,.T.);
#12609 = VERTEX_POINT('',#12610);
#12610 = CARTESIAN_POINT('',(-0.85,-0.53,0.675));
#12611 = B_SPLINE_CURVE_WITH_KNOTS('',1,(#12612,#12613),.UNSPECIFIED.,
  .F.,.F.,(2,2),(0.,1.),.PIECEWISE_BEZIER_KNOTS.);
#12612 = CARTESIAN_POINT('',(-0.85,-0.53,0.525));
#12613 = CARTESIAN_POINT('',(-0.85,-0.53,0.675));
#12614 = ORIENTED_EDGE('',*,*,#12501,.T.);
#12615 = ORIENTED_EDGE('',*,*,#12616,.T.);
#12616 = EDGE_CURVE('',#12494,#12617,#12619,.T.);
#12617 = VERTEX_POINT('',#12618);
#12618 = CARTESIAN_POINT('',(-0.85,-0.175,0.675));
#12619 = LINE('',#12620,#12621);
#12620 = CARTESIAN_POINT('',(-0.85,-0.175,0.503709028349));
#12621 = VECTOR('',#12622,1.);
#12622 = DIRECTION('',(0.,0.,1.));
#12623 = ORIENTED_EDGE('',*,*,#12624,.F.);
#12624 = EDGE_CURVE('',#12609,#12617,#12625,.T.);
#12625 = LINE('',#12626,#12627);
#12626 = CARTESIAN_POINT('',(-0.85,-0.53,0.675));
#12627 = VECTOR('',#12628,1.);
#12628 = DIRECTION('',(0.,1.,0.));
#12629 = PLANE('',#12630);
#12630 = AXIS2_PLACEMENT_3D('',#12631,#12632,#12633);
#12631 = CARTESIAN_POINT('',(-0.85,-0.53,0.675));
#12632 = DIRECTION('',(1.,0.,0.));
#12633 = DIRECTION('',(-0.,1.,0.));
#12634 = ADVANCED_FACE('',(#12635),#12662,.F.);
#12635 = FACE_BOUND('',#12636,.F.);
#12636 = EDGE_LOOP('',(#12637,#12638,#12647,#12655));
#12637 = ORIENTED_EDGE('',*,*,#12493,.T.);
#12638 = ORIENTED_EDGE('',*,*,#12639,.T.);
#12639 = EDGE_CURVE('',#12486,#12640,#12642,.T.);
#12640 = VERTEX_POINT('',#12641);
#12641 = CARTESIAN_POINT('',(-0.918936542711,0.175,0.467155372437));
#12642 = CIRCLE('',#12643,7.E-02);
#12643 = AXIS2_PLACEMENT_3D('',#12644,#12645,#12646);
#12644 = CARTESIAN_POINT('',(-0.85,0.175,0.455));
#12645 = DIRECTION('',(-1.110223024625E-16,-1.,0.));
#12646 = DIRECTION('',(0.,0.,1.));
#12647 = ORIENTED_EDGE('',*,*,#12648,.F.);
#12648 = EDGE_CURVE('',#12649,#12640,#12651,.T.);
#12649 = VERTEX_POINT('',#12650);
#12650 = CARTESIAN_POINT('',(-0.918936542711,-0.175,0.467155372437));
#12651 = LINE('',#12652,#12653);
#12652 = CARTESIAN_POINT('',(-0.918936542711,-0.175,0.467155372437));
#12653 = VECTOR('',#12654,1.);
#12654 = DIRECTION('',(1.110223024625E-16,1.,0.));
#12655 = ORIENTED_EDGE('',*,*,#12656,.F.);
#12656 = EDGE_CURVE('',#12494,#12649,#12657,.T.);
#12657 = CIRCLE('',#12658,7.E-02);
#12658 = AXIS2_PLACEMENT_3D('',#12659,#12660,#12661);
#12659 = CARTESIAN_POINT('',(-0.85,-0.175,0.455));
#12660 = DIRECTION('',(-1.110223024625E-16,-1.,0.));
#12661 = DIRECTION('',(0.,0.,1.));
#12662 = CYLINDRICAL_SURFACE('',#12663,7.E-02);
#12663 = AXIS2_PLACEMENT_3D('',#12664,#12665,#12666);
#12664 = CARTESIAN_POINT('',(-0.85,-0.175,0.455));
#12665 = DIRECTION('',(-1.110223024625E-16,-1.,0.));
#12666 = DIRECTION('',(0.,0.,1.));
#12667 = ADVANCED_FACE('',(#12668),#12692,.F.);
#12668 = FACE_BOUND('',#12669,.F.);
#12669 = EDGE_LOOP('',(#12670,#12678,#12679,#12686));
#12670 = ORIENTED_EDGE('',*,*,#12671,.F.);
#12671 = EDGE_CURVE('',#12486,#12672,#12674,.T.);
#12672 = VERTEX_POINT('',#12673);
#12673 = CARTESIAN_POINT('',(-0.85,0.175,0.675));
#12674 = LINE('',#12675,#12676);
#12675 = CARTESIAN_POINT('',(-0.85,0.175,0.503709028349));
#12676 = VECTOR('',#12677,1.);
#12677 = DIRECTION('',(0.,0.,1.));
#12678 = ORIENTED_EDGE('',*,*,#12485,.T.);
#12679 = ORIENTED_EDGE('',*,*,#12680,.T.);
#12680 = EDGE_CURVE('',#12479,#12681,#12683,.T.);
#12681 = VERTEX_POINT('',#12682);
#12682 = CARTESIAN_POINT('',(-0.85,0.53,0.675));
#12683 = B_SPLINE_CURVE_WITH_KNOTS('',1,(#12684,#12685),.UNSPECIFIED.,
  .F.,.F.,(2,2),(0.,1.),.PIECEWISE_BEZIER_KNOTS.);
#12684 = CARTESIAN_POINT('',(-0.85,0.53,0.525));
#12685 = CARTESIAN_POINT('',(-0.85,0.53,0.675));
#12686 = ORIENTED_EDGE('',*,*,#12687,.F.);
#12687 = EDGE_CURVE('',#12672,#12681,#12688,.T.);
#12688 = LINE('',#12689,#12690);
#12689 = CARTESIAN_POINT('',(-0.85,-0.53,0.675));
#12690 = VECTOR('',#12691,1.);
#12691 = DIRECTION('',(0.,1.,0.));
#12692 = PLANE('',#12693);
#12693 = AXIS2_PLACEMENT_3D('',#12694,#12695,#12696);
#12694 = CARTESIAN_POINT('',(-0.85,-0.53,0.675));
#12695 = DIRECTION('',(1.,0.,0.));
#12696 = DIRECTION('',(-0.,1.,0.));
#12697 = ADVANCED_FACE('',(#12698),#12715,.F.);
#12698 = FACE_BOUND('',#12699,.F.);
#12699 = EDGE_LOOP('',(#12700,#12701,#12702,#12710));
#12700 = ORIENTED_EDGE('',*,*,#12571,.T.);
#12701 = ORIENTED_EDGE('',*,*,#12509,.T.);
#12702 = ORIENTED_EDGE('',*,*,#12703,.F.);
#12703 = EDGE_CURVE('',#12704,#12502,#12706,.T.);
#12704 = VERTEX_POINT('',#12705);
#12705 = CARTESIAN_POINT('',(-0.755,-0.625,0.525));
#12706 = LINE('',#12707,#12708);
#12707 = CARTESIAN_POINT('',(-0.755,-0.625,0.525));
#12708 = VECTOR('',#12709,1.);
#12709 = DIRECTION('',(-0.707106781187,0.707106781187,0.));
#12710 = ORIENTED_EDGE('',*,*,#12711,.F.);
#12711 = EDGE_CURVE('',#12564,#12704,#12712,.T.);
#12712 = B_SPLINE_CURVE_WITH_KNOTS('',1,(#12713,#12714),.UNSPECIFIED.,
  .F.,.F.,(2,2),(0.,1.),.PIECEWISE_BEZIER_KNOTS.);
#12713 = CARTESIAN_POINT('',(-0.725135072626,-0.565270145251,0.1));
#12714 = CARTESIAN_POINT('',(-0.755,-0.625,0.525));
#12715 = B_SPLINE_SURFACE_WITH_KNOTS('',1,1,(
    (#12716,#12717)
    ,(#12718,#12719
    )),.UNSPECIFIED.,.F.,.F.,.F.,(2,2),(2,2),(0.,0.134350288425),(0.,1.)
  ,.PIECEWISE_BEZIER_KNOTS.);
#12716 = CARTESIAN_POINT('',(-0.725135072626,-0.565270145251,0.1));
#12717 = CARTESIAN_POINT('',(-0.755,-0.625,0.525));
#12718 = CARTESIAN_POINT('',(-0.790270145251,-0.500135072626,0.1));
#12719 = CARTESIAN_POINT('',(-0.85,-0.53,0.525));
#12720 = ADVANCED_FACE('',(#12721),#12738,.F.);
#12721 = FACE_BOUND('',#12722,.F.);
#12722 = EDGE_LOOP('',(#12723,#12724,#12725,#12733));
#12723 = ORIENTED_EDGE('',*,*,#12563,.T.);
#12724 = ORIENTED_EDGE('',*,*,#12711,.T.);
#12725 = ORIENTED_EDGE('',*,*,#12726,.F.);
#12726 = EDGE_CURVE('',#12727,#12704,#12729,.T.);
#12727 = VERTEX_POINT('',#12728);
#12728 = CARTESIAN_POINT('',(0.755,-0.625,0.525));
#12729 = LINE('',#12730,#12731);
#12730 = CARTESIAN_POINT('',(0.755,-0.625,0.525));
#12731 = VECTOR('',#12732,1.);
#12732 = DIRECTION('',(-1.,0.,0.));
#12733 = ORIENTED_EDGE('',*,*,#12734,.F.);
#12734 = EDGE_CURVE('',#12556,#12727,#12735,.T.);
#12735 = B_SPLINE_CURVE_WITH_KNOTS('',1,(#12736,#12737),.UNSPECIFIED.,
  .F.,.F.,(2,2),(0.,1.),.PIECEWISE_BEZIER_KNOTS.);
#12736 = CARTESIAN_POINT('',(0.725135072626,-0.565270145251,0.1));
#12737 = CARTESIAN_POINT('',(0.755,-0.625,0.525));
#12738 = B_SPLINE_SURFACE_WITH_KNOTS('',1,1,(
    (#12739,#12740)
    ,(#12741,#12742
    )),.UNSPECIFIED.,.F.,.F.,.F.,(2,2),(2,2),(0.,1.51),(0.,1.),
  .PIECEWISE_BEZIER_KNOTS.);
#12739 = CARTESIAN_POINT('',(0.725135072626,-0.565270145251,0.1));
#12740 = CARTESIAN_POINT('',(0.755,-0.625,0.525));
#12741 = CARTESIAN_POINT('',(-0.725135072626,-0.565270145251,0.1));
#12742 = CARTESIAN_POINT('',(-0.755,-0.625,0.525));
#12743 = ADVANCED_FACE('',(#12744),#12761,.F.);
#12744 = FACE_BOUND('',#12745,.F.);
#12745 = EDGE_LOOP('',(#12746,#12747,#12754,#12760));
#12746 = ORIENTED_EDGE('',*,*,#12531,.T.);
#12747 = ORIENTED_EDGE('',*,*,#12748,.T.);
#12748 = EDGE_CURVE('',#12532,#12749,#12751,.T.);
#12749 = VERTEX_POINT('',#12750);
#12750 = CARTESIAN_POINT('',(0.755,0.625,0.525));
#12751 = B_SPLINE_CURVE_WITH_KNOTS('',1,(#12752,#12753),.UNSPECIFIED.,
  .F.,.F.,(2,2),(0.,1.),.PIECEWISE_BEZIER_KNOTS.);
#12752 = CARTESIAN_POINT('',(0.725135072626,0.565270145251,0.1));
#12753 = CARTESIAN_POINT('',(0.755,0.625,0.525));
#12754 = ORIENTED_EDGE('',*,*,#12755,.F.);
#12755 = EDGE_CURVE('',#12587,#12749,#12756,.T.);
#12756 = LINE('',#12757,#12758);
#12757 = CARTESIAN_POINT('',(-0.755,0.625,0.525));
#12758 = VECTOR('',#12759,1.);
#12759 = DIRECTION('',(1.,0.,0.));
#12760 = ORIENTED_EDGE('',*,*,#12586,.F.);
#12761 = B_SPLINE_SURFACE_WITH_KNOTS('',1,1,(
    (#12762,#12763)
    ,(#12764,#12765
    )),.UNSPECIFIED.,.F.,.F.,.F.,(2,2),(2,2),(0.,1.51),(0.,1.),
  .PIECEWISE_BEZIER_KNOTS.);
#12762 = CARTESIAN_POINT('',(-0.725135072626,0.565270145251,0.1));
#12763 = CARTESIAN_POINT('',(-0.755,0.625,0.525));
#12764 = CARTESIAN_POINT('',(0.725135072626,0.565270145251,0.1));
#12765 = CARTESIAN_POINT('',(0.755,0.625,0.525));
#12766 = ADVANCED_FACE('',(#12767),#12784,.F.);
#12767 = FACE_BOUND('',#12768,.F.);
#12768 = EDGE_LOOP('',(#12769,#12770,#12771,#12779));
#12769 = ORIENTED_EDGE('',*,*,#12555,.T.);
#12770 = ORIENTED_EDGE('',*,*,#12734,.T.);
#12771 = ORIENTED_EDGE('',*,*,#12772,.F.);
#12772 = EDGE_CURVE('',#12773,#12727,#12775,.T.);
#12773 = VERTEX_POINT('',#12774);
#12774 = CARTESIAN_POINT('',(0.85,-0.53,0.525));
#12775 = LINE('',#12776,#12777);
#12776 = CARTESIAN_POINT('',(0.85,-0.53,0.525));
#12777 = VECTOR('',#12778,1.);
#12778 = DIRECTION('',(-0.707106781187,-0.707106781187,0.));
#12779 = ORIENTED_EDGE('',*,*,#12780,.F.);
#12780 = EDGE_CURVE('',#12548,#12773,#12781,.T.);
#12781 = B_SPLINE_CURVE_WITH_KNOTS('',1,(#12782,#12783),.UNSPECIFIED.,
  .F.,.F.,(2,2),(0.,1.),.PIECEWISE_BEZIER_KNOTS.);
#12782 = CARTESIAN_POINT('',(0.790270145251,-0.500135072626,0.1));
#12783 = CARTESIAN_POINT('',(0.85,-0.53,0.525));
#12784 = B_SPLINE_SURFACE_WITH_KNOTS('',1,1,(
    (#12785,#12786)
    ,(#12787,#12788
    )),.UNSPECIFIED.,.F.,.F.,.F.,(2,2),(2,2),(0.,0.134350288425),(0.,1.)
  ,.PIECEWISE_BEZIER_KNOTS.);
#12785 = CARTESIAN_POINT('',(0.790270145251,-0.500135072626,0.1));
#12786 = CARTESIAN_POINT('',(0.85,-0.53,0.525));
#12787 = CARTESIAN_POINT('',(0.725135072626,-0.565270145251,0.1));
#12788 = CARTESIAN_POINT('',(0.755,-0.625,0.525));
#12789 = ADVANCED_FACE('',(#12790),#12807,.F.);
#12790 = FACE_BOUND('',#12791,.F.);
#12791 = EDGE_LOOP('',(#12792,#12793,#12800,#12806));
#12792 = ORIENTED_EDGE('',*,*,#12539,.T.);
#12793 = ORIENTED_EDGE('',*,*,#12794,.T.);
#12794 = EDGE_CURVE('',#12540,#12795,#12797,.T.);
#12795 = VERTEX_POINT('',#12796);
#12796 = CARTESIAN_POINT('',(0.85,0.53,0.525));
#12797 = B_SPLINE_CURVE_WITH_KNOTS('',1,(#12798,#12799),.UNSPECIFIED.,
  .F.,.F.,(2,2),(0.,1.),.PIECEWISE_BEZIER_KNOTS.);
#12798 = CARTESIAN_POINT('',(0.790270145251,0.500135072626,0.1));
#12799 = CARTESIAN_POINT('',(0.85,0.53,0.525));
#12800 = ORIENTED_EDGE('',*,*,#12801,.F.);
#12801 = EDGE_CURVE('',#12749,#12795,#12802,.T.);
#12802 = LINE('',#12803,#12804);
#12803 = CARTESIAN_POINT('',(0.755,0.625,0.525));
#12804 = VECTOR('',#12805,1.);
#12805 = DIRECTION('',(0.707106781187,-0.707106781187,0.));
#12806 = ORIENTED_EDGE('',*,*,#12748,.F.);
#12807 = B_SPLINE_SURFACE_WITH_KNOTS('',1,1,(
    (#12808,#12809)
    ,(#12810,#12811
    )),.UNSPECIFIED.,.F.,.F.,.F.,(2,2),(2,2),(0.,0.134350288425),(0.,1.)
  ,.PIECEWISE_BEZIER_KNOTS.);
#12808 = CARTESIAN_POINT('',(0.725135072626,0.565270145251,0.1));
#12809 = CARTESIAN_POINT('',(0.755,0.625,0.525));
#12810 = CARTESIAN_POINT('',(0.790270145251,0.500135072626,0.1));
#12811 = CARTESIAN_POINT('',(0.85,0.53,0.525));
#12812 = ADVANCED_FACE('',(#12813),#12840,.F.);
#12813 = FACE_BOUND('',#12814,.F.);
#12814 = EDGE_LOOP('',(#12815,#12816,#12817,#12825,#12833,#12839));
#12815 = ORIENTED_EDGE('',*,*,#12547,.T.);
#12816 = ORIENTED_EDGE('',*,*,#12780,.T.);
#12817 = ORIENTED_EDGE('',*,*,#12818,.F.);
#12818 = EDGE_CURVE('',#12819,#12773,#12821,.T.);
#12819 = VERTEX_POINT('',#12820);
#12820 = CARTESIAN_POINT('',(0.85,-0.175,0.525));
#12821 = LINE('',#12822,#12823);
#12822 = CARTESIAN_POINT('',(0.85,0.53,0.525));
#12823 = VECTOR('',#12824,1.);
#12824 = DIRECTION('',(0.,-1.,0.));
#12825 = ORIENTED_EDGE('',*,*,#12826,.F.);
#12826 = EDGE_CURVE('',#12827,#12819,#12829,.T.);
#12827 = VERTEX_POINT('',#12828);
#12828 = CARTESIAN_POINT('',(0.85,0.175,0.525));
#12829 = LINE('',#12830,#12831);
#12830 = CARTESIAN_POINT('',(0.85,0.175,0.525));
#12831 = VECTOR('',#12832,1.);
#12832 = DIRECTION('',(-2.22044604925E-16,-1.,0.));
#12833 = ORIENTED_EDGE('',*,*,#12834,.F.);
#12834 = EDGE_CURVE('',#12795,#12827,#12835,.T.);
#12835 = LINE('',#12836,#12837);
#12836 = CARTESIAN_POINT('',(0.85,0.53,0.525));
#12837 = VECTOR('',#12838,1.);
#12838 = DIRECTION('',(0.,-1.,0.));
#12839 = ORIENTED_EDGE('',*,*,#12794,.F.);
#12840 = B_SPLINE_SURFACE_WITH_KNOTS('',1,1,(
    (#12841,#12842)
    ,(#12843,#12844
    )),.UNSPECIFIED.,.F.,.F.,.F.,(2,2),(2,2),(0.,1.06),(0.,1.),
  .PIECEWISE_BEZIER_KNOTS.);
#12841 = CARTESIAN_POINT('',(0.790270145251,0.500135072626,0.1));
#12842 = CARTESIAN_POINT('',(0.85,0.53,0.525));
#12843 = CARTESIAN_POINT('',(0.790270145251,-0.500135072626,0.1));
#12844 = CARTESIAN_POINT('',(0.85,-0.53,0.525));
#12845 = ADVANCED_FACE('',(#12846),#12863,.F.);
#12846 = FACE_BOUND('',#12847,.F.);
#12847 = EDGE_LOOP('',(#12848,#12849,#12856,#12862));
#12848 = ORIENTED_EDGE('',*,*,#12593,.T.);
#12849 = ORIENTED_EDGE('',*,*,#12850,.T.);
#12850 = EDGE_CURVE('',#12587,#12851,#12853,.T.);
#12851 = VERTEX_POINT('',#12852);
#12852 = CARTESIAN_POINT('',(-0.755,0.625,0.675));
#12853 = B_SPLINE_CURVE_WITH_KNOTS('',1,(#12854,#12855),.UNSPECIFIED.,
  .F.,.F.,(2,2),(0.,1.),.PIECEWISE_BEZIER_KNOTS.);
#12854 = CARTESIAN_POINT('',(-0.755,0.625,0.525));
#12855 = CARTESIAN_POINT('',(-0.755,0.625,0.675));
#12856 = ORIENTED_EDGE('',*,*,#12857,.F.);
#12857 = EDGE_CURVE('',#12681,#12851,#12858,.T.);
#12858 = LINE('',#12859,#12860);
#12859 = CARTESIAN_POINT('',(-0.85,0.53,0.675));
#12860 = VECTOR('',#12861,1.);
#12861 = DIRECTION('',(0.707106781187,0.707106781187,0.));
#12862 = ORIENTED_EDGE('',*,*,#12680,.F.);
#12863 = PLANE('',#12864);
#12864 = AXIS2_PLACEMENT_3D('',#12865,#12866,#12867);
#12865 = CARTESIAN_POINT('',(-0.85,0.53,0.675));
#12866 = DIRECTION('',(0.707106781187,-0.707106781187,0.));
#12867 = DIRECTION('',(0.707106781187,0.707106781187,0.));
#12868 = ADVANCED_FACE('',(#12869),#12886,.F.);
#12869 = FACE_BOUND('',#12870,.F.);
#12870 = EDGE_LOOP('',(#12871,#12872,#12873,#12881));
#12871 = ORIENTED_EDGE('',*,*,#12703,.T.);
#12872 = ORIENTED_EDGE('',*,*,#12608,.T.);
#12873 = ORIENTED_EDGE('',*,*,#12874,.F.);
#12874 = EDGE_CURVE('',#12875,#12609,#12877,.T.);
#12875 = VERTEX_POINT('',#12876);
#12876 = CARTESIAN_POINT('',(-0.755,-0.625,0.675));
#12877 = LINE('',#12878,#12879);
#12878 = CARTESIAN_POINT('',(-0.755,-0.625,0.675));
#12879 = VECTOR('',#12880,1.);
#12880 = DIRECTION('',(-0.707106781187,0.707106781187,0.));
#12881 = ORIENTED_EDGE('',*,*,#12882,.F.);
#12882 = EDGE_CURVE('',#12704,#12875,#12883,.T.);
#12883 = B_SPLINE_CURVE_WITH_KNOTS('',1,(#12884,#12885),.UNSPECIFIED.,
  .F.,.F.,(2,2),(0.,1.),.PIECEWISE_BEZIER_KNOTS.);
#12884 = CARTESIAN_POINT('',(-0.755,-0.625,0.525));
#12885 = CARTESIAN_POINT('',(-0.755,-0.625,0.675));
#12886 = PLANE('',#12887);
#12887 = AXIS2_PLACEMENT_3D('',#12888,#12889,#12890);
#12888 = CARTESIAN_POINT('',(-0.755,-0.625,0.675));
#12889 = DIRECTION('',(0.707106781187,0.707106781187,0.));
#12890 = DIRECTION('',(-0.707106781187,0.707106781187,0.));
#12891 = ADVANCED_FACE('',(#12892),#12974,.F.);
#12892 = FACE_BOUND('',#12893,.F.);
#12893 = EDGE_LOOP('',(#12894,#12895,#12896,#12904,#12912,#12920,#12928,
    #12936,#12944,#12952,#12960,#12968));
#12894 = ORIENTED_EDGE('',*,*,#12874,.T.);
#12895 = ORIENTED_EDGE('',*,*,#12624,.T.);
#12896 = ORIENTED_EDGE('',*,*,#12897,.T.);
#12897 = EDGE_CURVE('',#12617,#12898,#12900,.T.);
#12898 = VERTEX_POINT('',#12899);
#12899 = CARTESIAN_POINT('',(-0.825,-0.175,0.675));
#12900 = LINE('',#12901,#12902);
#12901 = CARTESIAN_POINT('',(-0.85,-0.175,0.675));
#12902 = VECTOR('',#12903,1.);
#12903 = DIRECTION('',(1.,-1.110223024625E-16,0.));
#12904 = ORIENTED_EDGE('',*,*,#12905,.F.);
#12905 = EDGE_CURVE('',#12906,#12898,#12908,.T.);
#12906 = VERTEX_POINT('',#12907);
#12907 = CARTESIAN_POINT('',(-0.825,-0.5175,0.675));
#12908 = LINE('',#12909,#12910);
#12909 = CARTESIAN_POINT('',(-0.825,-0.5175,0.675));
#12910 = VECTOR('',#12911,1.);
#12911 = DIRECTION('',(0.,1.,0.));
#12912 = ORIENTED_EDGE('',*,*,#12913,.F.);
#12913 = EDGE_CURVE('',#12914,#12906,#12916,.T.);
#12914 = VERTEX_POINT('',#12915);
#12915 = CARTESIAN_POINT('',(-0.7425,-0.6,0.675));
#12916 = LINE('',#12917,#12918);
#12917 = CARTESIAN_POINT('',(-0.7425,-0.6,0.675));
#12918 = VECTOR('',#12919,1.);
#12919 = DIRECTION('',(-0.707106781187,0.707106781187,0.));
#12920 = ORIENTED_EDGE('',*,*,#12921,.F.);
#12921 = EDGE_CURVE('',#12922,#12914,#12924,.T.);
#12922 = VERTEX_POINT('',#12923);
#12923 = CARTESIAN_POINT('',(0.7425,-0.6,0.675));
#12924 = LINE('',#12925,#12926);
#12925 = CARTESIAN_POINT('',(0.7425,-0.6,0.675));
#12926 = VECTOR('',#12927,1.);
#12927 = DIRECTION('',(-1.,0.,0.));
#12928 = ORIENTED_EDGE('',*,*,#12929,.F.);
#12929 = EDGE_CURVE('',#12930,#12922,#12932,.T.);
#12930 = VERTEX_POINT('',#12931);
#12931 = CARTESIAN_POINT('',(0.825,-0.5175,0.675));
#12932 = LINE('',#12933,#12934);
#12933 = CARTESIAN_POINT('',(0.825,-0.5175,0.675));
#12934 = VECTOR('',#12935,1.);
#12935 = DIRECTION('',(-0.707106781187,-0.707106781187,0.));
#12936 = ORIENTED_EDGE('',*,*,#12937,.F.);
#12937 = EDGE_CURVE('',#12938,#12930,#12940,.T.);
#12938 = VERTEX_POINT('',#12939);
#12939 = CARTESIAN_POINT('',(0.825,-0.175,0.675));
#12940 = LINE('',#12941,#12942);
#12941 = CARTESIAN_POINT('',(0.825,0.5175,0.675));
#12942 = VECTOR('',#12943,1.);
#12943 = DIRECTION('',(0.,-1.,0.));
#12944 = ORIENTED_EDGE('',*,*,#12945,.F.);
#12945 = EDGE_CURVE('',#12946,#12938,#12948,.T.);
#12946 = VERTEX_POINT('',#12947);
#12947 = CARTESIAN_POINT('',(0.85,-0.175,0.675));
#12948 = LINE('',#12949,#12950);
#12949 = CARTESIAN_POINT('',(0.85,-0.175,0.675));
#12950 = VECTOR('',#12951,1.);
#12951 = DIRECTION('',(-1.,2.22044604925E-16,0.));
#12952 = ORIENTED_EDGE('',*,*,#12953,.T.);
#12953 = EDGE_CURVE('',#12946,#12954,#12956,.T.);
#12954 = VERTEX_POINT('',#12955);
#12955 = CARTESIAN_POINT('',(0.85,-0.53,0.675));
#12956 = LINE('',#12957,#12958);
#12957 = CARTESIAN_POINT('',(0.85,0.53,0.675));
#12958 = VECTOR('',#12959,1.);
#12959 = DIRECTION('',(0.,-1.,0.));
#12960 = ORIENTED_EDGE('',*,*,#12961,.T.);
#12961 = EDGE_CURVE('',#12954,#12962,#12964,.T.);
#12962 = VERTEX_POINT('',#12963);
#12963 = CARTESIAN_POINT('',(0.755,-0.625,0.675));
#12964 = LINE('',#12965,#12966);
#12965 = CARTESIAN_POINT('',(0.85,-0.53,0.675));
#12966 = VECTOR('',#12967,1.);
#12967 = DIRECTION('',(-0.707106781187,-0.707106781187,0.));
#12968 = ORIENTED_EDGE('',*,*,#12969,.T.);
#12969 = EDGE_CURVE('',#12962,#12875,#12970,.T.);
#12970 = LINE('',#12971,#12972);
#12971 = CARTESIAN_POINT('',(0.755,-0.625,0.675));
#12972 = VECTOR('',#12973,1.);
#12973 = DIRECTION('',(-1.,0.,0.));
#12974 = PLANE('',#12975);
#12975 = AXIS2_PLACEMENT_3D('',#12976,#12977,#12978);
#12976 = CARTESIAN_POINT('',(-0.8375,1.101047627727E-17,0.675));
#12977 = DIRECTION('',(-4.586476420025E-27,1.633860438167E-31,-1.));
#12978 = DIRECTION('',(1.568703130043E-18,1.,1.633860438167E-31));
#12979 = ADVANCED_FACE('',(#12980),#13049,.F.);
#12980 = FACE_BOUND('',#12981,.F.);
#12981 = EDGE_LOOP('',(#12982,#12983,#12984,#12992,#13001,#13009,#13017,
    #13025,#13034,#13042));
#12982 = ORIENTED_EDGE('',*,*,#12616,.F.);
#12983 = ORIENTED_EDGE('',*,*,#12656,.T.);
#12984 = ORIENTED_EDGE('',*,*,#12985,.T.);
#12985 = EDGE_CURVE('',#12649,#12986,#12988,.T.);
#12986 = VERTEX_POINT('',#12987);
#12987 = CARTESIAN_POINT('',(-0.964779134804,-0.175,0.181797400913));
#12988 = LINE('',#12989,#12990);
#12989 = CARTESIAN_POINT('',(-0.918936542711,-0.175,0.467155372437));
#12990 = VECTOR('',#12991,1.);
#12991 = DIRECTION('',(-0.158615661317,1.760987592604E-17,
    -0.987340403298));
#12992 = ORIENTED_EDGE('',*,*,#12993,.T.);
#12993 = EDGE_CURVE('',#12986,#12994,#12996,.T.);
#12994 = VERTEX_POINT('',#12995);
#12995 = CARTESIAN_POINT('',(-1.181436840466,-0.175,-5.551115123126E-17)
  );
#12996 = CIRCLE('',#12997,0.22);
#12997 = AXIS2_PLACEMENT_3D('',#12998,#12999,#13000);
#12998 = CARTESIAN_POINT('',(-1.181436840466,-0.175,0.22));
#12999 = DIRECTION('',(1.110223024625E-16,1.,6.255634725081E-34));
#13000 = DIRECTION('',(0.984807753012,-1.093356242223E-16,
    -0.173648177667));
#13001 = ORIENTED_EDGE('',*,*,#13002,.T.);
#13002 = EDGE_CURVE('',#12994,#13003,#13005,.T.);
#13003 = VERTEX_POINT('',#13004);
#13004 = CARTESIAN_POINT('',(-1.25,-0.175,-5.551115123126E-17));
#13005 = LINE('',#13006,#13007);
#13006 = CARTESIAN_POINT('',(-1.181436840466,-0.175,-5.551115123126E-17)
  );
#13007 = VECTOR('',#13008,1.);
#13008 = DIRECTION('',(-1.,1.110223024625E-16,0.));
#13009 = ORIENTED_EDGE('',*,*,#13010,.T.);
#13010 = EDGE_CURVE('',#13003,#13011,#13013,.T.);
#13011 = VERTEX_POINT('',#13012);
#13012 = CARTESIAN_POINT('',(-1.25,-0.175,0.15));
#13013 = LINE('',#13014,#13015);
#13014 = CARTESIAN_POINT('',(-1.25,-0.175,-5.551115123126E-17));
#13015 = VECTOR('',#13016,1.);
#13016 = DIRECTION('',(0.,0.,1.));
#13017 = ORIENTED_EDGE('',*,*,#13018,.T.);
#13018 = EDGE_CURVE('',#13011,#13019,#13021,.T.);
#13019 = VERTEX_POINT('',#13020);
#13020 = CARTESIAN_POINT('',(-1.181436840466,-0.175,0.15));
#13021 = LINE('',#13022,#13023);
#13022 = CARTESIAN_POINT('',(-1.25,-0.175,0.15));
#13023 = VECTOR('',#13024,1.);
#13024 = DIRECTION('',(1.,-1.110223024625E-16,0.));
#13025 = ORIENTED_EDGE('',*,*,#13026,.T.);
#13026 = EDGE_CURVE('',#13019,#13027,#13029,.T.);
#13027 = VERTEX_POINT('',#13028);
#13028 = CARTESIAN_POINT('',(-1.112500297756,-0.175,0.207844627563));
#13029 = CIRCLE('',#13030,7.E-02);
#13030 = AXIS2_PLACEMENT_3D('',#13031,#13032,#13033);
#13031 = CARTESIAN_POINT('',(-1.181436840466,-0.175,0.22));
#13032 = DIRECTION('',(-1.110223024625E-16,-1.,-0.));
#13033 = DIRECTION('',(0.,0.,-1.));
#13034 = ORIENTED_EDGE('',*,*,#13035,.T.);
#13035 = EDGE_CURVE('',#13027,#13036,#13038,.T.);
#13036 = VERTEX_POINT('',#13037);
#13037 = CARTESIAN_POINT('',(-1.066657705663,-0.175,0.493202599087));
#13038 = LINE('',#13039,#13040);
#13039 = CARTESIAN_POINT('',(-1.112500297756,-0.175,0.207844627563));
#13040 = VECTOR('',#13041,1.);
#13041 = DIRECTION('',(0.158615661317,-1.760987592604E-17,0.987340403298
    ));
#13042 = ORIENTED_EDGE('',*,*,#13043,.T.);
#13043 = EDGE_CURVE('',#13036,#12617,#13044,.T.);
#13044 = CIRCLE('',#13045,0.22);
#13045 = AXIS2_PLACEMENT_3D('',#13046,#13047,#13048);
#13046 = CARTESIAN_POINT('',(-0.85,-0.175,0.455));
#13047 = DIRECTION('',(1.110223024625E-16,1.,6.255634725081E-34));
#13048 = DIRECTION('',(-0.984807753012,1.093356242223E-16,0.173648177667
    ));
#13049 = PLANE('',#13050);
#13050 = AXIS2_PLACEMENT_3D('',#13051,#13052,#13053);
#13051 = CARTESIAN_POINT('',(-1.021526355437,-0.175,0.332418056697));
#13052 = DIRECTION('',(1.110223024625E-16,1.,0.));
#13053 = DIRECTION('',(0.,-0.,1.));
#13054 = ADVANCED_FACE('',(#13055),#13073,.F.);
#13055 = FACE_BOUND('',#13056,.F.);
#13056 = EDGE_LOOP('',(#13057,#13058,#13066,#13072));
#13057 = ORIENTED_EDGE('',*,*,#12648,.T.);
#13058 = ORIENTED_EDGE('',*,*,#13059,.T.);
#13059 = EDGE_CURVE('',#12640,#13060,#13062,.T.);
#13060 = VERTEX_POINT('',#13061);
#13061 = CARTESIAN_POINT('',(-0.964779134804,0.175,0.181797400913));
#13062 = LINE('',#13063,#13064);
#13063 = CARTESIAN_POINT('',(-0.918936542711,0.175,0.467155372437));
#13064 = VECTOR('',#13065,1.);
#13065 = DIRECTION('',(-0.158615661317,1.760987592604E-17,
    -0.987340403298));
#13066 = ORIENTED_EDGE('',*,*,#13067,.F.);
#13067 = EDGE_CURVE('',#12986,#13060,#13068,.T.);
#13068 = LINE('',#13069,#13070);
#13069 = CARTESIAN_POINT('',(-0.964779134804,-0.175,0.181797400913));
#13070 = VECTOR('',#13071,1.);
#13071 = DIRECTION('',(1.110223024625E-16,1.,0.));
#13072 = ORIENTED_EDGE('',*,*,#12985,.F.);
#13073 = PLANE('',#13074);
#13074 = AXIS2_PLACEMENT_3D('',#13075,#13076,#13077);
#13075 = CARTESIAN_POINT('',(-0.918936542711,-0.175,0.467155372437));
#13076 = DIRECTION('',(-0.987340403298,1.096168048884E-16,0.158615661317
    ));
#13077 = DIRECTION('',(-0.158615661317,1.760987592604E-17,
    -0.987340403298));
#13078 = ADVANCED_FACE('',(#13079),#13141,.T.);
#13079 = FACE_BOUND('',#13080,.T.);
#13080 = EDGE_LOOP('',(#13081,#13082,#13083,#13084,#13093,#13101,#13109,
    #13117,#13126,#13134));
#13081 = ORIENTED_EDGE('',*,*,#12671,.F.);
#13082 = ORIENTED_EDGE('',*,*,#12639,.T.);
#13083 = ORIENTED_EDGE('',*,*,#13059,.T.);
#13084 = ORIENTED_EDGE('',*,*,#13085,.T.);
#13085 = EDGE_CURVE('',#13060,#13086,#13088,.T.);
#13086 = VERTEX_POINT('',#13087);
#13087 = CARTESIAN_POINT('',(-1.181436840466,0.175,-5.551115123126E-17)
  );
#13088 = CIRCLE('',#13089,0.22);
#13089 = AXIS2_PLACEMENT_3D('',#13090,#13091,#13092);
#13090 = CARTESIAN_POINT('',(-1.181436840466,0.175,0.22));
#13091 = DIRECTION('',(1.110223024625E-16,1.,6.255634725081E-34));
#13092 = DIRECTION('',(0.984807753012,-1.093356242223E-16,
    -0.173648177667));
#13093 = ORIENTED_EDGE('',*,*,#13094,.T.);
#13094 = EDGE_CURVE('',#13086,#13095,#13097,.T.);
#13095 = VERTEX_POINT('',#13096);
#13096 = CARTESIAN_POINT('',(-1.25,0.175,-5.551115123126E-17));
#13097 = LINE('',#13098,#13099);
#13098 = CARTESIAN_POINT('',(-1.181436840466,0.175,-5.551115123126E-17)
  );
#13099 = VECTOR('',#13100,1.);
#13100 = DIRECTION('',(-1.,1.110223024625E-16,0.));
#13101 = ORIENTED_EDGE('',*,*,#13102,.T.);
#13102 = EDGE_CURVE('',#13095,#13103,#13105,.T.);
#13103 = VERTEX_POINT('',#13104);
#13104 = CARTESIAN_POINT('',(-1.25,0.175,0.15));
#13105 = LINE('',#13106,#13107);
#13106 = CARTESIAN_POINT('',(-1.25,0.175,-5.551115123126E-17));
#13107 = VECTOR('',#13108,1.);
#13108 = DIRECTION('',(0.,0.,1.));
#13109 = ORIENTED_EDGE('',*,*,#13110,.T.);
#13110 = EDGE_CURVE('',#13103,#13111,#13113,.T.);
#13111 = VERTEX_POINT('',#13112);
#13112 = CARTESIAN_POINT('',(-1.181436840466,0.175,0.15));
#13113 = LINE('',#13114,#13115);
#13114 = CARTESIAN_POINT('',(-1.25,0.175,0.15));
#13115 = VECTOR('',#13116,1.);
#13116 = DIRECTION('',(1.,-1.110223024625E-16,0.));
#13117 = ORIENTED_EDGE('',*,*,#13118,.T.);
#13118 = EDGE_CURVE('',#13111,#13119,#13121,.T.);
#13119 = VERTEX_POINT('',#13120);
#13120 = CARTESIAN_POINT('',(-1.112500297756,0.175,0.207844627563));
#13121 = CIRCLE('',#13122,7.E-02);
#13122 = AXIS2_PLACEMENT_3D('',#13123,#13124,#13125);
#13123 = CARTESIAN_POINT('',(-1.181436840466,0.175,0.22));
#13124 = DIRECTION('',(-1.110223024625E-16,-1.,-0.));
#13125 = DIRECTION('',(0.,0.,-1.));
#13126 = ORIENTED_EDGE('',*,*,#13127,.T.);
#13127 = EDGE_CURVE('',#13119,#13128,#13130,.T.);
#13128 = VERTEX_POINT('',#13129);
#13129 = CARTESIAN_POINT('',(-1.066657705663,0.175,0.493202599087));
#13130 = LINE('',#13131,#13132);
#13131 = CARTESIAN_POINT('',(-1.112500297756,0.175,0.207844627563));
#13132 = VECTOR('',#13133,1.);
#13133 = DIRECTION('',(0.158615661317,-1.760987592604E-17,0.987340403298
    ));
#13134 = ORIENTED_EDGE('',*,*,#13135,.T.);
#13135 = EDGE_CURVE('',#13128,#12672,#13136,.T.);
#13136 = CIRCLE('',#13137,0.22);
#13137 = AXIS2_PLACEMENT_3D('',#13138,#13139,#13140);
#13138 = CARTESIAN_POINT('',(-0.85,0.175,0.455));
#13139 = DIRECTION('',(1.110223024625E-16,1.,6.255634725081E-34));
#13140 = DIRECTION('',(-0.984807753012,1.093356242223E-16,0.173648177667
    ));
#13141 = PLANE('',#13142);
#13142 = AXIS2_PLACEMENT_3D('',#13143,#13144,#13145);
#13143 = CARTESIAN_POINT('',(-1.021526355437,0.175,0.332418056697));
#13144 = DIRECTION('',(1.110223024625E-16,1.,0.));
#13145 = DIRECTION('',(0.,-0.,1.));
#13146 = ADVANCED_FACE('',(#13147),#13229,.F.);
#13147 = FACE_BOUND('',#13148,.F.);
#13148 = EDGE_LOOP('',(#13149,#13157,#13158,#13159,#13167,#13175,#13183,
    #13191,#13199,#13207,#13215,#13223));
#13149 = ORIENTED_EDGE('',*,*,#13150,.F.);
#13150 = EDGE_CURVE('',#12672,#13151,#13153,.T.);
#13151 = VERTEX_POINT('',#13152);
#13152 = CARTESIAN_POINT('',(-0.825,0.175,0.675));
#13153 = LINE('',#13154,#13155);
#13154 = CARTESIAN_POINT('',(-0.85,0.175,0.675));
#13155 = VECTOR('',#13156,1.);
#13156 = DIRECTION('',(1.,-1.110223024625E-16,0.));
#13157 = ORIENTED_EDGE('',*,*,#12687,.T.);
#13158 = ORIENTED_EDGE('',*,*,#12857,.T.);
#13159 = ORIENTED_EDGE('',*,*,#13160,.T.);
#13160 = EDGE_CURVE('',#12851,#13161,#13163,.T.);
#13161 = VERTEX_POINT('',#13162);
#13162 = CARTESIAN_POINT('',(0.755,0.625,0.675));
#13163 = LINE('',#13164,#13165);
#13164 = CARTESIAN_POINT('',(-0.755,0.625,0.675));
#13165 = VECTOR('',#13166,1.);
#13166 = DIRECTION('',(1.,0.,0.));
#13167 = ORIENTED_EDGE('',*,*,#13168,.T.);
#13168 = EDGE_CURVE('',#13161,#13169,#13171,.T.);
#13169 = VERTEX_POINT('',#13170);
#13170 = CARTESIAN_POINT('',(0.85,0.53,0.675));
#13171 = LINE('',#13172,#13173);
#13172 = CARTESIAN_POINT('',(0.755,0.625,0.675));
#13173 = VECTOR('',#13174,1.);
#13174 = DIRECTION('',(0.707106781187,-0.707106781187,0.));
#13175 = ORIENTED_EDGE('',*,*,#13176,.T.);
#13176 = EDGE_CURVE('',#13169,#13177,#13179,.T.);
#13177 = VERTEX_POINT('',#13178);
#13178 = CARTESIAN_POINT('',(0.85,0.175,0.675));
#13179 = LINE('',#13180,#13181);
#13180 = CARTESIAN_POINT('',(0.85,0.53,0.675));
#13181 = VECTOR('',#13182,1.);
#13182 = DIRECTION('',(0.,-1.,0.));
#13183 = ORIENTED_EDGE('',*,*,#13184,.T.);
#13184 = EDGE_CURVE('',#13177,#13185,#13187,.T.);
#13185 = VERTEX_POINT('',#13186);
#13186 = CARTESIAN_POINT('',(0.825,0.175,0.675));
#13187 = LINE('',#13188,#13189);
#13188 = CARTESIAN_POINT('',(0.85,0.175,0.675));
#13189 = VECTOR('',#13190,1.);
#13190 = DIRECTION('',(-1.,2.22044604925E-16,0.));
#13191 = ORIENTED_EDGE('',*,*,#13192,.F.);
#13192 = EDGE_CURVE('',#13193,#13185,#13195,.T.);
#13193 = VERTEX_POINT('',#13194);
#13194 = CARTESIAN_POINT('',(0.825,0.5175,0.675));
#13195 = LINE('',#13196,#13197);
#13196 = CARTESIAN_POINT('',(0.825,0.5175,0.675));
#13197 = VECTOR('',#13198,1.);
#13198 = DIRECTION('',(0.,-1.,0.));
#13199 = ORIENTED_EDGE('',*,*,#13200,.F.);
#13200 = EDGE_CURVE('',#13201,#13193,#13203,.T.);
#13201 = VERTEX_POINT('',#13202);
#13202 = CARTESIAN_POINT('',(0.7425,0.6,0.675));
#13203 = LINE('',#13204,#13205);
#13204 = CARTESIAN_POINT('',(0.7425,0.6,0.675));
#13205 = VECTOR('',#13206,1.);
#13206 = DIRECTION('',(0.707106781187,-0.707106781187,0.));
#13207 = ORIENTED_EDGE('',*,*,#13208,.F.);
#13208 = EDGE_CURVE('',#13209,#13201,#13211,.T.);
#13209 = VERTEX_POINT('',#13210);
#13210 = CARTESIAN_POINT('',(-0.7425,0.6,0.675));
#13211 = LINE('',#13212,#13213);
#13212 = CARTESIAN_POINT('',(-0.7425,0.6,0.675));
#13213 = VECTOR('',#13214,1.);
#13214 = DIRECTION('',(1.,0.,0.));
#13215 = ORIENTED_EDGE('',*,*,#13216,.F.);
#13216 = EDGE_CURVE('',#13217,#13209,#13219,.T.);
#13217 = VERTEX_POINT('',#13218);
#13218 = CARTESIAN_POINT('',(-0.825,0.5175,0.675));
#13219 = LINE('',#13220,#13221);
#13220 = CARTESIAN_POINT('',(-0.825,0.5175,0.675));
#13221 = VECTOR('',#13222,1.);
#13222 = DIRECTION('',(0.707106781187,0.707106781187,0.));
#13223 = ORIENTED_EDGE('',*,*,#13224,.F.);
#13224 = EDGE_CURVE('',#13151,#13217,#13225,.T.);
#13225 = LINE('',#13226,#13227);
#13226 = CARTESIAN_POINT('',(-0.825,-0.5175,0.675));
#13227 = VECTOR('',#13228,1.);
#13228 = DIRECTION('',(0.,1.,0.));
#13229 = PLANE('',#13230);
#13230 = AXIS2_PLACEMENT_3D('',#13231,#13232,#13233);
#13231 = CARTESIAN_POINT('',(-0.8375,1.101047627727E-17,0.675));
#13232 = DIRECTION('',(-4.586476420025E-27,1.633860438167E-31,-1.));
#13233 = DIRECTION('',(1.568703130043E-18,1.,1.633860438167E-31));
#13234 = ADVANCED_FACE('',(#13235),#13245,.F.);
#13235 = FACE_BOUND('',#13236,.F.);
#13236 = EDGE_LOOP('',(#13237,#13238,#13239,#13240));
#13237 = ORIENTED_EDGE('',*,*,#12726,.T.);
#13238 = ORIENTED_EDGE('',*,*,#12882,.T.);
#13239 = ORIENTED_EDGE('',*,*,#12969,.F.);
#13240 = ORIENTED_EDGE('',*,*,#13241,.F.);
#13241 = EDGE_CURVE('',#12727,#12962,#13242,.T.);
#13242 = B_SPLINE_CURVE_WITH_KNOTS('',1,(#13243,#13244),.UNSPECIFIED.,
  .F.,.F.,(2,2),(0.,1.),.PIECEWISE_BEZIER_KNOTS.);
#13243 = CARTESIAN_POINT('',(0.755,-0.625,0.525));
#13244 = CARTESIAN_POINT('',(0.755,-0.625,0.675));
#13245 = PLANE('',#13246);
#13246 = AXIS2_PLACEMENT_3D('',#13247,#13248,#13249);
#13247 = CARTESIAN_POINT('',(0.755,-0.625,0.675));
#13248 = DIRECTION('',(0.,1.,0.));
#13249 = DIRECTION('',(-1.,0.,0.));
#13250 = ADVANCED_FACE('',(#13251),#13261,.F.);
#13251 = FACE_BOUND('',#13252,.F.);
#13252 = EDGE_LOOP('',(#13253,#13254,#13259,#13260));
#13253 = ORIENTED_EDGE('',*,*,#12755,.T.);
#13254 = ORIENTED_EDGE('',*,*,#13255,.T.);
#13255 = EDGE_CURVE('',#12749,#13161,#13256,.T.);
#13256 = B_SPLINE_CURVE_WITH_KNOTS('',1,(#13257,#13258),.UNSPECIFIED.,
  .F.,.F.,(2,2),(0.,1.),.PIECEWISE_BEZIER_KNOTS.);
#13257 = CARTESIAN_POINT('',(0.755,0.625,0.525));
#13258 = CARTESIAN_POINT('',(0.755,0.625,0.675));
#13259 = ORIENTED_EDGE('',*,*,#13160,.F.);
#13260 = ORIENTED_EDGE('',*,*,#12850,.F.);
#13261 = PLANE('',#13262);
#13262 = AXIS2_PLACEMENT_3D('',#13263,#13264,#13265);
#13263 = CARTESIAN_POINT('',(-0.755,0.625,0.675));
#13264 = DIRECTION('',(0.,-1.,0.));
#13265 = DIRECTION('',(1.,0.,0.));
#13266 = ADVANCED_FACE('',(#13267),#13277,.F.);
#13267 = FACE_BOUND('',#13268,.F.);
#13268 = EDGE_LOOP('',(#13269,#13270,#13271,#13272));
#13269 = ORIENTED_EDGE('',*,*,#12772,.T.);
#13270 = ORIENTED_EDGE('',*,*,#13241,.T.);
#13271 = ORIENTED_EDGE('',*,*,#12961,.F.);
#13272 = ORIENTED_EDGE('',*,*,#13273,.F.);
#13273 = EDGE_CURVE('',#12773,#12954,#13274,.T.);
#13274 = B_SPLINE_CURVE_WITH_KNOTS('',1,(#13275,#13276),.UNSPECIFIED.,
  .F.,.F.,(2,2),(0.,1.),.PIECEWISE_BEZIER_KNOTS.);
#13275 = CARTESIAN_POINT('',(0.85,-0.53,0.525));
#13276 = CARTESIAN_POINT('',(0.85,-0.53,0.675));
#13277 = PLANE('',#13278);
#13278 = AXIS2_PLACEMENT_3D('',#13279,#13280,#13281);
#13279 = CARTESIAN_POINT('',(0.85,-0.53,0.675));
#13280 = DIRECTION('',(-0.707106781187,0.707106781187,0.));
#13281 = DIRECTION('',(-0.707106781187,-0.707106781187,0.));
#13282 = ADVANCED_FACE('',(#13283),#13293,.F.);
#13283 = FACE_BOUND('',#13284,.F.);
#13284 = EDGE_LOOP('',(#13285,#13286,#13291,#13292));
#13285 = ORIENTED_EDGE('',*,*,#12801,.T.);
#13286 = ORIENTED_EDGE('',*,*,#13287,.T.);
#13287 = EDGE_CURVE('',#12795,#13169,#13288,.T.);
#13288 = B_SPLINE_CURVE_WITH_KNOTS('',1,(#13289,#13290),.UNSPECIFIED.,
  .F.,.F.,(2,2),(0.,1.),.PIECEWISE_BEZIER_KNOTS.);
#13289 = CARTESIAN_POINT('',(0.85,0.53,0.525));
#13290 = CARTESIAN_POINT('',(0.85,0.53,0.675));
#13291 = ORIENTED_EDGE('',*,*,#13168,.F.);
#13292 = ORIENTED_EDGE('',*,*,#13255,.F.);
#13293 = PLANE('',#13294);
#13294 = AXIS2_PLACEMENT_3D('',#13295,#13296,#13297);
#13295 = CARTESIAN_POINT('',(0.755,0.625,0.675));
#13296 = DIRECTION('',(-0.707106781187,-0.707106781187,0.));
#13297 = DIRECTION('',(0.707106781187,-0.707106781187,0.));
#13298 = ADVANCED_FACE('',(#13299),#13310,.F.);
#13299 = FACE_BOUND('',#13300,.F.);
#13300 = EDGE_LOOP('',(#13301,#13302,#13303,#13309));
#13301 = ORIENTED_EDGE('',*,*,#13287,.F.);
#13302 = ORIENTED_EDGE('',*,*,#12834,.T.);
#13303 = ORIENTED_EDGE('',*,*,#13304,.T.);
#13304 = EDGE_CURVE('',#12827,#13177,#13305,.T.);
#13305 = LINE('',#13306,#13307);
#13306 = CARTESIAN_POINT('',(0.85,0.175,0.503709028349));
#13307 = VECTOR('',#13308,1.);
#13308 = DIRECTION('',(0.,0.,1.));
#13309 = ORIENTED_EDGE('',*,*,#13176,.F.);
#13310 = PLANE('',#13311);
#13311 = AXIS2_PLACEMENT_3D('',#13312,#13313,#13314);
#13312 = CARTESIAN_POINT('',(0.85,0.53,0.675));
#13313 = DIRECTION('',(-1.,0.,0.));
#13314 = DIRECTION('',(0.,-1.,0.));
#13315 = ADVANCED_FACE('',(#13316),#13343,.F.);
#13316 = FACE_BOUND('',#13317,.F.);
#13317 = EDGE_LOOP('',(#13318,#13319,#13328,#13336));
#13318 = ORIENTED_EDGE('',*,*,#12826,.T.);
#13319 = ORIENTED_EDGE('',*,*,#13320,.T.);
#13320 = EDGE_CURVE('',#12819,#13321,#13323,.T.);
#13321 = VERTEX_POINT('',#13322);
#13322 = CARTESIAN_POINT('',(0.918936542711,-0.175,0.467155372437));
#13323 = CIRCLE('',#13324,7.E-02);
#13324 = AXIS2_PLACEMENT_3D('',#13325,#13326,#13327);
#13325 = CARTESIAN_POINT('',(0.85,-0.175,0.455));
#13326 = DIRECTION('',(2.22044604925E-16,1.,-0.));
#13327 = DIRECTION('',(0.,0.,1.));
#13328 = ORIENTED_EDGE('',*,*,#13329,.F.);
#13329 = EDGE_CURVE('',#13330,#13321,#13332,.T.);
#13330 = VERTEX_POINT('',#13331);
#13331 = CARTESIAN_POINT('',(0.918936542711,0.175,0.467155372437));
#13332 = LINE('',#13333,#13334);
#13333 = CARTESIAN_POINT('',(0.918936542711,0.175,0.467155372437));
#13334 = VECTOR('',#13335,1.);
#13335 = DIRECTION('',(-2.22044604925E-16,-1.,0.));
#13336 = ORIENTED_EDGE('',*,*,#13337,.F.);
#13337 = EDGE_CURVE('',#12827,#13330,#13338,.T.);
#13338 = CIRCLE('',#13339,7.E-02);
#13339 = AXIS2_PLACEMENT_3D('',#13340,#13341,#13342);
#13340 = CARTESIAN_POINT('',(0.85,0.175,0.455));
#13341 = DIRECTION('',(2.22044604925E-16,1.,-0.));
#13342 = DIRECTION('',(0.,0.,1.));
#13343 = CYLINDRICAL_SURFACE('',#13344,7.E-02);
#13344 = AXIS2_PLACEMENT_3D('',#13345,#13346,#13347);
#13345 = CARTESIAN_POINT('',(0.85,0.175,0.455));
#13346 = DIRECTION('',(2.22044604925E-16,1.,0.));
#13347 = DIRECTION('',(0.,-0.,1.));
#13348 = ADVANCED_FACE('',(#13349),#13360,.F.);
#13349 = FACE_BOUND('',#13350,.F.);
#13350 = EDGE_LOOP('',(#13351,#13357,#13358,#13359));
#13351 = ORIENTED_EDGE('',*,*,#13352,.F.);
#13352 = EDGE_CURVE('',#12819,#12946,#13353,.T.);
#13353 = LINE('',#13354,#13355);
#13354 = CARTESIAN_POINT('',(0.85,-0.175,0.503709028349));
#13355 = VECTOR('',#13356,1.);
#13356 = DIRECTION('',(0.,0.,1.));
#13357 = ORIENTED_EDGE('',*,*,#12818,.T.);
#13358 = ORIENTED_EDGE('',*,*,#13273,.T.);
#13359 = ORIENTED_EDGE('',*,*,#12953,.F.);
#13360 = PLANE('',#13361);
#13361 = AXIS2_PLACEMENT_3D('',#13362,#13363,#13364);
#13362 = CARTESIAN_POINT('',(0.85,0.53,0.675));
#13363 = DIRECTION('',(-1.,0.,0.));
#13364 = DIRECTION('',(0.,-1.,0.));
#13365 = ADVANCED_FACE('',(#13366),#13382,.F.);
#13366 = FACE_BOUND('',#13367,.F.);
#13367 = EDGE_LOOP('',(#13368,#13369,#13375,#13376));
#13368 = ORIENTED_EDGE('',*,*,#13184,.F.);
#13369 = ORIENTED_EDGE('',*,*,#13370,.T.);
#13370 = EDGE_CURVE('',#13177,#12946,#13371,.T.);
#13371 = LINE('',#13372,#13373);
#13372 = CARTESIAN_POINT('',(0.85,0.175,0.675));
#13373 = VECTOR('',#13374,1.);
#13374 = DIRECTION('',(-2.22044604925E-16,-1.,0.));
#13375 = ORIENTED_EDGE('',*,*,#12945,.T.);
#13376 = ORIENTED_EDGE('',*,*,#13377,.F.);
#13377 = EDGE_CURVE('',#13185,#12938,#13378,.T.);
#13378 = LINE('',#13379,#13380);
#13379 = CARTESIAN_POINT('',(0.825,0.5175,0.675));
#13380 = VECTOR('',#13381,1.);
#13381 = DIRECTION('',(0.,-1.,0.));
#13382 = PLANE('',#13383);
#13383 = AXIS2_PLACEMENT_3D('',#13384,#13385,#13386);
#13384 = CARTESIAN_POINT('',(0.85,0.175,0.675));
#13385 = DIRECTION('',(0.,0.,-1.));
#13386 = DIRECTION('',(-1.,2.22044604925E-16,0.));
#13387 = ADVANCED_FACE('',(#13388),#13413,.F.);
#13388 = FACE_BOUND('',#13389,.F.);
#13389 = EDGE_LOOP('',(#13390,#13391,#13392,#13393,#13400,#13408));
#13390 = ORIENTED_EDGE('',*,*,#13192,.T.);
#13391 = ORIENTED_EDGE('',*,*,#13377,.T.);
#13392 = ORIENTED_EDGE('',*,*,#12937,.T.);
#13393 = ORIENTED_EDGE('',*,*,#13394,.T.);
#13394 = EDGE_CURVE('',#12930,#13395,#13397,.T.);
#13395 = VERTEX_POINT('',#13396);
#13396 = CARTESIAN_POINT('',(0.765270145251,-0.487635072626,1.1));
#13397 = B_SPLINE_CURVE_WITH_KNOTS('',1,(#13398,#13399),.UNSPECIFIED.,
  .F.,.F.,(2,2),(0.,1.),.PIECEWISE_BEZIER_KNOTS.);
#13398 = CARTESIAN_POINT('',(0.825,-0.5175,0.675));
#13399 = CARTESIAN_POINT('',(0.765270145251,-0.487635072626,1.1));
#13400 = ORIENTED_EDGE('',*,*,#13401,.F.);
#13401 = EDGE_CURVE('',#13402,#13395,#13404,.T.);
#13402 = VERTEX_POINT('',#13403);
#13403 = CARTESIAN_POINT('',(0.765270145251,0.487635072626,1.1));
#13404 = LINE('',#13405,#13406);
#13405 = CARTESIAN_POINT('',(0.765270145251,0.487635072626,1.1));
#13406 = VECTOR('',#13407,1.);
#13407 = DIRECTION('',(0.,-1.,0.));
#13408 = ORIENTED_EDGE('',*,*,#13409,.F.);
#13409 = EDGE_CURVE('',#13193,#13402,#13410,.T.);
#13410 = B_SPLINE_CURVE_WITH_KNOTS('',1,(#13411,#13412),.UNSPECIFIED.,
  .F.,.F.,(2,2),(0.,1.),.PIECEWISE_BEZIER_KNOTS.);
#13411 = CARTESIAN_POINT('',(0.825,0.5175,0.675));
#13412 = CARTESIAN_POINT('',(0.765270145251,0.487635072626,1.1));
#13413 = B_SPLINE_SURFACE_WITH_KNOTS('',1,1,(
    (#13414,#13415)
    ,(#13416,#13417
    )),.UNSPECIFIED.,.F.,.F.,.F.,(2,2),(2,2),(0.,1.035),(0.,1.),
  .PIECEWISE_BEZIER_KNOTS.);
#13414 = CARTESIAN_POINT('',(0.825,0.5175,0.675));
#13415 = CARTESIAN_POINT('',(0.765270145251,0.487635072626,1.1));
#13416 = CARTESIAN_POINT('',(0.825,-0.5175,0.675));
#13417 = CARTESIAN_POINT('',(0.765270145251,-0.487635072626,1.1));
#13418 = ADVANCED_FACE('',(#13419),#13436,.F.);
#13419 = FACE_BOUND('',#13420,.F.);
#13420 = EDGE_LOOP('',(#13421,#13422,#13429,#13435));
#13421 = ORIENTED_EDGE('',*,*,#12929,.T.);
#13422 = ORIENTED_EDGE('',*,*,#13423,.T.);
#13423 = EDGE_CURVE('',#12922,#13424,#13426,.T.);
#13424 = VERTEX_POINT('',#13425);
#13425 = CARTESIAN_POINT('',(0.712635072626,-0.540270145251,1.1));
#13426 = B_SPLINE_CURVE_WITH_KNOTS('',1,(#13427,#13428),.UNSPECIFIED.,
  .F.,.F.,(2,2),(0.,1.),.PIECEWISE_BEZIER_KNOTS.);
#13427 = CARTESIAN_POINT('',(0.7425,-0.6,0.675));
#13428 = CARTESIAN_POINT('',(0.712635072626,-0.540270145251,1.1));
#13429 = ORIENTED_EDGE('',*,*,#13430,.F.);
#13430 = EDGE_CURVE('',#13395,#13424,#13431,.T.);
#13431 = LINE('',#13432,#13433);
#13432 = CARTESIAN_POINT('',(0.765270145251,-0.487635072626,1.1));
#13433 = VECTOR('',#13434,1.);
#13434 = DIRECTION('',(-0.707106781187,-0.707106781187,0.));
#13435 = ORIENTED_EDGE('',*,*,#13394,.F.);
#13436 = B_SPLINE_SURFACE_WITH_KNOTS('',1,1,(
    (#13437,#13438)
    ,(#13439,#13440
    )),.UNSPECIFIED.,.F.,.F.,.F.,(2,2),(2,2),(0.,0.116672618896),(0.,1.)
  ,.PIECEWISE_BEZIER_KNOTS.);
#13437 = CARTESIAN_POINT('',(0.825,-0.5175,0.675));
#13438 = CARTESIAN_POINT('',(0.765270145251,-0.487635072626,1.1));
#13439 = CARTESIAN_POINT('',(0.7425,-0.6,0.675));
#13440 = CARTESIAN_POINT('',(0.712635072626,-0.540270145251,1.1));
#13441 = ADVANCED_FACE('',(#13442),#13459,.F.);
#13442 = FACE_BOUND('',#13443,.F.);
#13443 = EDGE_LOOP('',(#13444,#13445,#13452,#13458));
#13444 = ORIENTED_EDGE('',*,*,#12921,.T.);
#13445 = ORIENTED_EDGE('',*,*,#13446,.T.);
#13446 = EDGE_CURVE('',#12914,#13447,#13449,.T.);
#13447 = VERTEX_POINT('',#13448);
#13448 = CARTESIAN_POINT('',(-0.712635072626,-0.540270145251,1.1));
#13449 = B_SPLINE_CURVE_WITH_KNOTS('',1,(#13450,#13451),.UNSPECIFIED.,
  .F.,.F.,(2,2),(0.,1.),.PIECEWISE_BEZIER_KNOTS.);
#13450 = CARTESIAN_POINT('',(-0.7425,-0.6,0.675));
#13451 = CARTESIAN_POINT('',(-0.712635072626,-0.540270145251,1.1));
#13452 = ORIENTED_EDGE('',*,*,#13453,.F.);
#13453 = EDGE_CURVE('',#13424,#13447,#13454,.T.);
#13454 = LINE('',#13455,#13456);
#13455 = CARTESIAN_POINT('',(0.712635072626,-0.540270145251,1.1));
#13456 = VECTOR('',#13457,1.);
#13457 = DIRECTION('',(-1.,0.,0.));
#13458 = ORIENTED_EDGE('',*,*,#13423,.F.);
#13459 = B_SPLINE_SURFACE_WITH_KNOTS('',1,1,(
    (#13460,#13461)
    ,(#13462,#13463
    )),.UNSPECIFIED.,.F.,.F.,.F.,(2,2),(2,2),(0.,1.485),(0.,1.),
  .PIECEWISE_BEZIER_KNOTS.);
#13460 = CARTESIAN_POINT('',(0.7425,-0.6,0.675));
#13461 = CARTESIAN_POINT('',(0.712635072626,-0.540270145251,1.1));
#13462 = CARTESIAN_POINT('',(-0.7425,-0.6,0.675));
#13463 = CARTESIAN_POINT('',(-0.712635072626,-0.540270145251,1.1));
#13464 = ADVANCED_FACE('',(#13465),#13482,.F.);
#13465 = FACE_BOUND('',#13466,.F.);
#13466 = EDGE_LOOP('',(#13467,#13468,#13475,#13481));
#13467 = ORIENTED_EDGE('',*,*,#12913,.T.);
#13468 = ORIENTED_EDGE('',*,*,#13469,.T.);
#13469 = EDGE_CURVE('',#12906,#13470,#13472,.T.);
#13470 = VERTEX_POINT('',#13471);
#13471 = CARTESIAN_POINT('',(-0.765270145251,-0.487635072626,1.1));
#13472 = B_SPLINE_CURVE_WITH_KNOTS('',1,(#13473,#13474),.UNSPECIFIED.,
  .F.,.F.,(2,2),(0.,1.),.PIECEWISE_BEZIER_KNOTS.);
#13473 = CARTESIAN_POINT('',(-0.825,-0.5175,0.675));
#13474 = CARTESIAN_POINT('',(-0.765270145251,-0.487635072626,1.1));
#13475 = ORIENTED_EDGE('',*,*,#13476,.F.);
#13476 = EDGE_CURVE('',#13447,#13470,#13477,.T.);
#13477 = LINE('',#13478,#13479);
#13478 = CARTESIAN_POINT('',(-0.712635072626,-0.540270145251,1.1));
#13479 = VECTOR('',#13480,1.);
#13480 = DIRECTION('',(-0.707106781187,0.707106781187,0.));
#13481 = ORIENTED_EDGE('',*,*,#13446,.F.);
#13482 = B_SPLINE_SURFACE_WITH_KNOTS('',1,1,(
    (#13483,#13484)
    ,(#13485,#13486
    )),.UNSPECIFIED.,.F.,.F.,.F.,(2,2),(2,2),(0.,0.116672618896),(0.,1.)
  ,.PIECEWISE_BEZIER_KNOTS.);
#13483 = CARTESIAN_POINT('',(-0.7425,-0.6,0.675));
#13484 = CARTESIAN_POINT('',(-0.712635072626,-0.540270145251,1.1));
#13485 = CARTESIAN_POINT('',(-0.825,-0.5175,0.675));
#13486 = CARTESIAN_POINT('',(-0.765270145251,-0.487635072626,1.1));
#13487 = ADVANCED_FACE('',(#13488),#13512,.F.);
#13488 = FACE_BOUND('',#13489,.F.);
#13489 = EDGE_LOOP('',(#13490,#13491,#13497,#13498,#13505,#13511));
#13490 = ORIENTED_EDGE('',*,*,#12905,.T.);
#13491 = ORIENTED_EDGE('',*,*,#13492,.T.);
#13492 = EDGE_CURVE('',#12898,#13151,#13493,.T.);
#13493 = LINE('',#13494,#13495);
#13494 = CARTESIAN_POINT('',(-0.825,-0.5175,0.675));
#13495 = VECTOR('',#13496,1.);
#13496 = DIRECTION('',(0.,1.,0.));
#13497 = ORIENTED_EDGE('',*,*,#13224,.T.);
#13498 = ORIENTED_EDGE('',*,*,#13499,.T.);
#13499 = EDGE_CURVE('',#13217,#13500,#13502,.T.);
#13500 = VERTEX_POINT('',#13501);
#13501 = CARTESIAN_POINT('',(-0.765270145251,0.487635072626,1.1));
#13502 = B_SPLINE_CURVE_WITH_KNOTS('',1,(#13503,#13504),.UNSPECIFIED.,
  .F.,.F.,(2,2),(0.,1.),.PIECEWISE_BEZIER_KNOTS.);
#13503 = CARTESIAN_POINT('',(-0.825,0.5175,0.675));
#13504 = CARTESIAN_POINT('',(-0.765270145251,0.487635072626,1.1));
#13505 = ORIENTED_EDGE('',*,*,#13506,.F.);
#13506 = EDGE_CURVE('',#13470,#13500,#13507,.T.);
#13507 = LINE('',#13508,#13509);
#13508 = CARTESIAN_POINT('',(-0.765270145251,-0.487635072626,1.1));
#13509 = VECTOR('',#13510,1.);
#13510 = DIRECTION('',(0.,1.,0.));
#13511 = ORIENTED_EDGE('',*,*,#13469,.F.);
#13512 = B_SPLINE_SURFACE_WITH_KNOTS('',1,1,(
    (#13513,#13514)
    ,(#13515,#13516
    )),.UNSPECIFIED.,.F.,.F.,.F.,(2,2),(2,2),(0.,1.035),(0.,1.),
  .PIECEWISE_BEZIER_KNOTS.);
#13513 = CARTESIAN_POINT('',(-0.825,-0.5175,0.675));
#13514 = CARTESIAN_POINT('',(-0.765270145251,-0.487635072626,1.1));
#13515 = CARTESIAN_POINT('',(-0.825,0.5175,0.675));
#13516 = CARTESIAN_POINT('',(-0.765270145251,0.487635072626,1.1));
#13517 = ADVANCED_FACE('',(#13518),#13529,.F.);
#13518 = FACE_BOUND('',#13519,.F.);
#13519 = EDGE_LOOP('',(#13520,#13521,#13527,#13528));
#13520 = ORIENTED_EDGE('',*,*,#12897,.F.);
#13521 = ORIENTED_EDGE('',*,*,#13522,.T.);
#13522 = EDGE_CURVE('',#12617,#12672,#13523,.T.);
#13523 = LINE('',#13524,#13525);
#13524 = CARTESIAN_POINT('',(-0.85,-0.175,0.675));
#13525 = VECTOR('',#13526,1.);
#13526 = DIRECTION('',(1.110223024625E-16,1.,0.));
#13527 = ORIENTED_EDGE('',*,*,#13150,.T.);
#13528 = ORIENTED_EDGE('',*,*,#13492,.F.);
#13529 = PLANE('',#13530);
#13530 = AXIS2_PLACEMENT_3D('',#13531,#13532,#13533);
#13531 = CARTESIAN_POINT('',(-0.85,-0.175,0.675));
#13532 = DIRECTION('',(0.,0.,-1.));
#13533 = DIRECTION('',(1.,-1.110223024625E-16,0.));
#13534 = ADVANCED_FACE('',(#13535),#13546,.T.);
#13535 = FACE_BOUND('',#13536,.T.);
#13536 = EDGE_LOOP('',(#13537,#13538,#13539,#13540));
#13537 = ORIENTED_EDGE('',*,*,#13043,.T.);
#13538 = ORIENTED_EDGE('',*,*,#13522,.T.);
#13539 = ORIENTED_EDGE('',*,*,#13135,.F.);
#13540 = ORIENTED_EDGE('',*,*,#13541,.F.);
#13541 = EDGE_CURVE('',#13036,#13128,#13542,.T.);
#13542 = LINE('',#13543,#13544);
#13543 = CARTESIAN_POINT('',(-1.066657705663,-0.175,0.493202599087));
#13544 = VECTOR('',#13545,1.);
#13545 = DIRECTION('',(1.110223024625E-16,1.,0.));
#13546 = CYLINDRICAL_SURFACE('',#13547,0.22);
#13547 = AXIS2_PLACEMENT_3D('',#13548,#13549,#13550);
#13548 = CARTESIAN_POINT('',(-0.85,-0.175,0.455));
#13549 = DIRECTION('',(-1.110223024625E-16,-1.,-0.));
#13550 = DIRECTION('',(-0.984807753012,1.093356242223E-16,0.173648177667
    ));
#13551 = ADVANCED_FACE('',(#13552),#13563,.F.);
#13552 = FACE_BOUND('',#13553,.F.);
#13553 = EDGE_LOOP('',(#13554,#13560,#13561,#13562));
#13554 = ORIENTED_EDGE('',*,*,#13555,.T.);
#13555 = EDGE_CURVE('',#13027,#13119,#13556,.T.);
#13556 = LINE('',#13557,#13558);
#13557 = CARTESIAN_POINT('',(-1.112500297756,-0.175,0.207844627563));
#13558 = VECTOR('',#13559,1.);
#13559 = DIRECTION('',(1.110223024625E-16,1.,0.));
#13560 = ORIENTED_EDGE('',*,*,#13127,.T.);
#13561 = ORIENTED_EDGE('',*,*,#13541,.F.);
#13562 = ORIENTED_EDGE('',*,*,#13035,.F.);
#13563 = PLANE('',#13564);
#13564 = AXIS2_PLACEMENT_3D('',#13565,#13566,#13567);
#13565 = CARTESIAN_POINT('',(-1.112500297756,-0.175,0.207844627563));
#13566 = DIRECTION('',(0.987340403298,-1.096168048884E-16,
    -0.158615661317));
#13567 = DIRECTION('',(0.158615661317,-1.760987592604E-17,0.987340403298
    ));
#13568 = ADVANCED_FACE('',(#13569),#13580,.F.);
#13569 = FACE_BOUND('',#13570,.F.);
#13570 = EDGE_LOOP('',(#13571,#13577,#13578,#13579));
#13571 = ORIENTED_EDGE('',*,*,#13572,.T.);
#13572 = EDGE_CURVE('',#13019,#13111,#13573,.T.);
#13573 = LINE('',#13574,#13575);
#13574 = CARTESIAN_POINT('',(-1.181436840466,-0.175,0.15));
#13575 = VECTOR('',#13576,1.);
#13576 = DIRECTION('',(1.110223024625E-16,1.,0.));
#13577 = ORIENTED_EDGE('',*,*,#13118,.T.);
#13578 = ORIENTED_EDGE('',*,*,#13555,.F.);
#13579 = ORIENTED_EDGE('',*,*,#13026,.F.);
#13580 = CYLINDRICAL_SURFACE('',#13581,7.E-02);
#13581 = AXIS2_PLACEMENT_3D('',#13582,#13583,#13584);
#13582 = CARTESIAN_POINT('',(-1.181436840466,-0.175,0.22));
#13583 = DIRECTION('',(-1.110223024625E-16,-1.,0.));
#13584 = DIRECTION('',(-0.,0.,-1.));
#13585 = ADVANCED_FACE('',(#13586),#13597,.F.);
#13586 = FACE_BOUND('',#13587,.F.);
#13587 = EDGE_LOOP('',(#13588,#13594,#13595,#13596));
#13588 = ORIENTED_EDGE('',*,*,#13589,.T.);
#13589 = EDGE_CURVE('',#13011,#13103,#13590,.T.);
#13590 = LINE('',#13591,#13592);
#13591 = CARTESIAN_POINT('',(-1.25,-0.175,0.15));
#13592 = VECTOR('',#13593,1.);
#13593 = DIRECTION('',(1.110223024625E-16,1.,0.));
#13594 = ORIENTED_EDGE('',*,*,#13110,.T.);
#13595 = ORIENTED_EDGE('',*,*,#13572,.F.);
#13596 = ORIENTED_EDGE('',*,*,#13018,.F.);
#13597 = PLANE('',#13598);
#13598 = AXIS2_PLACEMENT_3D('',#13599,#13600,#13601);
#13599 = CARTESIAN_POINT('',(-1.25,-0.175,0.15));
#13600 = DIRECTION('',(0.,0.,-1.));
#13601 = DIRECTION('',(1.,-1.110223024625E-16,0.));
#13602 = ADVANCED_FACE('',(#13603),#13614,.F.);
#13603 = FACE_BOUND('',#13604,.F.);
#13604 = EDGE_LOOP('',(#13605,#13611,#13612,#13613));
#13605 = ORIENTED_EDGE('',*,*,#13606,.T.);
#13606 = EDGE_CURVE('',#13003,#13095,#13607,.T.);
#13607 = LINE('',#13608,#13609);
#13608 = CARTESIAN_POINT('',(-1.25,-0.175,-5.551115123126E-17));
#13609 = VECTOR('',#13610,1.);
#13610 = DIRECTION('',(1.110223024625E-16,1.,0.));
#13611 = ORIENTED_EDGE('',*,*,#13102,.T.);
#13612 = ORIENTED_EDGE('',*,*,#13589,.F.);
#13613 = ORIENTED_EDGE('',*,*,#13010,.F.);
#13614 = PLANE('',#13615);
#13615 = AXIS2_PLACEMENT_3D('',#13616,#13617,#13618);
#13616 = CARTESIAN_POINT('',(-1.25,-0.175,-5.551115123126E-17));
#13617 = DIRECTION('',(1.,-1.110223024625E-16,0.));
#13618 = DIRECTION('',(0.,0.,1.));
#13619 = ADVANCED_FACE('',(#13620),#13631,.F.);
#13620 = FACE_BOUND('',#13621,.F.);
#13621 = EDGE_LOOP('',(#13622,#13628,#13629,#13630));
#13622 = ORIENTED_EDGE('',*,*,#13623,.T.);
#13623 = EDGE_CURVE('',#12994,#13086,#13624,.T.);
#13624 = LINE('',#13625,#13626);
#13625 = CARTESIAN_POINT('',(-1.181436840466,-0.175,-5.551115123126E-17)
  );
#13626 = VECTOR('',#13627,1.);
#13627 = DIRECTION('',(1.110223024625E-16,1.,0.));
#13628 = ORIENTED_EDGE('',*,*,#13094,.T.);
#13629 = ORIENTED_EDGE('',*,*,#13606,.F.);
#13630 = ORIENTED_EDGE('',*,*,#13002,.F.);
#13631 = PLANE('',#13632);
#13632 = AXIS2_PLACEMENT_3D('',#13633,#13634,#13635);
#13633 = CARTESIAN_POINT('',(-1.181436840466,-0.175,-5.551115123126E-17)
  );
#13634 = DIRECTION('',(0.,0.,1.));
#13635 = DIRECTION('',(-1.,1.110223024625E-16,0.));
#13636 = ADVANCED_FACE('',(#13637),#13643,.T.);
#13637 = FACE_BOUND('',#13638,.T.);
#13638 = EDGE_LOOP('',(#13639,#13640,#13641,#13642));
#13639 = ORIENTED_EDGE('',*,*,#12993,.T.);
#13640 = ORIENTED_EDGE('',*,*,#13623,.T.);
#13641 = ORIENTED_EDGE('',*,*,#13085,.F.);
#13642 = ORIENTED_EDGE('',*,*,#13067,.F.);
#13643 = CYLINDRICAL_SURFACE('',#13644,0.22);
#13644 = AXIS2_PLACEMENT_3D('',#13645,#13646,#13647);
#13645 = CARTESIAN_POINT('',(-1.181436840466,-0.175,0.22));
#13646 = DIRECTION('',(-1.110223024625E-16,-1.,-0.));
#13647 = DIRECTION('',(0.984807753012,-1.093356242223E-16,
    -0.173648177667));
#13648 = ADVANCED_FACE('',(#13649),#13666,.F.);
#13649 = FACE_BOUND('',#13650,.F.);
#13650 = EDGE_LOOP('',(#13651,#13652,#13659,#13665));
#13651 = ORIENTED_EDGE('',*,*,#13216,.T.);
#13652 = ORIENTED_EDGE('',*,*,#13653,.T.);
#13653 = EDGE_CURVE('',#13209,#13654,#13656,.T.);
#13654 = VERTEX_POINT('',#13655);
#13655 = CARTESIAN_POINT('',(-0.712635072626,0.540270145251,1.1));
#13656 = B_SPLINE_CURVE_WITH_KNOTS('',1,(#13657,#13658),.UNSPECIFIED.,
  .F.,.F.,(2,2),(0.,1.),.PIECEWISE_BEZIER_KNOTS.);
#13657 = CARTESIAN_POINT('',(-0.7425,0.6,0.675));
#13658 = CARTESIAN_POINT('',(-0.712635072626,0.540270145251,1.1));
#13659 = ORIENTED_EDGE('',*,*,#13660,.F.);
#13660 = EDGE_CURVE('',#13500,#13654,#13661,.T.);
#13661 = LINE('',#13662,#13663);
#13662 = CARTESIAN_POINT('',(-0.765270145251,0.487635072626,1.1));
#13663 = VECTOR('',#13664,1.);
#13664 = DIRECTION('',(0.707106781187,0.707106781187,0.));
#13665 = ORIENTED_EDGE('',*,*,#13499,.F.);
#13666 = B_SPLINE_SURFACE_WITH_KNOTS('',1,1,(
    (#13667,#13668)
    ,(#13669,#13670
    )),.UNSPECIFIED.,.F.,.F.,.F.,(2,2),(2,2),(0.,0.116672618896),(0.,1.)
  ,.PIECEWISE_BEZIER_KNOTS.);
#13667 = CARTESIAN_POINT('',(-0.825,0.5175,0.675));
#13668 = CARTESIAN_POINT('',(-0.765270145251,0.487635072626,1.1));
#13669 = CARTESIAN_POINT('',(-0.7425,0.6,0.675));
#13670 = CARTESIAN_POINT('',(-0.712635072626,0.540270145251,1.1));
#13671 = ADVANCED_FACE('',(#13672),#13689,.F.);
#13672 = FACE_BOUND('',#13673,.F.);
#13673 = EDGE_LOOP('',(#13674,#13675,#13682,#13688));
#13674 = ORIENTED_EDGE('',*,*,#13208,.T.);
#13675 = ORIENTED_EDGE('',*,*,#13676,.T.);
#13676 = EDGE_CURVE('',#13201,#13677,#13679,.T.);
#13677 = VERTEX_POINT('',#13678);
#13678 = CARTESIAN_POINT('',(0.712635072626,0.540270145251,1.1));
#13679 = B_SPLINE_CURVE_WITH_KNOTS('',1,(#13680,#13681),.UNSPECIFIED.,
  .F.,.F.,(2,2),(0.,1.),.PIECEWISE_BEZIER_KNOTS.);
#13680 = CARTESIAN_POINT('',(0.7425,0.6,0.675));
#13681 = CARTESIAN_POINT('',(0.712635072626,0.540270145251,1.1));
#13682 = ORIENTED_EDGE('',*,*,#13683,.F.);
#13683 = EDGE_CURVE('',#13654,#13677,#13684,.T.);
#13684 = LINE('',#13685,#13686);
#13685 = CARTESIAN_POINT('',(-0.712635072626,0.540270145251,1.1));
#13686 = VECTOR('',#13687,1.);
#13687 = DIRECTION('',(1.,0.,0.));
#13688 = ORIENTED_EDGE('',*,*,#13653,.F.);
#13689 = B_SPLINE_SURFACE_WITH_KNOTS('',1,1,(
    (#13690,#13691)
    ,(#13692,#13693
    )),.UNSPECIFIED.,.F.,.F.,.F.,(2,2),(2,2),(0.,1.485),(0.,1.),
  .PIECEWISE_BEZIER_KNOTS.);
#13690 = CARTESIAN_POINT('',(-0.7425,0.6,0.675));
#13691 = CARTESIAN_POINT('',(-0.712635072626,0.540270145251,1.1));
#13692 = CARTESIAN_POINT('',(0.7425,0.6,0.675));
#13693 = CARTESIAN_POINT('',(0.712635072626,0.540270145251,1.1));
#13694 = ADVANCED_FACE('',(#13695),#13706,.F.);
#13695 = FACE_BOUND('',#13696,.F.);
#13696 = EDGE_LOOP('',(#13697,#13698,#13699,#13705));
#13697 = ORIENTED_EDGE('',*,*,#13200,.T.);
#13698 = ORIENTED_EDGE('',*,*,#13409,.T.);
#13699 = ORIENTED_EDGE('',*,*,#13700,.F.);
#13700 = EDGE_CURVE('',#13677,#13402,#13701,.T.);
#13701 = LINE('',#13702,#13703);
#13702 = CARTESIAN_POINT('',(0.712635072626,0.540270145251,1.1));
#13703 = VECTOR('',#13704,1.);
#13704 = DIRECTION('',(0.707106781187,-0.707106781187,0.));
#13705 = ORIENTED_EDGE('',*,*,#13676,.F.);
#13706 = B_SPLINE_SURFACE_WITH_KNOTS('',1,1,(
    (#13707,#13708)
    ,(#13709,#13710
    )),.UNSPECIFIED.,.F.,.F.,.F.,(2,2),(2,2),(0.,0.116672618896),(0.,1.)
  ,.PIECEWISE_BEZIER_KNOTS.);
#13707 = CARTESIAN_POINT('',(0.7425,0.6,0.675));
#13708 = CARTESIAN_POINT('',(0.712635072626,0.540270145251,1.1));
#13709 = CARTESIAN_POINT('',(0.825,0.5175,0.675));
#13710 = CARTESIAN_POINT('',(0.765270145251,0.487635072626,1.1));
#13711 = ADVANCED_FACE('',(#13712),#13781,.F.);
#13712 = FACE_BOUND('',#13713,.F.);
#13713 = EDGE_LOOP('',(#13714,#13715,#13716,#13724,#13733,#13741,#13749,
    #13757,#13766,#13774));
#13714 = ORIENTED_EDGE('',*,*,#13304,.F.);
#13715 = ORIENTED_EDGE('',*,*,#13337,.T.);
#13716 = ORIENTED_EDGE('',*,*,#13717,.T.);
#13717 = EDGE_CURVE('',#13330,#13718,#13720,.T.);
#13718 = VERTEX_POINT('',#13719);
#13719 = CARTESIAN_POINT('',(0.964779134804,0.175,0.181797400913));
#13720 = LINE('',#13721,#13722);
#13721 = CARTESIAN_POINT('',(0.918936542711,0.175,0.467155372437));
#13722 = VECTOR('',#13723,1.);
#13723 = DIRECTION('',(0.158615661317,-3.521975185208E-17,
    -0.987340403298));
#13724 = ORIENTED_EDGE('',*,*,#13725,.T.);
#13725 = EDGE_CURVE('',#13718,#13726,#13728,.T.);
#13726 = VERTEX_POINT('',#13727);
#13727 = CARTESIAN_POINT('',(1.181436840466,0.175,-5.551115123126E-17));
#13728 = CIRCLE('',#13729,0.22);
#13729 = AXIS2_PLACEMENT_3D('',#13730,#13731,#13732);
#13730 = CARTESIAN_POINT('',(1.181436840466,0.175,0.22));
#13731 = DIRECTION('',(-2.22044604925E-16,-1.,1.251126945016E-33));
#13732 = DIRECTION('',(-0.984807753012,2.186712484447E-16,
    -0.173648177667));
#13733 = ORIENTED_EDGE('',*,*,#13734,.T.);
#13734 = EDGE_CURVE('',#13726,#13735,#13737,.T.);
#13735 = VERTEX_POINT('',#13736);
#13736 = CARTESIAN_POINT('',(1.25,0.175,-5.551115123126E-17));
#13737 = LINE('',#13738,#13739);
#13738 = CARTESIAN_POINT('',(1.181436840466,0.175,-5.551115123126E-17));
#13739 = VECTOR('',#13740,1.);
#13740 = DIRECTION('',(1.,-2.22044604925E-16,0.));
#13741 = ORIENTED_EDGE('',*,*,#13742,.T.);
#13742 = EDGE_CURVE('',#13735,#13743,#13745,.T.);
#13743 = VERTEX_POINT('',#13744);
#13744 = CARTESIAN_POINT('',(1.25,0.175,0.15));
#13745 = LINE('',#13746,#13747);
#13746 = CARTESIAN_POINT('',(1.25,0.175,-5.551115123126E-17));
#13747 = VECTOR('',#13748,1.);
#13748 = DIRECTION('',(0.,0.,1.));
#13749 = ORIENTED_EDGE('',*,*,#13750,.T.);
#13750 = EDGE_CURVE('',#13743,#13751,#13753,.T.);
#13751 = VERTEX_POINT('',#13752);
#13752 = CARTESIAN_POINT('',(1.181436840466,0.175,0.15));
#13753 = LINE('',#13754,#13755);
#13754 = CARTESIAN_POINT('',(1.25,0.175,0.15));
#13755 = VECTOR('',#13756,1.);
#13756 = DIRECTION('',(-1.,2.22044604925E-16,0.));
#13757 = ORIENTED_EDGE('',*,*,#13758,.T.);
#13758 = EDGE_CURVE('',#13751,#13759,#13761,.T.);
#13759 = VERTEX_POINT('',#13760);
#13760 = CARTESIAN_POINT('',(1.112500297756,0.175,0.207844627563));
#13761 = CIRCLE('',#13762,7.E-02);
#13762 = AXIS2_PLACEMENT_3D('',#13763,#13764,#13765);
#13763 = CARTESIAN_POINT('',(1.181436840466,0.175,0.22));
#13764 = DIRECTION('',(2.22044604925E-16,1.,0.));
#13765 = DIRECTION('',(0.,0.,-1.));
#13766 = ORIENTED_EDGE('',*,*,#13767,.T.);
#13767 = EDGE_CURVE('',#13759,#13768,#13770,.T.);
#13768 = VERTEX_POINT('',#13769);
#13769 = CARTESIAN_POINT('',(1.066657705663,0.175,0.493202599087));
#13770 = LINE('',#13771,#13772);
#13771 = CARTESIAN_POINT('',(1.112500297756,0.175,0.207844627563));
#13772 = VECTOR('',#13773,1.);
#13773 = DIRECTION('',(-0.158615661317,3.521975185208E-17,0.987340403298
    ));
#13774 = ORIENTED_EDGE('',*,*,#13775,.T.);
#13775 = EDGE_CURVE('',#13768,#13177,#13776,.T.);
#13776 = CIRCLE('',#13777,0.22);
#13777 = AXIS2_PLACEMENT_3D('',#13778,#13779,#13780);
#13778 = CARTESIAN_POINT('',(0.85,0.175,0.455));
#13779 = DIRECTION('',(-2.22044604925E-16,-1.,1.251126945016E-33));
#13780 = DIRECTION('',(0.984807753012,-2.186712484447E-16,0.173648177667
    ));
#13781 = PLANE('',#13782);
#13782 = AXIS2_PLACEMENT_3D('',#13783,#13784,#13785);
#13783 = CARTESIAN_POINT('',(1.021526355437,0.175,0.332418056697));
#13784 = DIRECTION('',(-2.22044604925E-16,-1.,0.));
#13785 = DIRECTION('',(0.,0.,1.));
#13786 = ADVANCED_FACE('',(#13787),#13805,.F.);
#13787 = FACE_BOUND('',#13788,.F.);
#13788 = EDGE_LOOP('',(#13789,#13790,#13798,#13804));
#13789 = ORIENTED_EDGE('',*,*,#13329,.T.);
#13790 = ORIENTED_EDGE('',*,*,#13791,.T.);
#13791 = EDGE_CURVE('',#13321,#13792,#13794,.T.);
#13792 = VERTEX_POINT('',#13793);
#13793 = CARTESIAN_POINT('',(0.964779134804,-0.175,0.181797400913));
#13794 = LINE('',#13795,#13796);
#13795 = CARTESIAN_POINT('',(0.918936542711,-0.175,0.467155372437));
#13796 = VECTOR('',#13797,1.);
#13797 = DIRECTION('',(0.158615661317,-3.521975185208E-17,
    -0.987340403298));
#13798 = ORIENTED_EDGE('',*,*,#13799,.F.);
#13799 = EDGE_CURVE('',#13718,#13792,#13800,.T.);
#13800 = LINE('',#13801,#13802);
#13801 = CARTESIAN_POINT('',(0.964779134804,0.175,0.181797400913));
#13802 = VECTOR('',#13803,1.);
#13803 = DIRECTION('',(-2.22044604925E-16,-1.,0.));
#13804 = ORIENTED_EDGE('',*,*,#13717,.F.);
#13805 = PLANE('',#13806);
#13806 = AXIS2_PLACEMENT_3D('',#13807,#13808,#13809);
#13807 = CARTESIAN_POINT('',(0.918936542711,0.175,0.467155372437));
#13808 = DIRECTION('',(0.987340403298,-2.192336097769E-16,0.158615661317
    ));
#13809 = DIRECTION('',(0.158615661317,-3.521975185208E-17,
    -0.987340403298));
#13810 = ADVANCED_FACE('',(#13811),#13873,.T.);
#13811 = FACE_BOUND('',#13812,.T.);
#13812 = EDGE_LOOP('',(#13813,#13814,#13815,#13816,#13825,#13833,#13841,
    #13849,#13858,#13866));
#13813 = ORIENTED_EDGE('',*,*,#13352,.F.);
#13814 = ORIENTED_EDGE('',*,*,#13320,.T.);
#13815 = ORIENTED_EDGE('',*,*,#13791,.T.);
#13816 = ORIENTED_EDGE('',*,*,#13817,.T.);
#13817 = EDGE_CURVE('',#13792,#13818,#13820,.T.);
#13818 = VERTEX_POINT('',#13819);
#13819 = CARTESIAN_POINT('',(1.181436840466,-0.175,-5.551115123126E-17)
  );
#13820 = CIRCLE('',#13821,0.22);
#13821 = AXIS2_PLACEMENT_3D('',#13822,#13823,#13824);
#13822 = CARTESIAN_POINT('',(1.181436840466,-0.175,0.22));
#13823 = DIRECTION('',(-2.22044604925E-16,-1.,1.251126945016E-33));
#13824 = DIRECTION('',(-0.984807753012,2.186712484447E-16,
    -0.173648177667));
#13825 = ORIENTED_EDGE('',*,*,#13826,.T.);
#13826 = EDGE_CURVE('',#13818,#13827,#13829,.T.);
#13827 = VERTEX_POINT('',#13828);
#13828 = CARTESIAN_POINT('',(1.25,-0.175,-5.551115123126E-17));
#13829 = LINE('',#13830,#13831);
#13830 = CARTESIAN_POINT('',(1.181436840466,-0.175,-5.551115123126E-17)
  );
#13831 = VECTOR('',#13832,1.);
#13832 = DIRECTION('',(1.,-2.22044604925E-16,0.));
#13833 = ORIENTED_EDGE('',*,*,#13834,.T.);
#13834 = EDGE_CURVE('',#13827,#13835,#13837,.T.);
#13835 = VERTEX_POINT('',#13836);
#13836 = CARTESIAN_POINT('',(1.25,-0.175,0.15));
#13837 = LINE('',#13838,#13839);
#13838 = CARTESIAN_POINT('',(1.25,-0.175,-5.551115123126E-17));
#13839 = VECTOR('',#13840,1.);
#13840 = DIRECTION('',(0.,0.,1.));
#13841 = ORIENTED_EDGE('',*,*,#13842,.T.);
#13842 = EDGE_CURVE('',#13835,#13843,#13845,.T.);
#13843 = VERTEX_POINT('',#13844);
#13844 = CARTESIAN_POINT('',(1.181436840466,-0.175,0.15));
#13845 = LINE('',#13846,#13847);
#13846 = CARTESIAN_POINT('',(1.25,-0.175,0.15));
#13847 = VECTOR('',#13848,1.);
#13848 = DIRECTION('',(-1.,2.22044604925E-16,0.));
#13849 = ORIENTED_EDGE('',*,*,#13850,.T.);
#13850 = EDGE_CURVE('',#13843,#13851,#13853,.T.);
#13851 = VERTEX_POINT('',#13852);
#13852 = CARTESIAN_POINT('',(1.112500297756,-0.175,0.207844627563));
#13853 = CIRCLE('',#13854,7.E-02);
#13854 = AXIS2_PLACEMENT_3D('',#13855,#13856,#13857);
#13855 = CARTESIAN_POINT('',(1.181436840466,-0.175,0.22));
#13856 = DIRECTION('',(2.22044604925E-16,1.,0.));
#13857 = DIRECTION('',(0.,0.,-1.));
#13858 = ORIENTED_EDGE('',*,*,#13859,.T.);
#13859 = EDGE_CURVE('',#13851,#13860,#13862,.T.);
#13860 = VERTEX_POINT('',#13861);
#13861 = CARTESIAN_POINT('',(1.066657705663,-0.175,0.493202599087));
#13862 = LINE('',#13863,#13864);
#13863 = CARTESIAN_POINT('',(1.112500297756,-0.175,0.207844627563));
#13864 = VECTOR('',#13865,1.);
#13865 = DIRECTION('',(-0.158615661317,3.521975185208E-17,0.987340403298
    ));
#13866 = ORIENTED_EDGE('',*,*,#13867,.T.);
#13867 = EDGE_CURVE('',#13860,#12946,#13868,.T.);
#13868 = CIRCLE('',#13869,0.22);
#13869 = AXIS2_PLACEMENT_3D('',#13870,#13871,#13872);
#13870 = CARTESIAN_POINT('',(0.85,-0.175,0.455));
#13871 = DIRECTION('',(-2.22044604925E-16,-1.,1.251126945016E-33));
#13872 = DIRECTION('',(0.984807753012,-2.186712484447E-16,0.173648177667
    ));
#13873 = PLANE('',#13874);
#13874 = AXIS2_PLACEMENT_3D('',#13875,#13876,#13877);
#13875 = CARTESIAN_POINT('',(1.021526355437,-0.175,0.332418056697));
#13876 = DIRECTION('',(-2.22044604925E-16,-1.,0.));
#13877 = DIRECTION('',(0.,0.,1.));
#13878 = ADVANCED_FACE('',(#13879),#13890,.T.);
#13879 = FACE_BOUND('',#13880,.T.);
#13880 = EDGE_LOOP('',(#13881,#13882,#13883,#13884));
#13881 = ORIENTED_EDGE('',*,*,#13775,.T.);
#13882 = ORIENTED_EDGE('',*,*,#13370,.T.);
#13883 = ORIENTED_EDGE('',*,*,#13867,.F.);
#13884 = ORIENTED_EDGE('',*,*,#13885,.F.);
#13885 = EDGE_CURVE('',#13768,#13860,#13886,.T.);
#13886 = LINE('',#13887,#13888);
#13887 = CARTESIAN_POINT('',(1.066657705663,0.175,0.493202599087));
#13888 = VECTOR('',#13889,1.);
#13889 = DIRECTION('',(-2.22044604925E-16,-1.,0.));
#13890 = CYLINDRICAL_SURFACE('',#13891,0.22);
#13891 = AXIS2_PLACEMENT_3D('',#13892,#13893,#13894);
#13892 = CARTESIAN_POINT('',(0.85,0.175,0.455));
#13893 = DIRECTION('',(2.22044604925E-16,1.,0.));
#13894 = DIRECTION('',(0.984807753012,-2.186712484447E-16,0.173648177667
    ));
#13895 = ADVANCED_FACE('',(#13896,#13906),#13940,.T.);
#13896 = FACE_BOUND('',#13897,.T.);
#13897 = EDGE_LOOP('',(#13898,#13899,#13900,#13901,#13902,#13903,#13904,
    #13905));
#13898 = ORIENTED_EDGE('',*,*,#13506,.F.);
#13899 = ORIENTED_EDGE('',*,*,#13476,.F.);
#13900 = ORIENTED_EDGE('',*,*,#13453,.F.);
#13901 = ORIENTED_EDGE('',*,*,#13430,.F.);
#13902 = ORIENTED_EDGE('',*,*,#13401,.F.);
#13903 = ORIENTED_EDGE('',*,*,#13700,.F.);
#13904 = ORIENTED_EDGE('',*,*,#13683,.F.);
#13905 = ORIENTED_EDGE('',*,*,#13660,.F.);
#13906 = FACE_BOUND('',#13907,.T.);
#13907 = EDGE_LOOP('',(#13908,#13918,#13926,#13934));
#13908 = ORIENTED_EDGE('',*,*,#13909,.T.);
#13909 = EDGE_CURVE('',#13910,#13912,#13914,.T.);
#13910 = VERTEX_POINT('',#13911);
#13911 = CARTESIAN_POINT('',(-0.315270145251,-0.490270145251,1.1));
#13912 = VERTEX_POINT('',#13913);
#13913 = CARTESIAN_POINT('',(-0.715270145251,-0.490270145251,1.1));
#13914 = LINE('',#13915,#13916);
#13915 = CARTESIAN_POINT('',(-0.740270145251,-0.490270145251,1.1));
#13916 = VECTOR('',#13917,1.);
#13917 = DIRECTION('',(-1.,0.,0.));
#13918 = ORIENTED_EDGE('',*,*,#13919,.T.);
#13919 = EDGE_CURVE('',#13912,#13920,#13922,.T.);
#13920 = VERTEX_POINT('',#13921);
#13921 = CARTESIAN_POINT('',(-0.715270145251,0.490270145251,1.1));
#13922 = LINE('',#13923,#13924);
#13923 = CARTESIAN_POINT('',(-0.715270145251,-0.488952608939,1.1));
#13924 = VECTOR('',#13925,1.);
#13925 = DIRECTION('',(0.,1.,0.));
#13926 = ORIENTED_EDGE('',*,*,#13927,.F.);
#13927 = EDGE_CURVE('',#13928,#13920,#13930,.T.);
#13928 = VERTEX_POINT('',#13929);
#13929 = CARTESIAN_POINT('',(-0.315270145251,0.490270145251,1.1));
#13930 = LINE('',#13931,#13932);
#13931 = CARTESIAN_POINT('',(-0.740270145251,0.490270145251,1.1));
#13932 = VECTOR('',#13933,1.);
#13933 = DIRECTION('',(-1.,0.,0.));
#13934 = ORIENTED_EDGE('',*,*,#13935,.F.);
#13935 = EDGE_CURVE('',#13910,#13928,#13936,.T.);
#13936 = LINE('',#13937,#13938);
#13937 = CARTESIAN_POINT('',(-0.315270145251,-0.488952608939,1.1));
#13938 = VECTOR('',#13939,1.);
#13939 = DIRECTION('',(0.,1.,0.));
#13940 = PLANE('',#13941);
#13941 = AXIS2_PLACEMENT_3D('',#13942,#13943,#13944);
#13942 = CARTESIAN_POINT('',(-0.765270145251,-0.487635072626,1.1));
#13943 = DIRECTION('',(0.,0.,1.));
#13944 = DIRECTION('',(0.84333939541,0.537381302382,-0.));
#13945 = ADVANCED_FACE('',(#13946),#13957,.F.);
#13946 = FACE_BOUND('',#13947,.F.);
#13947 = EDGE_LOOP('',(#13948,#13954,#13955,#13956));
#13948 = ORIENTED_EDGE('',*,*,#13949,.T.);
#13949 = EDGE_CURVE('',#13759,#13851,#13950,.T.);
#13950 = LINE('',#13951,#13952);
#13951 = CARTESIAN_POINT('',(1.112500297756,0.175,0.207844627563));
#13952 = VECTOR('',#13953,1.);
#13953 = DIRECTION('',(-2.22044604925E-16,-1.,0.));
#13954 = ORIENTED_EDGE('',*,*,#13859,.T.);
#13955 = ORIENTED_EDGE('',*,*,#13885,.F.);
#13956 = ORIENTED_EDGE('',*,*,#13767,.F.);
#13957 = PLANE('',#13958);
#13958 = AXIS2_PLACEMENT_3D('',#13959,#13960,#13961);
#13959 = CARTESIAN_POINT('',(1.112500297756,0.175,0.207844627563));
#13960 = DIRECTION('',(-0.987340403298,2.192336097769E-16,
    -0.158615661317));
#13961 = DIRECTION('',(-0.158615661317,3.521975185208E-17,0.987340403298
    ));
#13962 = ADVANCED_FACE('',(#13963),#13974,.F.);
#13963 = FACE_BOUND('',#13964,.F.);
#13964 = EDGE_LOOP('',(#13965,#13971,#13972,#13973));
#13965 = ORIENTED_EDGE('',*,*,#13966,.T.);
#13966 = EDGE_CURVE('',#13751,#13843,#13967,.T.);
#13967 = LINE('',#13968,#13969);
#13968 = CARTESIAN_POINT('',(1.181436840466,0.175,0.15));
#13969 = VECTOR('',#13970,1.);
#13970 = DIRECTION('',(-2.22044604925E-16,-1.,0.));
#13971 = ORIENTED_EDGE('',*,*,#13850,.T.);
#13972 = ORIENTED_EDGE('',*,*,#13949,.F.);
#13973 = ORIENTED_EDGE('',*,*,#13758,.F.);
#13974 = CYLINDRICAL_SURFACE('',#13975,7.E-02);
#13975 = AXIS2_PLACEMENT_3D('',#13976,#13977,#13978);
#13976 = CARTESIAN_POINT('',(1.181436840466,0.175,0.22));
#13977 = DIRECTION('',(2.22044604925E-16,1.,0.));
#13978 = DIRECTION('',(0.,0.,-1.));
#13979 = ADVANCED_FACE('',(#13980),#13991,.F.);
#13980 = FACE_BOUND('',#13981,.F.);
#13981 = EDGE_LOOP('',(#13982,#13988,#13989,#13990));
#13982 = ORIENTED_EDGE('',*,*,#13983,.T.);
#13983 = EDGE_CURVE('',#13743,#13835,#13984,.T.);
#13984 = LINE('',#13985,#13986);
#13985 = CARTESIAN_POINT('',(1.25,0.175,0.15));
#13986 = VECTOR('',#13987,1.);
#13987 = DIRECTION('',(-2.22044604925E-16,-1.,0.));
#13988 = ORIENTED_EDGE('',*,*,#13842,.T.);
#13989 = ORIENTED_EDGE('',*,*,#13966,.F.);
#13990 = ORIENTED_EDGE('',*,*,#13750,.F.);
#13991 = PLANE('',#13992);
#13992 = AXIS2_PLACEMENT_3D('',#13993,#13994,#13995);
#13993 = CARTESIAN_POINT('',(1.25,0.175,0.15));
#13994 = DIRECTION('',(0.,0.,-1.));
#13995 = DIRECTION('',(-1.,2.22044604925E-16,0.));
#13996 = ADVANCED_FACE('',(#13997),#14008,.F.);
#13997 = FACE_BOUND('',#13998,.F.);
#13998 = EDGE_LOOP('',(#13999,#14005,#14006,#14007));
#13999 = ORIENTED_EDGE('',*,*,#14000,.T.);
#14000 = EDGE_CURVE('',#13735,#13827,#14001,.T.);
#14001 = LINE('',#14002,#14003);
#14002 = CARTESIAN_POINT('',(1.25,0.175,-5.551115123126E-17));
#14003 = VECTOR('',#14004,1.);
#14004 = DIRECTION('',(-2.22044604925E-16,-1.,0.));
#14005 = ORIENTED_EDGE('',*,*,#13834,.T.);
#14006 = ORIENTED_EDGE('',*,*,#13983,.F.);
#14007 = ORIENTED_EDGE('',*,*,#13742,.F.);
#14008 = PLANE('',#14009);
#14009 = AXIS2_PLACEMENT_3D('',#14010,#14011,#14012);
#14010 = CARTESIAN_POINT('',(1.25,0.175,-5.551115123126E-17));
#14011 = DIRECTION('',(-1.,2.22044604925E-16,0.));
#14012 = DIRECTION('',(0.,0.,1.));
#14013 = ADVANCED_FACE('',(#14014),#14025,.F.);
#14014 = FACE_BOUND('',#14015,.F.);
#14015 = EDGE_LOOP('',(#14016,#14022,#14023,#14024));
#14016 = ORIENTED_EDGE('',*,*,#14017,.T.);
#14017 = EDGE_CURVE('',#13726,#13818,#14018,.T.);
#14018 = LINE('',#14019,#14020);
#14019 = CARTESIAN_POINT('',(1.181436840466,0.175,-5.551115123126E-17));
#14020 = VECTOR('',#14021,1.);
#14021 = DIRECTION('',(-2.22044604925E-16,-1.,0.));
#14022 = ORIENTED_EDGE('',*,*,#13826,.T.);
#14023 = ORIENTED_EDGE('',*,*,#14000,.F.);
#14024 = ORIENTED_EDGE('',*,*,#13734,.F.);
#14025 = PLANE('',#14026);
#14026 = AXIS2_PLACEMENT_3D('',#14027,#14028,#14029);
#14027 = CARTESIAN_POINT('',(1.181436840466,0.175,-5.551115123126E-17));
#14028 = DIRECTION('',(0.,0.,1.));
#14029 = DIRECTION('',(1.,-2.22044604925E-16,0.));
#14030 = ADVANCED_FACE('',(#14031),#14037,.T.);
#14031 = FACE_BOUND('',#14032,.T.);
#14032 = EDGE_LOOP('',(#14033,#14034,#14035,#14036));
#14033 = ORIENTED_EDGE('',*,*,#13725,.T.);
#14034 = ORIENTED_EDGE('',*,*,#14017,.T.);
#14035 = ORIENTED_EDGE('',*,*,#13817,.F.);
#14036 = ORIENTED_EDGE('',*,*,#13799,.F.);
#14037 = CYLINDRICAL_SURFACE('',#14038,0.22);
#14038 = AXIS2_PLACEMENT_3D('',#14039,#14040,#14041);
#14039 = CARTESIAN_POINT('',(1.181436840466,0.175,0.22));
#14040 = DIRECTION('',(2.22044604925E-16,1.,0.));
#14041 = DIRECTION('',(-0.984807753012,2.186712484447E-16,
    -0.173648177667));
#14042 = ADVANCED_FACE('',(#14043),#14068,.F.);
#14043 = FACE_BOUND('',#14044,.F.);
#14044 = EDGE_LOOP('',(#14045,#14046,#14054,#14062));
#14045 = ORIENTED_EDGE('',*,*,#13909,.T.);
#14046 = ORIENTED_EDGE('',*,*,#14047,.T.);
#14047 = EDGE_CURVE('',#13912,#14048,#14050,.T.);
#14048 = VERTEX_POINT('',#14049);
#14049 = CARTESIAN_POINT('',(-0.715270145251,-0.490270145251,1.11));
#14050 = LINE('',#14051,#14052);
#14051 = CARTESIAN_POINT('',(-0.715270145251,-0.490270145251,1.09));
#14052 = VECTOR('',#14053,1.);
#14053 = DIRECTION('',(0.,0.,1.));
#14054 = ORIENTED_EDGE('',*,*,#14055,.T.);
#14055 = EDGE_CURVE('',#14048,#14056,#14058,.T.);
#14056 = VERTEX_POINT('',#14057);
#14057 = CARTESIAN_POINT('',(-0.315270145251,-0.490270145251,1.11));
#14058 = LINE('',#14059,#14060);
#14059 = CARTESIAN_POINT('',(-0.715270145251,-0.490270145251,1.11));
#14060 = VECTOR('',#14061,1.);
#14061 = DIRECTION('',(1.,0.,0.));
#14062 = ORIENTED_EDGE('',*,*,#14063,.F.);
#14063 = EDGE_CURVE('',#13910,#14056,#14064,.T.);
#14064 = LINE('',#14065,#14066);
#14065 = CARTESIAN_POINT('',(-0.315270145251,-0.490270145251,1.09));
#14066 = VECTOR('',#14067,1.);
#14067 = DIRECTION('',(0.,0.,1.));
#14068 = PLANE('',#14069);
#14069 = AXIS2_PLACEMENT_3D('',#14070,#14071,#14072);
#14070 = CARTESIAN_POINT('',(-0.715270145251,-0.490270145251,1.09));
#14071 = DIRECTION('',(0.,1.,0.));
#14072 = DIRECTION('',(0.,-0.,1.));
#14073 = ADVANCED_FACE('',(#14074),#14092,.T.);
#14074 = FACE_BOUND('',#14075,.T.);
#14075 = EDGE_LOOP('',(#14076,#14077,#14078,#14086));
#14076 = ORIENTED_EDGE('',*,*,#14063,.F.);
#14077 = ORIENTED_EDGE('',*,*,#13935,.T.);
#14078 = ORIENTED_EDGE('',*,*,#14079,.T.);
#14079 = EDGE_CURVE('',#13928,#14080,#14082,.T.);
#14080 = VERTEX_POINT('',#14081);
#14081 = CARTESIAN_POINT('',(-0.315270145251,0.490270145251,1.11));
#14082 = LINE('',#14083,#14084);
#14083 = CARTESIAN_POINT('',(-0.315270145251,0.490270145251,1.09));
#14084 = VECTOR('',#14085,1.);
#14085 = DIRECTION('',(0.,0.,1.));
#14086 = ORIENTED_EDGE('',*,*,#14087,.F.);
#14087 = EDGE_CURVE('',#14056,#14080,#14088,.T.);
#14088 = LINE('',#14089,#14090);
#14089 = CARTESIAN_POINT('',(-0.315270145251,-0.490270145251,1.11));
#14090 = VECTOR('',#14091,1.);
#14091 = DIRECTION('',(0.,1.,0.));
#14092 = PLANE('',#14093);
#14093 = AXIS2_PLACEMENT_3D('',#14094,#14095,#14096);
#14094 = CARTESIAN_POINT('',(-0.315270145251,-0.490270145251,1.09));
#14095 = DIRECTION('',(1.,0.,0.));
#14096 = DIRECTION('',(0.,0.,1.));
#14097 = ADVANCED_FACE('',(#14098),#14116,.T.);
#14098 = FACE_BOUND('',#14099,.T.);
#14099 = EDGE_LOOP('',(#14100,#14101,#14109,#14115));
#14100 = ORIENTED_EDGE('',*,*,#13927,.T.);
#14101 = ORIENTED_EDGE('',*,*,#14102,.T.);
#14102 = EDGE_CURVE('',#13920,#14103,#14105,.T.);
#14103 = VERTEX_POINT('',#14104);
#14104 = CARTESIAN_POINT('',(-0.715270145251,0.490270145251,1.11));
#14105 = LINE('',#14106,#14107);
#14106 = CARTESIAN_POINT('',(-0.715270145251,0.490270145251,1.09));
#14107 = VECTOR('',#14108,1.);
#14108 = DIRECTION('',(0.,0.,1.));
#14109 = ORIENTED_EDGE('',*,*,#14110,.T.);
#14110 = EDGE_CURVE('',#14103,#14080,#14111,.T.);
#14111 = LINE('',#14112,#14113);
#14112 = CARTESIAN_POINT('',(-0.715270145251,0.490270145251,1.11));
#14113 = VECTOR('',#14114,1.);
#14114 = DIRECTION('',(1.,0.,0.));
#14115 = ORIENTED_EDGE('',*,*,#14079,.F.);
#14116 = PLANE('',#14117);
#14117 = AXIS2_PLACEMENT_3D('',#14118,#14119,#14120);
#14118 = CARTESIAN_POINT('',(-0.715270145251,0.490270145251,1.09));
#14119 = DIRECTION('',(0.,1.,0.));
#14120 = DIRECTION('',(0.,-0.,1.));
#14121 = ADVANCED_FACE('',(#14122),#14133,.F.);
#14122 = FACE_BOUND('',#14123,.F.);
#14123 = EDGE_LOOP('',(#14124,#14125,#14126,#14127));
#14124 = ORIENTED_EDGE('',*,*,#14047,.F.);
#14125 = ORIENTED_EDGE('',*,*,#13919,.T.);
#14126 = ORIENTED_EDGE('',*,*,#14102,.T.);
#14127 = ORIENTED_EDGE('',*,*,#14128,.F.);
#14128 = EDGE_CURVE('',#14048,#14103,#14129,.T.);
#14129 = LINE('',#14130,#14131);
#14130 = CARTESIAN_POINT('',(-0.715270145251,-0.490270145251,1.11));
#14131 = VECTOR('',#14132,1.);
#14132 = DIRECTION('',(0.,1.,0.));
#14133 = PLANE('',#14134);
#14134 = AXIS2_PLACEMENT_3D('',#14135,#14136,#14137);
#14135 = CARTESIAN_POINT('',(-0.715270145251,-0.490270145251,1.09));
#14136 = DIRECTION('',(1.,0.,0.));
#14137 = DIRECTION('',(0.,0.,1.));
#14138 = ADVANCED_FACE('',(#14139),#14145,.T.);
#14139 = FACE_BOUND('',#14140,.T.);
#14140 = EDGE_LOOP('',(#14141,#14142,#14143,#14144));
#14141 = ORIENTED_EDGE('',*,*,#14128,.F.);
#14142 = ORIENTED_EDGE('',*,*,#14055,.T.);
#14143 = ORIENTED_EDGE('',*,*,#14087,.T.);
#14144 = ORIENTED_EDGE('',*,*,#14110,.F.);
#14145 = PLANE('',#14146);
#14146 = AXIS2_PLACEMENT_3D('',#14147,#14148,#14149);
#14147 = CARTESIAN_POINT('',(-0.715270145251,-0.490270145251,1.11));
#14148 = DIRECTION('',(0.,0.,1.));
#14149 = DIRECTION('',(1.,0.,-0.));
#14150 = ( GEOMETRIC_REPRESENTATION_CONTEXT(3) 
GLOBAL_UNCERTAINTY_ASSIGNED_CONTEXT((#14154)) 
GLOBAL_UNIT_ASSIGNED_CONTEXT((#14151,#14152,#14153)) 
REPRESENTATION_CONTEXT('Context #1',
  '3D Context with UNIT and UNCERTAINTY') );
#14151 = ( LENGTH_UNIT() NAMED_UNIT(*) SI_UNIT(.MILLI.,.METRE.) );
#14152 = ( NAMED_UNIT(*) PLANE_ANGLE_UNIT() SI_UNIT($,.RADIAN.) );
#14153 = ( NAMED_UNIT(*) SI_UNIT($,.STERADIAN.) SOLID_ANGLE_UNIT() );
#14154 = UNCERTAINTY_MEASURE_WITH_UNIT(LENGTH_MEASURE(1.E-07),#14151,
  'distance_accuracy_value','confusion accuracy');
#14155 = CONTEXT_DEPENDENT_SHAPE_REPRESENTATION(#14156,#14158);
#14156 = ( REPRESENTATION_RELATIONSHIP('','',#12461,#10) 
REPRESENTATION_RELATIONSHIP_WITH_TRANSFORMATION(#14157) 
SHAPE_REPRESENTATION_RELATIONSHIP() );
#14157 = ITEM_DEFINED_TRANSFORMATION('','',#11,#115);
#14158 = PRODUCT_DEFINITION_SHAPE('Placement','Placement of an item',
  #14159);
#14159 = NEXT_ASSEMBLY_USAGE_OCCURRENCE('26','D1','',#5,#12456,$);
#14160 = PRODUCT_RELATED_PRODUCT_CATEGORY('part',$,(#12458));
#14161 = CONTEXT_DEPENDENT_SHAPE_REPRESENTATION(#14162,#14164);
#14162 = ( REPRESENTATION_RELATIONSHIP('','',#2576,#10) 
REPRESENTATION_RELATIONSHIP_WITH_TRANSFORMATION(#14163) 
SHAPE_REPRESENTATION_RELATIONSHIP() );
#14163 = ITEM_DEFINED_TRANSFORMATION('','',#11,#119);
#14164 = PRODUCT_DEFINITION_SHAPE('Placement','Placement of an item',
  #14165);
#14165 = NEXT_ASSEMBLY_USAGE_OCCURRENCE('27','R15','',#5,#2571,$);
#14166 = CONTEXT_DEPENDENT_SHAPE_REPRESENTATION(#14167,#14169);
#14167 = ( REPRESENTATION_RELATIONSHIP('','',#156,#10) 
REPRESENTATION_RELATIONSHIP_WITH_TRANSFORMATION(#14168) 
SHAPE_REPRESENTATION_RELATIONSHIP() );
#14168 = ITEM_DEFINED_TRANSFORMATION('','',#11,#123);
#14169 = PRODUCT_DEFINITION_SHAPE('Placement','Placement of an item',
  #14170);
#14170 = NEXT_ASSEMBLY_USAGE_OCCURRENCE('28','C11','',#5,#151,$);
#14171 = CONTEXT_DEPENDENT_SHAPE_REPRESENTATION(#14172,#14174);
#14172 = ( REPRESENTATION_RELATIONSHIP('','',#156,#10) 
REPRESENTATION_RELATIONSHIP_WITH_TRANSFORMATION(#14173) 
SHAPE_REPRESENTATION_RELATIONSHIP() );
#14173 = ITEM_DEFINED_TRANSFORMATION('','',#11,#127);
#14174 = PRODUCT_DEFINITION_SHAPE('Placement','Placement of an item',
  #14175);
#14175 = NEXT_ASSEMBLY_USAGE_OCCURRENCE('29','C3','',#5,#151,$);
#14176 = CONTEXT_DEPENDENT_SHAPE_REPRESENTATION(#14177,#14179);
#14177 = ( REPRESENTATION_RELATIONSHIP('','',#2576,#10) 
REPRESENTATION_RELATIONSHIP_WITH_TRANSFORMATION(#14178) 
SHAPE_REPRESENTATION_RELATIONSHIP() );
#14178 = ITEM_DEFINED_TRANSFORMATION('','',#11,#131);
#14179 = PRODUCT_DEFINITION_SHAPE('Placement','Placement of an item',
  #14180);
#14180 = NEXT_ASSEMBLY_USAGE_OCCURRENCE('30','R4','',#5,#2571,$);
#14181 = CONTEXT_DEPENDENT_SHAPE_REPRESENTATION(#14182,#14184);
#14182 = ( REPRESENTATION_RELATIONSHIP('','',#2576,#10) 
REPRESENTATION_RELATIONSHIP_WITH_TRANSFORMATION(#14183) 
SHAPE_REPRESENTATION_RELATIONSHIP() );
#14183 = ITEM_DEFINED_TRANSFORMATION('','',#11,#135);
#14184 = PRODUCT_DEFINITION_SHAPE('Placement','Placement of an item',
  #14185);
#14185 = NEXT_ASSEMBLY_USAGE_OCCURRENCE('31','R14','',#5,#2571,$);
#14186 = SHAPE_DEFINITION_REPRESENTATION(#14187,#14193);
#14187 = PRODUCT_DEFINITION_SHAPE('','',#14188);
#14188 = PRODUCT_DEFINITION('design','',#14189,#14192);
#14189 = PRODUCT_DEFINITION_FORMATION('','',#14190);
#14190 = PRODUCT('Torque Sensor_PCB','Torque Sensor_PCB','',(#14191));
#14191 = PRODUCT_CONTEXT('',#2,'mechanical');
#14192 = PRODUCT_DEFINITION_CONTEXT('part definition',#2,'design');
#14193 = ADVANCED_BREP_SHAPE_REPRESENTATION('',(#11,#14194),#14734);
#14194 = MANIFOLD_SOLID_BREP('',#14195);
#14195 = CLOSED_SHELL('',(#14196,#14236,#14267,#14298,#14425,#14552,
    #14564,#14581,#14598,#14615,#14632,#14649,#14666,#14683,#14700,
    #14717));
#14196 = ADVANCED_FACE('',(#14197),#14231,.T.);
#14197 = FACE_BOUND('',#14198,.T.);
#14198 = EDGE_LOOP('',(#14199,#14209,#14217,#14225));
#14199 = ORIENTED_EDGE('',*,*,#14200,.T.);
#14200 = EDGE_CURVE('',#14201,#14203,#14205,.T.);
#14201 = VERTEX_POINT('',#14202);
#14202 = CARTESIAN_POINT('',(142.87,-159.5,0.));
#14203 = VERTEX_POINT('',#14204);
#14204 = CARTESIAN_POINT('',(142.87,-159.5,1.51));
#14205 = LINE('',#14206,#14207);
#14206 = CARTESIAN_POINT('',(142.87,-159.5,0.));
#14207 = VECTOR('',#14208,1.);
#14208 = DIRECTION('',(0.,0.,1.));
#14209 = ORIENTED_EDGE('',*,*,#14210,.T.);
#14210 = EDGE_CURVE('',#14203,#14211,#14213,.T.);
#14211 = VERTEX_POINT('',#14212);
#14212 = CARTESIAN_POINT('',(119.37,-159.5,1.51));
#14213 = LINE('',#14214,#14215);
#14214 = CARTESIAN_POINT('',(142.87,-159.5,1.51));
#14215 = VECTOR('',#14216,1.);
#14216 = DIRECTION('',(-1.,0.,0.));
#14217 = ORIENTED_EDGE('',*,*,#14218,.F.);
#14218 = EDGE_CURVE('',#14219,#14211,#14221,.T.);
#14219 = VERTEX_POINT('',#14220);
#14220 = CARTESIAN_POINT('',(119.37,-159.5,0.));
#14221 = LINE('',#14222,#14223);
#14222 = CARTESIAN_POINT('',(119.37,-159.5,0.));
#14223 = VECTOR('',#14224,1.);
#14224 = DIRECTION('',(0.,0.,1.));
#14225 = ORIENTED_EDGE('',*,*,#14226,.F.);
#14226 = EDGE_CURVE('',#14201,#14219,#14227,.T.);
#14227 = LINE('',#14228,#14229);
#14228 = CARTESIAN_POINT('',(142.87,-159.5,0.));
#14229 = VECTOR('',#14230,1.);
#14230 = DIRECTION('',(-1.,0.,0.));
#14231 = PLANE('',#14232);
#14232 = AXIS2_PLACEMENT_3D('',#14233,#14234,#14235);
#14233 = CARTESIAN_POINT('',(142.87,-159.5,0.));
#14234 = DIRECTION('',(0.,-1.,0.));
#14235 = DIRECTION('',(-1.,0.,0.));
#14236 = ADVANCED_FACE('',(#14237),#14262,.T.);
#14237 = FACE_BOUND('',#14238,.T.);
#14238 = EDGE_LOOP('',(#14239,#14249,#14255,#14256));
#14239 = ORIENTED_EDGE('',*,*,#14240,.T.);
#14240 = EDGE_CURVE('',#14241,#14243,#14245,.T.);
#14241 = VERTEX_POINT('',#14242);
#14242 = CARTESIAN_POINT('',(142.87,-125.5,0.));
#14243 = VERTEX_POINT('',#14244);
#14244 = CARTESIAN_POINT('',(142.87,-125.5,1.51));
#14245 = LINE('',#14246,#14247);
#14246 = CARTESIAN_POINT('',(142.87,-125.5,0.));
#14247 = VECTOR('',#14248,1.);
#14248 = DIRECTION('',(0.,0.,1.));
#14249 = ORIENTED_EDGE('',*,*,#14250,.T.);
#14250 = EDGE_CURVE('',#14243,#14203,#14251,.T.);
#14251 = LINE('',#14252,#14253);
#14252 = CARTESIAN_POINT('',(142.87,-125.5,1.51));
#14253 = VECTOR('',#14254,1.);
#14254 = DIRECTION('',(0.,-1.,0.));
#14255 = ORIENTED_EDGE('',*,*,#14200,.F.);
#14256 = ORIENTED_EDGE('',*,*,#14257,.F.);
#14257 = EDGE_CURVE('',#14241,#14201,#14258,.T.);
#14258 = LINE('',#14259,#14260);
#14259 = CARTESIAN_POINT('',(142.87,-125.5,0.));
#14260 = VECTOR('',#14261,1.);
#14261 = DIRECTION('',(0.,-1.,0.));
#14262 = PLANE('',#14263);
#14263 = AXIS2_PLACEMENT_3D('',#14264,#14265,#14266);
#14264 = CARTESIAN_POINT('',(142.87,-125.5,0.));
#14265 = DIRECTION('',(1.,0.,-0.));
#14266 = DIRECTION('',(0.,-1.,0.));
#14267 = ADVANCED_FACE('',(#14268),#14293,.T.);
#14268 = FACE_BOUND('',#14269,.T.);
#14269 = EDGE_LOOP('',(#14270,#14271,#14279,#14287));
#14270 = ORIENTED_EDGE('',*,*,#14218,.T.);
#14271 = ORIENTED_EDGE('',*,*,#14272,.T.);
#14272 = EDGE_CURVE('',#14211,#14273,#14275,.T.);
#14273 = VERTEX_POINT('',#14274);
#14274 = CARTESIAN_POINT('',(119.37,-125.5,1.51));
#14275 = LINE('',#14276,#14277);
#14276 = CARTESIAN_POINT('',(119.37,-159.5,1.51));
#14277 = VECTOR('',#14278,1.);
#14278 = DIRECTION('',(0.,1.,0.));
#14279 = ORIENTED_EDGE('',*,*,#14280,.F.);
#14280 = EDGE_CURVE('',#14281,#14273,#14283,.T.);
#14281 = VERTEX_POINT('',#14282);
#14282 = CARTESIAN_POINT('',(119.37,-125.5,0.));
#14283 = LINE('',#14284,#14285);
#14284 = CARTESIAN_POINT('',(119.37,-125.5,0.));
#14285 = VECTOR('',#14286,1.);
#14286 = DIRECTION('',(0.,0.,1.));
#14287 = ORIENTED_EDGE('',*,*,#14288,.F.);
#14288 = EDGE_CURVE('',#14219,#14281,#14289,.T.);
#14289 = LINE('',#14290,#14291);
#14290 = CARTESIAN_POINT('',(119.37,-159.5,0.));
#14291 = VECTOR('',#14292,1.);
#14292 = DIRECTION('',(0.,1.,0.));
#14293 = PLANE('',#14294);
#14294 = AXIS2_PLACEMENT_3D('',#14295,#14296,#14297);
#14295 = CARTESIAN_POINT('',(119.37,-159.5,0.));
#14296 = DIRECTION('',(-1.,0.,0.));
#14297 = DIRECTION('',(0.,1.,0.));
#14298 = ADVANCED_FACE('',(#14299,#14310,#14321,#14332,#14343,#14354,
    #14365,#14376,#14387,#14398,#14409),#14420,.F.);
#14299 = FACE_BOUND('',#14300,.F.);
#14300 = EDGE_LOOP('',(#14301,#14302,#14303,#14309));
#14301 = ORIENTED_EDGE('',*,*,#14226,.F.);
#14302 = ORIENTED_EDGE('',*,*,#14257,.F.);
#14303 = ORIENTED_EDGE('',*,*,#14304,.F.);
#14304 = EDGE_CURVE('',#14281,#14241,#14305,.T.);
#14305 = LINE('',#14306,#14307);
#14306 = CARTESIAN_POINT('',(119.37,-125.5,0.));
#14307 = VECTOR('',#14308,1.);
#14308 = DIRECTION('',(1.,0.,0.));
#14309 = ORIENTED_EDGE('',*,*,#14288,.F.);
#14310 = FACE_BOUND('',#14311,.F.);
#14311 = EDGE_LOOP('',(#14312));
#14312 = ORIENTED_EDGE('',*,*,#14313,.T.);
#14313 = EDGE_CURVE('',#14314,#14314,#14316,.T.);
#14314 = VERTEX_POINT('',#14315);
#14315 = CARTESIAN_POINT('',(120.653806,-158.213962,0.));
#14316 = CIRCLE('',#14317,0.25);
#14317 = AXIS2_PLACEMENT_3D('',#14318,#14319,#14320);
#14318 = CARTESIAN_POINT('',(120.653806,-157.963962,0.));
#14319 = DIRECTION('',(-0.,0.,-1.));
#14320 = DIRECTION('',(-0.,-1.,0.));
#14321 = FACE_BOUND('',#14322,.F.);
#14322 = EDGE_LOOP('',(#14323));
#14323 = ORIENTED_EDGE('',*,*,#14324,.T.);
#14324 = EDGE_CURVE('',#14325,#14325,#14327,.T.);
#14325 = VERTEX_POINT('',#14326);
#14326 = CARTESIAN_POINT('',(120.653806,-157.213962,0.));
#14327 = CIRCLE('',#14328,0.25);
#14328 = AXIS2_PLACEMENT_3D('',#14329,#14330,#14331);
#14329 = CARTESIAN_POINT('',(120.653806,-156.963962,0.));
#14330 = DIRECTION('',(-0.,0.,-1.));
#14331 = DIRECTION('',(-0.,-1.,0.));
#14332 = FACE_BOUND('',#14333,.F.);
#14333 = EDGE_LOOP('',(#14334));
#14334 = ORIENTED_EDGE('',*,*,#14335,.T.);
#14335 = EDGE_CURVE('',#14336,#14336,#14338,.T.);
#14336 = VERTEX_POINT('',#14337);
#14337 = CARTESIAN_POINT('',(120.653806,-156.213962,0.));
#14338 = CIRCLE('',#14339,0.25);
#14339 = AXIS2_PLACEMENT_3D('',#14340,#14341,#14342);
#14340 = CARTESIAN_POINT('',(120.653806,-155.963962,0.));
#14341 = DIRECTION('',(-0.,0.,-1.));
#14342 = DIRECTION('',(-0.,-1.,0.));
#14343 = FACE_BOUND('',#14344,.F.);
#14344 = EDGE_LOOP('',(#14345));
#14345 = ORIENTED_EDGE('',*,*,#14346,.T.);
#14346 = EDGE_CURVE('',#14347,#14347,#14349,.T.);
#14347 = VERTEX_POINT('',#14348);
#14348 = CARTESIAN_POINT('',(120.653806,-155.213962,0.));
#14349 = CIRCLE('',#14350,0.25);
#14350 = AXIS2_PLACEMENT_3D('',#14351,#14352,#14353);
#14351 = CARTESIAN_POINT('',(120.653806,-154.963962,0.));
#14352 = DIRECTION('',(-0.,0.,-1.));
#14353 = DIRECTION('',(-0.,-1.,0.));
#14354 = FACE_BOUND('',#14355,.F.);
#14355 = EDGE_LOOP('',(#14356));
#14356 = ORIENTED_EDGE('',*,*,#14357,.T.);
#14357 = EDGE_CURVE('',#14358,#14358,#14360,.T.);
#14358 = VERTEX_POINT('',#14359);
#14359 = CARTESIAN_POINT('',(138.5,-149.5,0.));
#14360 = CIRCLE('',#14361,0.5);
#14361 = AXIS2_PLACEMENT_3D('',#14362,#14363,#14364);
#14362 = CARTESIAN_POINT('',(138.5,-149.,0.));
#14363 = DIRECTION('',(-0.,0.,-1.));
#14364 = DIRECTION('',(-0.,-1.,0.));
#14365 = FACE_BOUND('',#14366,.F.);
#14366 = EDGE_LOOP('',(#14367));
#14367 = ORIENTED_EDGE('',*,*,#14368,.T.);
#14368 = EDGE_CURVE('',#14369,#14369,#14371,.T.);
#14369 = VERTEX_POINT('',#14370);
#14370 = CARTESIAN_POINT('',(142.,-149.75,0.));
#14371 = CIRCLE('',#14372,0.75);
#14372 = AXIS2_PLACEMENT_3D('',#14373,#14374,#14375);
#14373 = CARTESIAN_POINT('',(142.,-149.,0.));
#14374 = DIRECTION('',(-0.,0.,-1.));
#14375 = DIRECTION('',(-0.,-1.,0.));
#14376 = FACE_BOUND('',#14377,.F.);
#14377 = EDGE_LOOP('',(#14378));
#14378 = ORIENTED_EDGE('',*,*,#14379,.T.);
#14379 = EDGE_CURVE('',#14380,#14380,#14382,.T.);
#14380 = VERTEX_POINT('',#14381);
#14381 = CARTESIAN_POINT('',(135.5,-146.25,0.));
#14382 = CIRCLE('',#14383,0.25);
#14383 = AXIS2_PLACEMENT_3D('',#14384,#14385,#14386);
#14384 = CARTESIAN_POINT('',(135.5,-146.,0.));
#14385 = DIRECTION('',(-0.,0.,-1.));
#14386 = DIRECTION('',(-0.,-1.,0.));
#14387 = FACE_BOUND('',#14388,.F.);
#14388 = EDGE_LOOP('',(#14389));
#14389 = ORIENTED_EDGE('',*,*,#14390,.T.);
#14390 = EDGE_CURVE('',#14391,#14391,#14393,.T.);
#14391 = VERTEX_POINT('',#14392);
#14392 = CARTESIAN_POINT('',(135.5,-145.25,0.));
#14393 = CIRCLE('',#14394,0.25);
#14394 = AXIS2_PLACEMENT_3D('',#14395,#14396,#14397);
#14395 = CARTESIAN_POINT('',(135.5,-145.,0.));
#14396 = DIRECTION('',(-0.,0.,-1.));
#14397 = DIRECTION('',(-0.,-1.,0.));
#14398 = FACE_BOUND('',#14399,.F.);
#14399 = EDGE_LOOP('',(#14400));
#14400 = ORIENTED_EDGE('',*,*,#14401,.T.);
#14401 = EDGE_CURVE('',#14402,#14402,#14404,.T.);
#14402 = VERTEX_POINT('',#14403);
#14403 = CARTESIAN_POINT('',(138.5,-145.5,0.));
#14404 = CIRCLE('',#14405,0.5);
#14405 = AXIS2_PLACEMENT_3D('',#14406,#14407,#14408);
#14406 = CARTESIAN_POINT('',(138.5,-145.,0.));
#14407 = DIRECTION('',(-0.,0.,-1.));
#14408 = DIRECTION('',(-0.,-1.,0.));
#14409 = FACE_BOUND('',#14410,.F.);
#14410 = EDGE_LOOP('',(#14411));
#14411 = ORIENTED_EDGE('',*,*,#14412,.T.);
#14412 = EDGE_CURVE('',#14413,#14413,#14415,.T.);
#14413 = VERTEX_POINT('',#14414);
#14414 = CARTESIAN_POINT('',(142.,-145.75,0.));
#14415 = CIRCLE('',#14416,0.75);
#14416 = AXIS2_PLACEMENT_3D('',#14417,#14418,#14419);
#14417 = CARTESIAN_POINT('',(142.,-145.,0.));
#14418 = DIRECTION('',(-0.,0.,-1.));
#14419 = DIRECTION('',(-0.,-1.,0.));
#14420 = PLANE('',#14421);
#14421 = AXIS2_PLACEMENT_3D('',#14422,#14423,#14424);
#14422 = CARTESIAN_POINT('',(0.,0.,0.));
#14423 = DIRECTION('',(0.,0.,1.));
#14424 = DIRECTION('',(1.,0.,-0.));
#14425 = ADVANCED_FACE('',(#14426,#14437,#14448,#14459,#14470,#14481,
    #14492,#14503,#14514,#14525,#14536),#14547,.T.);
#14426 = FACE_BOUND('',#14427,.T.);
#14427 = EDGE_LOOP('',(#14428,#14429,#14430,#14436));
#14428 = ORIENTED_EDGE('',*,*,#14210,.F.);
#14429 = ORIENTED_EDGE('',*,*,#14250,.F.);
#14430 = ORIENTED_EDGE('',*,*,#14431,.F.);
#14431 = EDGE_CURVE('',#14273,#14243,#14432,.T.);
#14432 = LINE('',#14433,#14434);
#14433 = CARTESIAN_POINT('',(119.37,-125.5,1.51));
#14434 = VECTOR('',#14435,1.);
#14435 = DIRECTION('',(1.,0.,0.));
#14436 = ORIENTED_EDGE('',*,*,#14272,.F.);
#14437 = FACE_BOUND('',#14438,.T.);
#14438 = EDGE_LOOP('',(#14439));
#14439 = ORIENTED_EDGE('',*,*,#14440,.T.);
#14440 = EDGE_CURVE('',#14441,#14441,#14443,.T.);
#14441 = VERTEX_POINT('',#14442);
#14442 = CARTESIAN_POINT('',(120.653806,-158.213962,1.51));
#14443 = CIRCLE('',#14444,0.25);
#14444 = AXIS2_PLACEMENT_3D('',#14445,#14446,#14447);
#14445 = CARTESIAN_POINT('',(120.653806,-157.963962,1.51));
#14446 = DIRECTION('',(-0.,0.,-1.));
#14447 = DIRECTION('',(-0.,-1.,0.));
#14448 = FACE_BOUND('',#14449,.T.);
#14449 = EDGE_LOOP('',(#14450));
#14450 = ORIENTED_EDGE('',*,*,#14451,.T.);
#14451 = EDGE_CURVE('',#14452,#14452,#14454,.T.);
#14452 = VERTEX_POINT('',#14453);
#14453 = CARTESIAN_POINT('',(120.653806,-157.213962,1.51));
#14454 = CIRCLE('',#14455,0.25);
#14455 = AXIS2_PLACEMENT_3D('',#14456,#14457,#14458);
#14456 = CARTESIAN_POINT('',(120.653806,-156.963962,1.51));
#14457 = DIRECTION('',(-0.,0.,-1.));
#14458 = DIRECTION('',(-0.,-1.,0.));
#14459 = FACE_BOUND('',#14460,.T.);
#14460 = EDGE_LOOP('',(#14461));
#14461 = ORIENTED_EDGE('',*,*,#14462,.T.);
#14462 = EDGE_CURVE('',#14463,#14463,#14465,.T.);
#14463 = VERTEX_POINT('',#14464);
#14464 = CARTESIAN_POINT('',(120.653806,-156.213962,1.51));
#14465 = CIRCLE('',#14466,0.25);
#14466 = AXIS2_PLACEMENT_3D('',#14467,#14468,#14469);
#14467 = CARTESIAN_POINT('',(120.653806,-155.963962,1.51));
#14468 = DIRECTION('',(-0.,0.,-1.));
#14469 = DIRECTION('',(-0.,-1.,0.));
#14470 = FACE_BOUND('',#14471,.T.);
#14471 = EDGE_LOOP('',(#14472));
#14472 = ORIENTED_EDGE('',*,*,#14473,.T.);
#14473 = EDGE_CURVE('',#14474,#14474,#14476,.T.);
#14474 = VERTEX_POINT('',#14475);
#14475 = CARTESIAN_POINT('',(120.653806,-155.213962,1.51));
#14476 = CIRCLE('',#14477,0.25);
#14477 = AXIS2_PLACEMENT_3D('',#14478,#14479,#14480);
#14478 = CARTESIAN_POINT('',(120.653806,-154.963962,1.51));
#14479 = DIRECTION('',(-0.,0.,-1.));
#14480 = DIRECTION('',(-0.,-1.,0.));
#14481 = FACE_BOUND('',#14482,.T.);
#14482 = EDGE_LOOP('',(#14483));
#14483 = ORIENTED_EDGE('',*,*,#14484,.T.);
#14484 = EDGE_CURVE('',#14485,#14485,#14487,.T.);
#14485 = VERTEX_POINT('',#14486);
#14486 = CARTESIAN_POINT('',(138.5,-149.5,1.51));
#14487 = CIRCLE('',#14488,0.5);
#14488 = AXIS2_PLACEMENT_3D('',#14489,#14490,#14491);
#14489 = CARTESIAN_POINT('',(138.5,-149.,1.51));
#14490 = DIRECTION('',(-0.,0.,-1.));
#14491 = DIRECTION('',(-0.,-1.,0.));
#14492 = FACE_BOUND('',#14493,.T.);
#14493 = EDGE_LOOP('',(#14494));
#14494 = ORIENTED_EDGE('',*,*,#14495,.T.);
#14495 = EDGE_CURVE('',#14496,#14496,#14498,.T.);
#14496 = VERTEX_POINT('',#14497);
#14497 = CARTESIAN_POINT('',(142.,-149.75,1.51));
#14498 = CIRCLE('',#14499,0.75);
#14499 = AXIS2_PLACEMENT_3D('',#14500,#14501,#14502);
#14500 = CARTESIAN_POINT('',(142.,-149.,1.51));
#14501 = DIRECTION('',(-0.,0.,-1.));
#14502 = DIRECTION('',(-0.,-1.,0.));
#14503 = FACE_BOUND('',#14504,.T.);
#14504 = EDGE_LOOP('',(#14505));
#14505 = ORIENTED_EDGE('',*,*,#14506,.T.);
#14506 = EDGE_CURVE('',#14507,#14507,#14509,.T.);
#14507 = VERTEX_POINT('',#14508);
#14508 = CARTESIAN_POINT('',(135.5,-146.25,1.51));
#14509 = CIRCLE('',#14510,0.25);
#14510 = AXIS2_PLACEMENT_3D('',#14511,#14512,#14513);
#14511 = CARTESIAN_POINT('',(135.5,-146.,1.51));
#14512 = DIRECTION('',(-0.,0.,-1.));
#14513 = DIRECTION('',(-0.,-1.,0.));
#14514 = FACE_BOUND('',#14515,.T.);
#14515 = EDGE_LOOP('',(#14516));
#14516 = ORIENTED_EDGE('',*,*,#14517,.T.);
#14517 = EDGE_CURVE('',#14518,#14518,#14520,.T.);
#14518 = VERTEX_POINT('',#14519);
#14519 = CARTESIAN_POINT('',(135.5,-145.25,1.51));
#14520 = CIRCLE('',#14521,0.25);
#14521 = AXIS2_PLACEMENT_3D('',#14522,#14523,#14524);
#14522 = CARTESIAN_POINT('',(135.5,-145.,1.51));
#14523 = DIRECTION('',(-0.,0.,-1.));
#14524 = DIRECTION('',(-0.,-1.,0.));
#14525 = FACE_BOUND('',#14526,.T.);
#14526 = EDGE_LOOP('',(#14527));
#14527 = ORIENTED_EDGE('',*,*,#14528,.T.);
#14528 = EDGE_CURVE('',#14529,#14529,#14531,.T.);
#14529 = VERTEX_POINT('',#14530);
#14530 = CARTESIAN_POINT('',(138.5,-145.5,1.51));
#14531 = CIRCLE('',#14532,0.5);
#14532 = AXIS2_PLACEMENT_3D('',#14533,#14534,#14535);
#14533 = CARTESIAN_POINT('',(138.5,-145.,1.51));
#14534 = DIRECTION('',(-0.,0.,-1.));
#14535 = DIRECTION('',(-0.,-1.,0.));
#14536 = FACE_BOUND('',#14537,.T.);
#14537 = EDGE_LOOP('',(#14538));
#14538 = ORIENTED_EDGE('',*,*,#14539,.T.);
#14539 = EDGE_CURVE('',#14540,#14540,#14542,.T.);
#14540 = VERTEX_POINT('',#14541);
#14541 = CARTESIAN_POINT('',(142.,-145.75,1.51));
#14542 = CIRCLE('',#14543,0.75);
#14543 = AXIS2_PLACEMENT_3D('',#14544,#14545,#14546);
#14544 = CARTESIAN_POINT('',(142.,-145.,1.51));
#14545 = DIRECTION('',(-0.,0.,-1.));
#14546 = DIRECTION('',(-0.,-1.,0.));
#14547 = PLANE('',#14548);
#14548 = AXIS2_PLACEMENT_3D('',#14549,#14550,#14551);
#14549 = CARTESIAN_POINT('',(0.,0.,1.51));
#14550 = DIRECTION('',(0.,0.,1.));
#14551 = DIRECTION('',(1.,0.,-0.));
#14552 = ADVANCED_FACE('',(#14553),#14559,.T.);
#14553 = FACE_BOUND('',#14554,.T.);
#14554 = EDGE_LOOP('',(#14555,#14556,#14557,#14558));
#14555 = ORIENTED_EDGE('',*,*,#14280,.T.);
#14556 = ORIENTED_EDGE('',*,*,#14431,.T.);
#14557 = ORIENTED_EDGE('',*,*,#14240,.F.);
#14558 = ORIENTED_EDGE('',*,*,#14304,.F.);
#14559 = PLANE('',#14560);
#14560 = AXIS2_PLACEMENT_3D('',#14561,#14562,#14563);
#14561 = CARTESIAN_POINT('',(119.37,-125.5,0.));
#14562 = DIRECTION('',(0.,1.,0.));
#14563 = DIRECTION('',(1.,0.,0.));
#14564 = ADVANCED_FACE('',(#14565),#14576,.F.);
#14565 = FACE_BOUND('',#14566,.T.);
#14566 = EDGE_LOOP('',(#14567,#14568,#14574,#14575));
#14567 = ORIENTED_EDGE('',*,*,#14313,.T.);
#14568 = ORIENTED_EDGE('',*,*,#14569,.T.);
#14569 = EDGE_CURVE('',#14314,#14441,#14570,.T.);
#14570 = LINE('',#14571,#14572);
#14571 = CARTESIAN_POINT('',(120.653806,-158.213962,-4.6E-02));
#14572 = VECTOR('',#14573,1.);
#14573 = DIRECTION('',(0.,0.,1.));
#14574 = ORIENTED_EDGE('',*,*,#14440,.F.);
#14575 = ORIENTED_EDGE('',*,*,#14569,.F.);
#14576 = CYLINDRICAL_SURFACE('',#14577,0.25);
#14577 = AXIS2_PLACEMENT_3D('',#14578,#14579,#14580);
#14578 = CARTESIAN_POINT('',(120.653806,-157.963962,-4.6E-02));
#14579 = DIRECTION('',(-0.,-0.,-1.));
#14580 = DIRECTION('',(-0.,-1.,0.));
#14581 = ADVANCED_FACE('',(#14582),#14593,.F.);
#14582 = FACE_BOUND('',#14583,.T.);
#14583 = EDGE_LOOP('',(#14584,#14585,#14591,#14592));
#14584 = ORIENTED_EDGE('',*,*,#14324,.T.);
#14585 = ORIENTED_EDGE('',*,*,#14586,.T.);
#14586 = EDGE_CURVE('',#14325,#14452,#14587,.T.);
#14587 = LINE('',#14588,#14589);
#14588 = CARTESIAN_POINT('',(120.653806,-157.213962,-4.6E-02));
#14589 = VECTOR('',#14590,1.);
#14590 = DIRECTION('',(0.,0.,1.));
#14591 = ORIENTED_EDGE('',*,*,#14451,.F.);
#14592 = ORIENTED_EDGE('',*,*,#14586,.F.);
#14593 = CYLINDRICAL_SURFACE('',#14594,0.25);
#14594 = AXIS2_PLACEMENT_3D('',#14595,#14596,#14597);
#14595 = CARTESIAN_POINT('',(120.653806,-156.963962,-4.6E-02));
#14596 = DIRECTION('',(-0.,-0.,-1.));
#14597 = DIRECTION('',(-0.,-1.,0.));
#14598 = ADVANCED_FACE('',(#14599),#14610,.F.);
#14599 = FACE_BOUND('',#14600,.T.);
#14600 = EDGE_LOOP('',(#14601,#14602,#14608,#14609));
#14601 = ORIENTED_EDGE('',*,*,#14335,.T.);
#14602 = ORIENTED_EDGE('',*,*,#14603,.T.);
#14603 = EDGE_CURVE('',#14336,#14463,#14604,.T.);
#14604 = LINE('',#14605,#14606);
#14605 = CARTESIAN_POINT('',(120.653806,-156.213962,-4.6E-02));
#14606 = VECTOR('',#14607,1.);
#14607 = DIRECTION('',(0.,0.,1.));
#14608 = ORIENTED_EDGE('',*,*,#14462,.F.);
#14609 = ORIENTED_EDGE('',*,*,#14603,.F.);
#14610 = CYLINDRICAL_SURFACE('',#14611,0.25);
#14611 = AXIS2_PLACEMENT_3D('',#14612,#14613,#14614);
#14612 = CARTESIAN_POINT('',(120.653806,-155.963962,-4.6E-02));
#14613 = DIRECTION('',(-0.,-0.,-1.));
#14614 = DIRECTION('',(-0.,-1.,0.));
#14615 = ADVANCED_FACE('',(#14616),#14627,.F.);
#14616 = FACE_BOUND('',#14617,.T.);
#14617 = EDGE_LOOP('',(#14618,#14619,#14625,#14626));
#14618 = ORIENTED_EDGE('',*,*,#14346,.T.);
#14619 = ORIENTED_EDGE('',*,*,#14620,.T.);
#14620 = EDGE_CURVE('',#14347,#14474,#14621,.T.);
#14621 = LINE('',#14622,#14623);
#14622 = CARTESIAN_POINT('',(120.653806,-155.213962,-4.6E-02));
#14623 = VECTOR('',#14624,1.);
#14624 = DIRECTION('',(0.,0.,1.));
#14625 = ORIENTED_EDGE('',*,*,#14473,.F.);
#14626 = ORIENTED_EDGE('',*,*,#14620,.F.);
#14627 = CYLINDRICAL_SURFACE('',#14628,0.25);
#14628 = AXIS2_PLACEMENT_3D('',#14629,#14630,#14631);
#14629 = CARTESIAN_POINT('',(120.653806,-154.963962,-4.6E-02));
#14630 = DIRECTION('',(-0.,-0.,-1.));
#14631 = DIRECTION('',(-0.,-1.,0.));
#14632 = ADVANCED_FACE('',(#14633),#14644,.F.);
#14633 = FACE_BOUND('',#14634,.T.);
#14634 = EDGE_LOOP('',(#14635,#14636,#14642,#14643));
#14635 = ORIENTED_EDGE('',*,*,#14357,.T.);
#14636 = ORIENTED_EDGE('',*,*,#14637,.T.);
#14637 = EDGE_CURVE('',#14358,#14485,#14638,.T.);
#14638 = LINE('',#14639,#14640);
#14639 = CARTESIAN_POINT('',(138.5,-149.5,-4.6E-02));
#14640 = VECTOR('',#14641,1.);
#14641 = DIRECTION('',(0.,0.,1.));
#14642 = ORIENTED_EDGE('',*,*,#14484,.F.);
#14643 = ORIENTED_EDGE('',*,*,#14637,.F.);
#14644 = CYLINDRICAL_SURFACE('',#14645,0.5);
#14645 = AXIS2_PLACEMENT_3D('',#14646,#14647,#14648);
#14646 = CARTESIAN_POINT('',(138.5,-149.,-4.6E-02));
#14647 = DIRECTION('',(-0.,-0.,-1.));
#14648 = DIRECTION('',(-0.,-1.,0.));
#14649 = ADVANCED_FACE('',(#14650),#14661,.F.);
#14650 = FACE_BOUND('',#14651,.T.);
#14651 = EDGE_LOOP('',(#14652,#14653,#14659,#14660));
#14652 = ORIENTED_EDGE('',*,*,#14368,.T.);
#14653 = ORIENTED_EDGE('',*,*,#14654,.T.);
#14654 = EDGE_CURVE('',#14369,#14496,#14655,.T.);
#14655 = LINE('',#14656,#14657);
#14656 = CARTESIAN_POINT('',(142.,-149.75,-4.6E-02));
#14657 = VECTOR('',#14658,1.);
#14658 = DIRECTION('',(0.,0.,1.));
#14659 = ORIENTED_EDGE('',*,*,#14495,.F.);
#14660 = ORIENTED_EDGE('',*,*,#14654,.F.);
#14661 = CYLINDRICAL_SURFACE('',#14662,0.75);
#14662 = AXIS2_PLACEMENT_3D('',#14663,#14664,#14665);
#14663 = CARTESIAN_POINT('',(142.,-149.,-4.6E-02));
#14664 = DIRECTION('',(-0.,-0.,-1.));
#14665 = DIRECTION('',(-0.,-1.,0.));
#14666 = ADVANCED_FACE('',(#14667),#14678,.F.);
#14667 = FACE_BOUND('',#14668,.T.);
#14668 = EDGE_LOOP('',(#14669,#14670,#14676,#14677));
#14669 = ORIENTED_EDGE('',*,*,#14379,.T.);
#14670 = ORIENTED_EDGE('',*,*,#14671,.T.);
#14671 = EDGE_CURVE('',#14380,#14507,#14672,.T.);
#14672 = LINE('',#14673,#14674);
#14673 = CARTESIAN_POINT('',(135.5,-146.25,-4.6E-02));
#14674 = VECTOR('',#14675,1.);
#14675 = DIRECTION('',(0.,0.,1.));
#14676 = ORIENTED_EDGE('',*,*,#14506,.F.);
#14677 = ORIENTED_EDGE('',*,*,#14671,.F.);
#14678 = CYLINDRICAL_SURFACE('',#14679,0.25);
#14679 = AXIS2_PLACEMENT_3D('',#14680,#14681,#14682);
#14680 = CARTESIAN_POINT('',(135.5,-146.,-4.6E-02));
#14681 = DIRECTION('',(-0.,-0.,-1.));
#14682 = DIRECTION('',(-0.,-1.,0.));
#14683 = ADVANCED_FACE('',(#14684),#14695,.F.);
#14684 = FACE_BOUND('',#14685,.T.);
#14685 = EDGE_LOOP('',(#14686,#14687,#14693,#14694));
#14686 = ORIENTED_EDGE('',*,*,#14390,.T.);
#14687 = ORIENTED_EDGE('',*,*,#14688,.T.);
#14688 = EDGE_CURVE('',#14391,#14518,#14689,.T.);
#14689 = LINE('',#14690,#14691);
#14690 = CARTESIAN_POINT('',(135.5,-145.25,-4.6E-02));
#14691 = VECTOR('',#14692,1.);
#14692 = DIRECTION('',(0.,0.,1.));
#14693 = ORIENTED_EDGE('',*,*,#14517,.F.);
#14694 = ORIENTED_EDGE('',*,*,#14688,.F.);
#14695 = CYLINDRICAL_SURFACE('',#14696,0.25);
#14696 = AXIS2_PLACEMENT_3D('',#14697,#14698,#14699);
#14697 = CARTESIAN_POINT('',(135.5,-145.,-4.6E-02));
#14698 = DIRECTION('',(-0.,-0.,-1.));
#14699 = DIRECTION('',(-0.,-1.,0.));
#14700 = ADVANCED_FACE('',(#14701),#14712,.F.);
#14701 = FACE_BOUND('',#14702,.T.);
#14702 = EDGE_LOOP('',(#14703,#14704,#14710,#14711));
#14703 = ORIENTED_EDGE('',*,*,#14401,.T.);
#14704 = ORIENTED_EDGE('',*,*,#14705,.T.);
#14705 = EDGE_CURVE('',#14402,#14529,#14706,.T.);
#14706 = LINE('',#14707,#14708);
#14707 = CARTESIAN_POINT('',(138.5,-145.5,-4.6E-02));
#14708 = VECTOR('',#14709,1.);
#14709 = DIRECTION('',(0.,0.,1.));
#14710 = ORIENTED_EDGE('',*,*,#14528,.F.);
#14711 = ORIENTED_EDGE('',*,*,#14705,.F.);
#14712 = CYLINDRICAL_SURFACE('',#14713,0.5);
#14713 = AXIS2_PLACEMENT_3D('',#14714,#14715,#14716);
#14714 = CARTESIAN_POINT('',(138.5,-145.,-4.6E-02));
#14715 = DIRECTION('',(-0.,-0.,-1.));
#14716 = DIRECTION('',(-0.,-1.,0.));
#14717 = ADVANCED_FACE('',(#14718),#14729,.F.);
#14718 = FACE_BOUND('',#14719,.T.);
#14719 = EDGE_LOOP('',(#14720,#14721,#14727,#14728));
#14720 = ORIENTED_EDGE('',*,*,#14412,.T.);
#14721 = ORIENTED_EDGE('',*,*,#14722,.T.);
#14722 = EDGE_CURVE('',#14413,#14540,#14723,.T.);
#14723 = LINE('',#14724,#14725);
#14724 = CARTESIAN_POINT('',(142.,-145.75,-4.6E-02));
#14725 = VECTOR('',#14726,1.);
#14726 = DIRECTION('',(0.,0.,1.));
#14727 = ORIENTED_EDGE('',*,*,#14539,.F.);
#14728 = ORIENTED_EDGE('',*,*,#14722,.F.);
#14729 = CYLINDRICAL_SURFACE('',#14730,0.75);
#14730 = AXIS2_PLACEMENT_3D('',#14731,#14732,#14733);
#14731 = CARTESIAN_POINT('',(142.,-145.,-4.6E-02));
#14732 = DIRECTION('',(-0.,-0.,-1.));
#14733 = DIRECTION('',(-0.,-1.,0.));
#14734 = ( GEOMETRIC_REPRESENTATION_CONTEXT(3) 
GLOBAL_UNCERTAINTY_ASSIGNED_CONTEXT((#14738)) 
GLOBAL_UNIT_ASSIGNED_CONTEXT((#14735,#14736,#14737)) 
REPRESENTATION_CONTEXT('Context #1',
  '3D Context with UNIT and UNCERTAINTY') );
#14735 = ( LENGTH_UNIT() NAMED_UNIT(*) SI_UNIT(.MILLI.,.METRE.) );
#14736 = ( NAMED_UNIT(*) PLANE_ANGLE_UNIT() SI_UNIT($,.RADIAN.) );
#14737 = ( NAMED_UNIT(*) SI_UNIT($,.STERADIAN.) SOLID_ANGLE_UNIT() );
#14738 = UNCERTAINTY_MEASURE_WITH_UNIT(LENGTH_MEASURE(1.E-07),#14735,
  'distance_accuracy_value','confusion accuracy');
#14739 = CONTEXT_DEPENDENT_SHAPE_REPRESENTATION(#14740,#14742);
#14740 = ( REPRESENTATION_RELATIONSHIP('','',#14193,#10) 
REPRESENTATION_RELATIONSHIP_WITH_TRANSFORMATION(#14741) 
SHAPE_REPRESENTATION_RELATIONSHIP() );
#14741 = ITEM_DEFINED_TRANSFORMATION('','',#11,#139);
#14742 = PRODUCT_DEFINITION_SHAPE('Placement','Placement of an item',
  #14743);
#14743 = NEXT_ASSEMBLY_USAGE_OCCURRENCE('32','=>[0:1:1:10]','',#5,#14188
  ,$);
#14744 = PRODUCT_RELATED_PRODUCT_CATEGORY('part',$,(#14190));
#14745 = MECHANICAL_DESIGN_GEOMETRIC_PRESENTATION_REPRESENTATION('',(
    #14746,#14756,#14765,#14774,#14783,#14793,#14802,#14811,#14820,
    #14829,#14838,#14847,#14856,#14865,#14874,#14883,#14892,#14901,
    #14910,#14919,#14928,#14937,#14946,#14955,#14964,#14973,#14982,
    #14991,#15000,#15009,#15018,#15027,#15036,#15045,#15054,#15063,
    #15072,#15081,#15090,#15099,#15108,#15117,#15126,#15135,#15144,
    #15153,#15162,#15171,#15180,#15189,#15198,#15207,#15216,#15225,
    #15234,#15244,#15253,#15262,#15271),#14150);
#14746 = STYLED_ITEM('color',(#14747),#12464);
#14747 = PRESENTATION_STYLE_ASSIGNMENT((#14748,#14754));
#14748 = SURFACE_STYLE_USAGE(.BOTH.,#14749);
#14749 = SURFACE_SIDE_STYLE('',(#14750));
#14750 = SURFACE_STYLE_FILL_AREA(#14751);
#14751 = FILL_AREA_STYLE('',(#14752));
#14752 = FILL_AREA_STYLE_COLOUR('',#14753);
#14753 = COLOUR_RGB('',0.147999998088,0.145000001626,0.145000001626);
#14754 = CURVE_STYLE('',#14755,POSITIVE_LENGTH_MEASURE(0.1),#14753);
#14755 = DRAUGHTING_PRE_DEFINED_CURVE_FONT('continuous');
#14756 = STYLED_ITEM('color',(#14757),#12518);
#14757 = PRESENTATION_STYLE_ASSIGNMENT((#14758,#14763));
#14758 = SURFACE_STYLE_USAGE(.BOTH.,#14759);
#14759 = SURFACE_SIDE_STYLE('',(#14760));
#14760 = SURFACE_STYLE_FILL_AREA(#14761);
#14761 = FILL_AREA_STYLE('',(#14762));
#14762 = FILL_AREA_STYLE_COLOUR('',#14753);
#14763 = CURVE_STYLE('',#14764,POSITIVE_LENGTH_MEASURE(0.1),#14753);
#14764 = DRAUGHTING_PRE_DEFINED_CURVE_FONT('continuous');
#14765 = STYLED_ITEM('color',(#14766),#12581);
#14766 = PRESENTATION_STYLE_ASSIGNMENT((#14767,#14772));
#14767 = SURFACE_STYLE_USAGE(.BOTH.,#14768);
#14768 = SURFACE_SIDE_STYLE('',(#14769));
#14769 = SURFACE_STYLE_FILL_AREA(#14770);
#14770 = FILL_AREA_STYLE('',(#14771));
#14771 = FILL_AREA_STYLE_COLOUR('',#14753);
#14772 = CURVE_STYLE('',#14773,POSITIVE_LENGTH_MEASURE(0.1),#14753);
#14773 = DRAUGHTING_PRE_DEFINED_CURVE_FONT('continuous');
#14774 = STYLED_ITEM('color',(#14775),#12604);
#14775 = PRESENTATION_STYLE_ASSIGNMENT((#14776,#14781));
#14776 = SURFACE_STYLE_USAGE(.BOTH.,#14777);
#14777 = SURFACE_SIDE_STYLE('',(#14778));
#14778 = SURFACE_STYLE_FILL_AREA(#14779);
#14779 = FILL_AREA_STYLE('',(#14780));
#14780 = FILL_AREA_STYLE_COLOUR('',#14753);
#14781 = CURVE_STYLE('',#14782,POSITIVE_LENGTH_MEASURE(0.1),#14753);
#14782 = DRAUGHTING_PRE_DEFINED_CURVE_FONT('continuous');
#14783 = STYLED_ITEM('color',(#14784),#12634);
#14784 = PRESENTATION_STYLE_ASSIGNMENT((#14785,#14791));
#14785 = SURFACE_STYLE_USAGE(.BOTH.,#14786);
#14786 = SURFACE_SIDE_STYLE('',(#14787));
#14787 = SURFACE_STYLE_FILL_AREA(#14788);
#14788 = FILL_AREA_STYLE('',(#14789));
#14789 = FILL_AREA_STYLE_COLOUR('',#14790);
#14790 = COLOUR_RGB('',0.823999987314,0.819999987296,0.781000009244);
#14791 = CURVE_STYLE('',#14792,POSITIVE_LENGTH_MEASURE(0.1),#14790);
#14792 = DRAUGHTING_PRE_DEFINED_CURVE_FONT('continuous');
#14793 = STYLED_ITEM('color',(#14794),#12667);
#14794 = PRESENTATION_STYLE_ASSIGNMENT((#14795,#14800));
#14795 = SURFACE_STYLE_USAGE(.BOTH.,#14796);
#14796 = SURFACE_SIDE_STYLE('',(#14797));
#14797 = SURFACE_STYLE_FILL_AREA(#14798);
#14798 = FILL_AREA_STYLE('',(#14799));
#14799 = FILL_AREA_STYLE_COLOUR('',#14753);
#14800 = CURVE_STYLE('',#14801,POSITIVE_LENGTH_MEASURE(0.1),#14753);
#14801 = DRAUGHTING_PRE_DEFINED_CURVE_FONT('continuous');
#14802 = STYLED_ITEM('color',(#14803),#12697);
#14803 = PRESENTATION_STYLE_ASSIGNMENT((#14804,#14809));
#14804 = SURFACE_STYLE_USAGE(.BOTH.,#14805);
#14805 = SURFACE_SIDE_STYLE('',(#14806));
#14806 = SURFACE_STYLE_FILL_AREA(#14807);
#14807 = FILL_AREA_STYLE('',(#14808));
#14808 = FILL_AREA_STYLE_COLOUR('',#14753);
#14809 = CURVE_STYLE('',#14810,POSITIVE_LENGTH_MEASURE(0.1),#14753);
#14810 = DRAUGHTING_PRE_DEFINED_CURVE_FONT('continuous');
#14811 = STYLED_ITEM('color',(#14812),#12720);
#14812 = PRESENTATION_STYLE_ASSIGNMENT((#14813,#14818));
#14813 = SURFACE_STYLE_USAGE(.BOTH.,#14814);
#14814 = SURFACE_SIDE_STYLE('',(#14815));
#14815 = SURFACE_STYLE_FILL_AREA(#14816);
#14816 = FILL_AREA_STYLE('',(#14817));
#14817 = FILL_AREA_STYLE_COLOUR('',#14753);
#14818 = CURVE_STYLE('',#14819,POSITIVE_LENGTH_MEASURE(0.1),#14753);
#14819 = DRAUGHTING_PRE_DEFINED_CURVE_FONT('continuous');
#14820 = STYLED_ITEM('color',(#14821),#12743);
#14821 = PRESENTATION_STYLE_ASSIGNMENT((#14822,#14827));
#14822 = SURFACE_STYLE_USAGE(.BOTH.,#14823);
#14823 = SURFACE_SIDE_STYLE('',(#14824));
#14824 = SURFACE_STYLE_FILL_AREA(#14825);
#14825 = FILL_AREA_STYLE('',(#14826));
#14826 = FILL_AREA_STYLE_COLOUR('',#14753);
#14827 = CURVE_STYLE('',#14828,POSITIVE_LENGTH_MEASURE(0.1),#14753);
#14828 = DRAUGHTING_PRE_DEFINED_CURVE_FONT('continuous');
#14829 = STYLED_ITEM('color',(#14830),#12766);
#14830 = PRESENTATION_STYLE_ASSIGNMENT((#14831,#14836));
#14831 = SURFACE_STYLE_USAGE(.BOTH.,#14832);
#14832 = SURFACE_SIDE_STYLE('',(#14833));
#14833 = SURFACE_STYLE_FILL_AREA(#14834);
#14834 = FILL_AREA_STYLE('',(#14835));
#14835 = FILL_AREA_STYLE_COLOUR('',#14753);
#14836 = CURVE_STYLE('',#14837,POSITIVE_LENGTH_MEASURE(0.1),#14753);
#14837 = DRAUGHTING_PRE_DEFINED_CURVE_FONT('continuous');
#14838 = STYLED_ITEM('color',(#14839),#12789);
#14839 = PRESENTATION_STYLE_ASSIGNMENT((#14840,#14845));
#14840 = SURFACE_STYLE_USAGE(.BOTH.,#14841);
#14841 = SURFACE_SIDE_STYLE('',(#14842));
#14842 = SURFACE_STYLE_FILL_AREA(#14843);
#14843 = FILL_AREA_STYLE('',(#14844));
#14844 = FILL_AREA_STYLE_COLOUR('',#14753);
#14845 = CURVE_STYLE('',#14846,POSITIVE_LENGTH_MEASURE(0.1),#14753);
#14846 = DRAUGHTING_PRE_DEFINED_CURVE_FONT('continuous');
#14847 = STYLED_ITEM('color',(#14848),#12812);
#14848 = PRESENTATION_STYLE_ASSIGNMENT((#14849,#14854));
#14849 = SURFACE_STYLE_USAGE(.BOTH.,#14850);
#14850 = SURFACE_SIDE_STYLE('',(#14851));
#14851 = SURFACE_STYLE_FILL_AREA(#14852);
#14852 = FILL_AREA_STYLE('',(#14853));
#14853 = FILL_AREA_STYLE_COLOUR('',#14753);
#14854 = CURVE_STYLE('',#14855,POSITIVE_LENGTH_MEASURE(0.1),#14753);
#14855 = DRAUGHTING_PRE_DEFINED_CURVE_FONT('continuous');
#14856 = STYLED_ITEM('color',(#14857),#12845);
#14857 = PRESENTATION_STYLE_ASSIGNMENT((#14858,#14863));
#14858 = SURFACE_STYLE_USAGE(.BOTH.,#14859);
#14859 = SURFACE_SIDE_STYLE('',(#14860));
#14860 = SURFACE_STYLE_FILL_AREA(#14861);
#14861 = FILL_AREA_STYLE('',(#14862));
#14862 = FILL_AREA_STYLE_COLOUR('',#14753);
#14863 = CURVE_STYLE('',#14864,POSITIVE_LENGTH_MEASURE(0.1),#14753);
#14864 = DRAUGHTING_PRE_DEFINED_CURVE_FONT('continuous');
#14865 = STYLED_ITEM('color',(#14866),#12868);
#14866 = PRESENTATION_STYLE_ASSIGNMENT((#14867,#14872));
#14867 = SURFACE_STYLE_USAGE(.BOTH.,#14868);
#14868 = SURFACE_SIDE_STYLE('',(#14869));
#14869 = SURFACE_STYLE_FILL_AREA(#14870);
#14870 = FILL_AREA_STYLE('',(#14871));
#14871 = FILL_AREA_STYLE_COLOUR('',#14753);
#14872 = CURVE_STYLE('',#14873,POSITIVE_LENGTH_MEASURE(0.1),#14753);
#14873 = DRAUGHTING_PRE_DEFINED_CURVE_FONT('continuous');
#14874 = STYLED_ITEM('color',(#14875),#12891);
#14875 = PRESENTATION_STYLE_ASSIGNMENT((#14876,#14881));
#14876 = SURFACE_STYLE_USAGE(.BOTH.,#14877);
#14877 = SURFACE_SIDE_STYLE('',(#14878));
#14878 = SURFACE_STYLE_FILL_AREA(#14879);
#14879 = FILL_AREA_STYLE('',(#14880));
#14880 = FILL_AREA_STYLE_COLOUR('',#14753);
#14881 = CURVE_STYLE('',#14882,POSITIVE_LENGTH_MEASURE(0.1),#14753);
#14882 = DRAUGHTING_PRE_DEFINED_CURVE_FONT('continuous');
#14883 = STYLED_ITEM('color',(#14884),#12979);
#14884 = PRESENTATION_STYLE_ASSIGNMENT((#14885,#14890));
#14885 = SURFACE_STYLE_USAGE(.BOTH.,#14886);
#14886 = SURFACE_SIDE_STYLE('',(#14887));
#14887 = SURFACE_STYLE_FILL_AREA(#14888);
#14888 = FILL_AREA_STYLE('',(#14889));
#14889 = FILL_AREA_STYLE_COLOUR('',#14790);
#14890 = CURVE_STYLE('',#14891,POSITIVE_LENGTH_MEASURE(0.1),#14790);
#14891 = DRAUGHTING_PRE_DEFINED_CURVE_FONT('continuous');
#14892 = STYLED_ITEM('color',(#14893),#13054);
#14893 = PRESENTATION_STYLE_ASSIGNMENT((#14894,#14899));
#14894 = SURFACE_STYLE_USAGE(.BOTH.,#14895);
#14895 = SURFACE_SIDE_STYLE('',(#14896));
#14896 = SURFACE_STYLE_FILL_AREA(#14897);
#14897 = FILL_AREA_STYLE('',(#14898));
#14898 = FILL_AREA_STYLE_COLOUR('',#14790);
#14899 = CURVE_STYLE('',#14900,POSITIVE_LENGTH_MEASURE(0.1),#14790);
#14900 = DRAUGHTING_PRE_DEFINED_CURVE_FONT('continuous');
#14901 = STYLED_ITEM('color',(#14902),#13078);
#14902 = PRESENTATION_STYLE_ASSIGNMENT((#14903,#14908));
#14903 = SURFACE_STYLE_USAGE(.BOTH.,#14904);
#14904 = SURFACE_SIDE_STYLE('',(#14905));
#14905 = SURFACE_STYLE_FILL_AREA(#14906);
#14906 = FILL_AREA_STYLE('',(#14907));
#14907 = FILL_AREA_STYLE_COLOUR('',#14790);
#14908 = CURVE_STYLE('',#14909,POSITIVE_LENGTH_MEASURE(0.1),#14790);
#14909 = DRAUGHTING_PRE_DEFINED_CURVE_FONT('continuous');
#14910 = STYLED_ITEM('color',(#14911),#13146);
#14911 = PRESENTATION_STYLE_ASSIGNMENT((#14912,#14917));
#14912 = SURFACE_STYLE_USAGE(.BOTH.,#14913);
#14913 = SURFACE_SIDE_STYLE('',(#14914));
#14914 = SURFACE_STYLE_FILL_AREA(#14915);
#14915 = FILL_AREA_STYLE('',(#14916));
#14916 = FILL_AREA_STYLE_COLOUR('',#14753);
#14917 = CURVE_STYLE('',#14918,POSITIVE_LENGTH_MEASURE(0.1),#14753);
#14918 = DRAUGHTING_PRE_DEFINED_CURVE_FONT('continuous');
#14919 = STYLED_ITEM('color',(#14920),#13234);
#14920 = PRESENTATION_STYLE_ASSIGNMENT((#14921,#14926));
#14921 = SURFACE_STYLE_USAGE(.BOTH.,#14922);
#14922 = SURFACE_SIDE_STYLE('',(#14923));
#14923 = SURFACE_STYLE_FILL_AREA(#14924);
#14924 = FILL_AREA_STYLE('',(#14925));
#14925 = FILL_AREA_STYLE_COLOUR('',#14753);
#14926 = CURVE_STYLE('',#14927,POSITIVE_LENGTH_MEASURE(0.1),#14753);
#14927 = DRAUGHTING_PRE_DEFINED_CURVE_FONT('continuous');
#14928 = STYLED_ITEM('color',(#14929),#13250);
#14929 = PRESENTATION_STYLE_ASSIGNMENT((#14930,#14935));
#14930 = SURFACE_STYLE_USAGE(.BOTH.,#14931);
#14931 = SURFACE_SIDE_STYLE('',(#14932));
#14932 = SURFACE_STYLE_FILL_AREA(#14933);
#14933 = FILL_AREA_STYLE('',(#14934));
#14934 = FILL_AREA_STYLE_COLOUR('',#14753);
#14935 = CURVE_STYLE('',#14936,POSITIVE_LENGTH_MEASURE(0.1),#14753);
#14936 = DRAUGHTING_PRE_DEFINED_CURVE_FONT('continuous');
#14937 = STYLED_ITEM('color',(#14938),#13266);
#14938 = PRESENTATION_STYLE_ASSIGNMENT((#14939,#14944));
#14939 = SURFACE_STYLE_USAGE(.BOTH.,#14940);
#14940 = SURFACE_SIDE_STYLE('',(#14941));
#14941 = SURFACE_STYLE_FILL_AREA(#14942);
#14942 = FILL_AREA_STYLE('',(#14943));
#14943 = FILL_AREA_STYLE_COLOUR('',#14753);
#14944 = CURVE_STYLE('',#14945,POSITIVE_LENGTH_MEASURE(0.1),#14753);
#14945 = DRAUGHTING_PRE_DEFINED_CURVE_FONT('continuous');
#14946 = STYLED_ITEM('color',(#14947),#13282);
#14947 = PRESENTATION_STYLE_ASSIGNMENT((#14948,#14953));
#14948 = SURFACE_STYLE_USAGE(.BOTH.,#14949);
#14949 = SURFACE_SIDE_STYLE('',(#14950));
#14950 = SURFACE_STYLE_FILL_AREA(#14951);
#14951 = FILL_AREA_STYLE('',(#14952));
#14952 = FILL_AREA_STYLE_COLOUR('',#14753);
#14953 = CURVE_STYLE('',#14954,POSITIVE_LENGTH_MEASURE(0.1),#14753);
#14954 = DRAUGHTING_PRE_DEFINED_CURVE_FONT('continuous');
#14955 = STYLED_ITEM('color',(#14956),#13298);
#14956 = PRESENTATION_STYLE_ASSIGNMENT((#14957,#14962));
#14957 = SURFACE_STYLE_USAGE(.BOTH.,#14958);
#14958 = SURFACE_SIDE_STYLE('',(#14959));
#14959 = SURFACE_STYLE_FILL_AREA(#14960);
#14960 = FILL_AREA_STYLE('',(#14961));
#14961 = FILL_AREA_STYLE_COLOUR('',#14753);
#14962 = CURVE_STYLE('',#14963,POSITIVE_LENGTH_MEASURE(0.1),#14753);
#14963 = DRAUGHTING_PRE_DEFINED_CURVE_FONT('continuous');
#14964 = STYLED_ITEM('color',(#14965),#13315);
#14965 = PRESENTATION_STYLE_ASSIGNMENT((#14966,#14971));
#14966 = SURFACE_STYLE_USAGE(.BOTH.,#14967);
#14967 = SURFACE_SIDE_STYLE('',(#14968));
#14968 = SURFACE_STYLE_FILL_AREA(#14969);
#14969 = FILL_AREA_STYLE('',(#14970));
#14970 = FILL_AREA_STYLE_COLOUR('',#14790);
#14971 = CURVE_STYLE('',#14972,POSITIVE_LENGTH_MEASURE(0.1),#14790);
#14972 = DRAUGHTING_PRE_DEFINED_CURVE_FONT('continuous');
#14973 = STYLED_ITEM('color',(#14974),#13348);
#14974 = PRESENTATION_STYLE_ASSIGNMENT((#14975,#14980));
#14975 = SURFACE_STYLE_USAGE(.BOTH.,#14976);
#14976 = SURFACE_SIDE_STYLE('',(#14977));
#14977 = SURFACE_STYLE_FILL_AREA(#14978);
#14978 = FILL_AREA_STYLE('',(#14979));
#14979 = FILL_AREA_STYLE_COLOUR('',#14753);
#14980 = CURVE_STYLE('',#14981,POSITIVE_LENGTH_MEASURE(0.1),#14753);
#14981 = DRAUGHTING_PRE_DEFINED_CURVE_FONT('continuous');
#14982 = STYLED_ITEM('color',(#14983),#13365);
#14983 = PRESENTATION_STYLE_ASSIGNMENT((#14984,#14989));
#14984 = SURFACE_STYLE_USAGE(.BOTH.,#14985);
#14985 = SURFACE_SIDE_STYLE('',(#14986));
#14986 = SURFACE_STYLE_FILL_AREA(#14987);
#14987 = FILL_AREA_STYLE('',(#14988));
#14988 = FILL_AREA_STYLE_COLOUR('',#14790);
#14989 = CURVE_STYLE('',#14990,POSITIVE_LENGTH_MEASURE(0.1),#14790);
#14990 = DRAUGHTING_PRE_DEFINED_CURVE_FONT('continuous');
#14991 = STYLED_ITEM('color',(#14992),#13387);
#14992 = PRESENTATION_STYLE_ASSIGNMENT((#14993,#14998));
#14993 = SURFACE_STYLE_USAGE(.BOTH.,#14994);
#14994 = SURFACE_SIDE_STYLE('',(#14995));
#14995 = SURFACE_STYLE_FILL_AREA(#14996);
#14996 = FILL_AREA_STYLE('',(#14997));
#14997 = FILL_AREA_STYLE_COLOUR('',#14753);
#14998 = CURVE_STYLE('',#14999,POSITIVE_LENGTH_MEASURE(0.1),#14753);
#14999 = DRAUGHTING_PRE_DEFINED_CURVE_FONT('continuous');
#15000 = STYLED_ITEM('color',(#15001),#13418);
#15001 = PRESENTATION_STYLE_ASSIGNMENT((#15002,#15007));
#15002 = SURFACE_STYLE_USAGE(.BOTH.,#15003);
#15003 = SURFACE_SIDE_STYLE('',(#15004));
#15004 = SURFACE_STYLE_FILL_AREA(#15005);
#15005 = FILL_AREA_STYLE('',(#15006));
#15006 = FILL_AREA_STYLE_COLOUR('',#14753);
#15007 = CURVE_STYLE('',#15008,POSITIVE_LENGTH_MEASURE(0.1),#14753);
#15008 = DRAUGHTING_PRE_DEFINED_CURVE_FONT('continuous');
#15009 = STYLED_ITEM('color',(#15010),#13441);
#15010 = PRESENTATION_STYLE_ASSIGNMENT((#15011,#15016));
#15011 = SURFACE_STYLE_USAGE(.BOTH.,#15012);
#15012 = SURFACE_SIDE_STYLE('',(#15013));
#15013 = SURFACE_STYLE_FILL_AREA(#15014);
#15014 = FILL_AREA_STYLE('',(#15015));
#15015 = FILL_AREA_STYLE_COLOUR('',#14753);
#15016 = CURVE_STYLE('',#15017,POSITIVE_LENGTH_MEASURE(0.1),#14753);
#15017 = DRAUGHTING_PRE_DEFINED_CURVE_FONT('continuous');
#15018 = STYLED_ITEM('color',(#15019),#13464);
#15019 = PRESENTATION_STYLE_ASSIGNMENT((#15020,#15025));
#15020 = SURFACE_STYLE_USAGE(.BOTH.,#15021);
#15021 = SURFACE_SIDE_STYLE('',(#15022));
#15022 = SURFACE_STYLE_FILL_AREA(#15023);
#15023 = FILL_AREA_STYLE('',(#15024));
#15024 = FILL_AREA_STYLE_COLOUR('',#14753);
#15025 = CURVE_STYLE('',#15026,POSITIVE_LENGTH_MEASURE(0.1),#14753);
#15026 = DRAUGHTING_PRE_DEFINED_CURVE_FONT('continuous');
#15027 = STYLED_ITEM('color',(#15028),#13487);
#15028 = PRESENTATION_STYLE_ASSIGNMENT((#15029,#15034));
#15029 = SURFACE_STYLE_USAGE(.BOTH.,#15030);
#15030 = SURFACE_SIDE_STYLE('',(#15031));
#15031 = SURFACE_STYLE_FILL_AREA(#15032);
#15032 = FILL_AREA_STYLE('',(#15033));
#15033 = FILL_AREA_STYLE_COLOUR('',#14753);
#15034 = CURVE_STYLE('',#15035,POSITIVE_LENGTH_MEASURE(0.1),#14753);
#15035 = DRAUGHTING_PRE_DEFINED_CURVE_FONT('continuous');
#15036 = STYLED_ITEM('color',(#15037),#13517);
#15037 = PRESENTATION_STYLE_ASSIGNMENT((#15038,#15043));
#15038 = SURFACE_STYLE_USAGE(.BOTH.,#15039);
#15039 = SURFACE_SIDE_STYLE('',(#15040));
#15040 = SURFACE_STYLE_FILL_AREA(#15041);
#15041 = FILL_AREA_STYLE('',(#15042));
#15042 = FILL_AREA_STYLE_COLOUR('',#14790);
#15043 = CURVE_STYLE('',#15044,POSITIVE_LENGTH_MEASURE(0.1),#14790);
#15044 = DRAUGHTING_PRE_DEFINED_CURVE_FONT('continuous');
#15045 = STYLED_ITEM('color',(#15046),#13534);
#15046 = PRESENTATION_STYLE_ASSIGNMENT((#15047,#15052));
#15047 = SURFACE_STYLE_USAGE(.BOTH.,#15048);
#15048 = SURFACE_SIDE_STYLE('',(#15049));
#15049 = SURFACE_STYLE_FILL_AREA(#15050);
#15050 = FILL_AREA_STYLE('',(#15051));
#15051 = FILL_AREA_STYLE_COLOUR('',#14790);
#15052 = CURVE_STYLE('',#15053,POSITIVE_LENGTH_MEASURE(0.1),#14790);
#15053 = DRAUGHTING_PRE_DEFINED_CURVE_FONT('continuous');
#15054 = STYLED_ITEM('color',(#15055),#13551);
#15055 = PRESENTATION_STYLE_ASSIGNMENT((#15056,#15061));
#15056 = SURFACE_STYLE_USAGE(.BOTH.,#15057);
#15057 = SURFACE_SIDE_STYLE('',(#15058));
#15058 = SURFACE_STYLE_FILL_AREA(#15059);
#15059 = FILL_AREA_STYLE('',(#15060));
#15060 = FILL_AREA_STYLE_COLOUR('',#14790);
#15061 = CURVE_STYLE('',#15062,POSITIVE_LENGTH_MEASURE(0.1),#14790);
#15062 = DRAUGHTING_PRE_DEFINED_CURVE_FONT('continuous');
#15063 = STYLED_ITEM('color',(#15064),#13568);
#15064 = PRESENTATION_STYLE_ASSIGNMENT((#15065,#15070));
#15065 = SURFACE_STYLE_USAGE(.BOTH.,#15066);
#15066 = SURFACE_SIDE_STYLE('',(#15067));
#15067 = SURFACE_STYLE_FILL_AREA(#15068);
#15068 = FILL_AREA_STYLE('',(#15069));
#15069 = FILL_AREA_STYLE_COLOUR('',#14790);
#15070 = CURVE_STYLE('',#15071,POSITIVE_LENGTH_MEASURE(0.1),#14790);
#15071 = DRAUGHTING_PRE_DEFINED_CURVE_FONT('continuous');
#15072 = STYLED_ITEM('color',(#15073),#13585);
#15073 = PRESENTATION_STYLE_ASSIGNMENT((#15074,#15079));
#15074 = SURFACE_STYLE_USAGE(.BOTH.,#15075);
#15075 = SURFACE_SIDE_STYLE('',(#15076));
#15076 = SURFACE_STYLE_FILL_AREA(#15077);
#15077 = FILL_AREA_STYLE('',(#15078));
#15078 = FILL_AREA_STYLE_COLOUR('',#14790);
#15079 = CURVE_STYLE('',#15080,POSITIVE_LENGTH_MEASURE(0.1),#14790);
#15080 = DRAUGHTING_PRE_DEFINED_CURVE_FONT('continuous');
#15081 = STYLED_ITEM('color',(#15082),#13602);
#15082 = PRESENTATION_STYLE_ASSIGNMENT((#15083,#15088));
#15083 = SURFACE_STYLE_USAGE(.BOTH.,#15084);
#15084 = SURFACE_SIDE_STYLE('',(#15085));
#15085 = SURFACE_STYLE_FILL_AREA(#15086);
#15086 = FILL_AREA_STYLE('',(#15087));
#15087 = FILL_AREA_STYLE_COLOUR('',#14790);
#15088 = CURVE_STYLE('',#15089,POSITIVE_LENGTH_MEASURE(0.1),#14790);
#15089 = DRAUGHTING_PRE_DEFINED_CURVE_FONT('continuous');
#15090 = STYLED_ITEM('color',(#15091),#13619);
#15091 = PRESENTATION_STYLE_ASSIGNMENT((#15092,#15097));
#15092 = SURFACE_STYLE_USAGE(.BOTH.,#15093);
#15093 = SURFACE_SIDE_STYLE('',(#15094));
#15094 = SURFACE_STYLE_FILL_AREA(#15095);
#15095 = FILL_AREA_STYLE('',(#15096));
#15096 = FILL_AREA_STYLE_COLOUR('',#14790);
#15097 = CURVE_STYLE('',#15098,POSITIVE_LENGTH_MEASURE(0.1),#14790);
#15098 = DRAUGHTING_PRE_DEFINED_CURVE_FONT('continuous');
#15099 = STYLED_ITEM('color',(#15100),#13636);
#15100 = PRESENTATION_STYLE_ASSIGNMENT((#15101,#15106));
#15101 = SURFACE_STYLE_USAGE(.BOTH.,#15102);
#15102 = SURFACE_SIDE_STYLE('',(#15103));
#15103 = SURFACE_STYLE_FILL_AREA(#15104);
#15104 = FILL_AREA_STYLE('',(#15105));
#15105 = FILL_AREA_STYLE_COLOUR('',#14790);
#15106 = CURVE_STYLE('',#15107,POSITIVE_LENGTH_MEASURE(0.1),#14790);
#15107 = DRAUGHTING_PRE_DEFINED_CURVE_FONT('continuous');
#15108 = STYLED_ITEM('color',(#15109),#13648);
#15109 = PRESENTATION_STYLE_ASSIGNMENT((#15110,#15115));
#15110 = SURFACE_STYLE_USAGE(.BOTH.,#15111);
#15111 = SURFACE_SIDE_STYLE('',(#15112));
#15112 = SURFACE_STYLE_FILL_AREA(#15113);
#15113 = FILL_AREA_STYLE('',(#15114));
#15114 = FILL_AREA_STYLE_COLOUR('',#14753);
#15115 = CURVE_STYLE('',#15116,POSITIVE_LENGTH_MEASURE(0.1),#14753);
#15116 = DRAUGHTING_PRE_DEFINED_CURVE_FONT('continuous');
#15117 = STYLED_ITEM('color',(#15118),#13671);
#15118 = PRESENTATION_STYLE_ASSIGNMENT((#15119,#15124));
#15119 = SURFACE_STYLE_USAGE(.BOTH.,#15120);
#15120 = SURFACE_SIDE_STYLE('',(#15121));
#15121 = SURFACE_STYLE_FILL_AREA(#15122);
#15122 = FILL_AREA_STYLE('',(#15123));
#15123 = FILL_AREA_STYLE_COLOUR('',#14753);
#15124 = CURVE_STYLE('',#15125,POSITIVE_LENGTH_MEASURE(0.1),#14753);
#15125 = DRAUGHTING_PRE_DEFINED_CURVE_FONT('continuous');
#15126 = STYLED_ITEM('color',(#15127),#13694);
#15127 = PRESENTATION_STYLE_ASSIGNMENT((#15128,#15133));
#15128 = SURFACE_STYLE_USAGE(.BOTH.,#15129);
#15129 = SURFACE_SIDE_STYLE('',(#15130));
#15130 = SURFACE_STYLE_FILL_AREA(#15131);
#15131 = FILL_AREA_STYLE('',(#15132));
#15132 = FILL_AREA_STYLE_COLOUR('',#14753);
#15133 = CURVE_STYLE('',#15134,POSITIVE_LENGTH_MEASURE(0.1),#14753);
#15134 = DRAUGHTING_PRE_DEFINED_CURVE_FONT('continuous');
#15135 = STYLED_ITEM('color',(#15136),#13711);
#15136 = PRESENTATION_STYLE_ASSIGNMENT((#15137,#15142));
#15137 = SURFACE_STYLE_USAGE(.BOTH.,#15138);
#15138 = SURFACE_SIDE_STYLE('',(#15139));
#15139 = SURFACE_STYLE_FILL_AREA(#15140);
#15140 = FILL_AREA_STYLE('',(#15141));
#15141 = FILL_AREA_STYLE_COLOUR('',#14790);
#15142 = CURVE_STYLE('',#15143,POSITIVE_LENGTH_MEASURE(0.1),#14790);
#15143 = DRAUGHTING_PRE_DEFINED_CURVE_FONT('continuous');
#15144 = STYLED_ITEM('color',(#15145),#13786);
#15145 = PRESENTATION_STYLE_ASSIGNMENT((#15146,#15151));
#15146 = SURFACE_STYLE_USAGE(.BOTH.,#15147);
#15147 = SURFACE_SIDE_STYLE('',(#15148));
#15148 = SURFACE_STYLE_FILL_AREA(#15149);
#15149 = FILL_AREA_STYLE('',(#15150));
#15150 = FILL_AREA_STYLE_COLOUR('',#14790);
#15151 = CURVE_STYLE('',#15152,POSITIVE_LENGTH_MEASURE(0.1),#14790);
#15152 = DRAUGHTING_PRE_DEFINED_CURVE_FONT('continuous');
#15153 = STYLED_ITEM('color',(#15154),#13810);
#15154 = PRESENTATION_STYLE_ASSIGNMENT((#15155,#15160));
#15155 = SURFACE_STYLE_USAGE(.BOTH.,#15156);
#15156 = SURFACE_SIDE_STYLE('',(#15157));
#15157 = SURFACE_STYLE_FILL_AREA(#15158);
#15158 = FILL_AREA_STYLE('',(#15159));
#15159 = FILL_AREA_STYLE_COLOUR('',#14790);
#15160 = CURVE_STYLE('',#15161,POSITIVE_LENGTH_MEASURE(0.1),#14790);
#15161 = DRAUGHTING_PRE_DEFINED_CURVE_FONT('continuous');
#15162 = STYLED_ITEM('color',(#15163),#13878);
#15163 = PRESENTATION_STYLE_ASSIGNMENT((#15164,#15169));
#15164 = SURFACE_STYLE_USAGE(.BOTH.,#15165);
#15165 = SURFACE_SIDE_STYLE('',(#15166));
#15166 = SURFACE_STYLE_FILL_AREA(#15167);
#15167 = FILL_AREA_STYLE('',(#15168));
#15168 = FILL_AREA_STYLE_COLOUR('',#14790);
#15169 = CURVE_STYLE('',#15170,POSITIVE_LENGTH_MEASURE(0.1),#14790);
#15170 = DRAUGHTING_PRE_DEFINED_CURVE_FONT('continuous');
#15171 = STYLED_ITEM('color',(#15172),#13895);
#15172 = PRESENTATION_STYLE_ASSIGNMENT((#15173,#15178));
#15173 = SURFACE_STYLE_USAGE(.BOTH.,#15174);
#15174 = SURFACE_SIDE_STYLE('',(#15175));
#15175 = SURFACE_STYLE_FILL_AREA(#15176);
#15176 = FILL_AREA_STYLE('',(#15177));
#15177 = FILL_AREA_STYLE_COLOUR('',#14753);
#15178 = CURVE_STYLE('',#15179,POSITIVE_LENGTH_MEASURE(0.1),#14753);
#15179 = DRAUGHTING_PRE_DEFINED_CURVE_FONT('continuous');
#15180 = STYLED_ITEM('color',(#15181),#13945);
#15181 = PRESENTATION_STYLE_ASSIGNMENT((#15182,#15187));
#15182 = SURFACE_STYLE_USAGE(.BOTH.,#15183);
#15183 = SURFACE_SIDE_STYLE('',(#15184));
#15184 = SURFACE_STYLE_FILL_AREA(#15185);
#15185 = FILL_AREA_STYLE('',(#15186));
#15186 = FILL_AREA_STYLE_COLOUR('',#14790);
#15187 = CURVE_STYLE('',#15188,POSITIVE_LENGTH_MEASURE(0.1),#14790);
#15188 = DRAUGHTING_PRE_DEFINED_CURVE_FONT('continuous');
#15189 = STYLED_ITEM('color',(#15190),#13962);
#15190 = PRESENTATION_STYLE_ASSIGNMENT((#15191,#15196));
#15191 = SURFACE_STYLE_USAGE(.BOTH.,#15192);
#15192 = SURFACE_SIDE_STYLE('',(#15193));
#15193 = SURFACE_STYLE_FILL_AREA(#15194);
#15194 = FILL_AREA_STYLE('',(#15195));
#15195 = FILL_AREA_STYLE_COLOUR('',#14790);
#15196 = CURVE_STYLE('',#15197,POSITIVE_LENGTH_MEASURE(0.1),#14790);
#15197 = DRAUGHTING_PRE_DEFINED_CURVE_FONT('continuous');
#15198 = STYLED_ITEM('color',(#15199),#13979);
#15199 = PRESENTATION_STYLE_ASSIGNMENT((#15200,#15205));
#15200 = SURFACE_STYLE_USAGE(.BOTH.,#15201);
#15201 = SURFACE_SIDE_STYLE('',(#15202));
#15202 = SURFACE_STYLE_FILL_AREA(#15203);
#15203 = FILL_AREA_STYLE('',(#15204));
#15204 = FILL_AREA_STYLE_COLOUR('',#14790);
#15205 = CURVE_STYLE('',#15206,POSITIVE_LENGTH_MEASURE(0.1),#14790);
#15206 = DRAUGHTING_PRE_DEFINED_CURVE_FONT('continuous');
#15207 = STYLED_ITEM('color',(#15208),#13996);
#15208 = PRESENTATION_STYLE_ASSIGNMENT((#15209,#15214));
#15209 = SURFACE_STYLE_USAGE(.BOTH.,#15210);
#15210 = SURFACE_SIDE_STYLE('',(#15211));
#15211 = SURFACE_STYLE_FILL_AREA(#15212);
#15212 = FILL_AREA_STYLE('',(#15213));
#15213 = FILL_AREA_STYLE_COLOUR('',#14790);
#15214 = CURVE_STYLE('',#15215,POSITIVE_LENGTH_MEASURE(0.1),#14790);
#15215 = DRAUGHTING_PRE_DEFINED_CURVE_FONT('continuous');
#15216 = STYLED_ITEM('color',(#15217),#14013);
#15217 = PRESENTATION_STYLE_ASSIGNMENT((#15218,#15223));
#15218 = SURFACE_STYLE_USAGE(.BOTH.,#15219);
#15219 = SURFACE_SIDE_STYLE('',(#15220));
#15220 = SURFACE_STYLE_FILL_AREA(#15221);
#15221 = FILL_AREA_STYLE('',(#15222));
#15222 = FILL_AREA_STYLE_COLOUR('',#14790);
#15223 = CURVE_STYLE('',#15224,POSITIVE_LENGTH_MEASURE(0.1),#14790);
#15224 = DRAUGHTING_PRE_DEFINED_CURVE_FONT('continuous');
#15225 = STYLED_ITEM('color',(#15226),#14030);
#15226 = PRESENTATION_STYLE_ASSIGNMENT((#15227,#15232));
#15227 = SURFACE_STYLE_USAGE(.BOTH.,#15228);
#15228 = SURFACE_SIDE_STYLE('',(#15229));
#15229 = SURFACE_STYLE_FILL_AREA(#15230);
#15230 = FILL_AREA_STYLE('',(#15231));
#15231 = FILL_AREA_STYLE_COLOUR('',#14790);
#15232 = CURVE_STYLE('',#15233,POSITIVE_LENGTH_MEASURE(0.1),#14790);
#15233 = DRAUGHTING_PRE_DEFINED_CURVE_FONT('continuous');
#15234 = STYLED_ITEM('color',(#15235),#14042);
#15235 = PRESENTATION_STYLE_ASSIGNMENT((#15236,#15242));
#15236 = SURFACE_STYLE_USAGE(.BOTH.,#15237);
#15237 = SURFACE_SIDE_STYLE('',(#15238));
#15238 = SURFACE_STYLE_FILL_AREA(#15239);
#15239 = FILL_AREA_STYLE('',(#15240));
#15240 = FILL_AREA_STYLE_COLOUR('',#15241);
#15241 = COLOUR_RGB('',0.690999998585,0.664000007176,0.597999987832);
#15242 = CURVE_STYLE('',#15243,POSITIVE_LENGTH_MEASURE(0.1),#15241);
#15243 = DRAUGHTING_PRE_DEFINED_CURVE_FONT('continuous');
#15244 = STYLED_ITEM('color',(#15245),#14073);
#15245 = PRESENTATION_STYLE_ASSIGNMENT((#15246,#15251));
#15246 = SURFACE_STYLE_USAGE(.BOTH.,#15247);
#15247 = SURFACE_SIDE_STYLE('',(#15248));
#15248 = SURFACE_STYLE_FILL_AREA(#15249);
#15249 = FILL_AREA_STYLE('',(#15250));
#15250 = FILL_AREA_STYLE_COLOUR('',#15241);
#15251 = CURVE_STYLE('',#15252,POSITIVE_LENGTH_MEASURE(0.1),#15241);
#15252 = DRAUGHTING_PRE_DEFINED_CURVE_FONT('continuous');
#15253 = STYLED_ITEM('color',(#15254),#14097);
#15254 = PRESENTATION_STYLE_ASSIGNMENT((#15255,#15260));
#15255 = SURFACE_STYLE_USAGE(.BOTH.,#15256);
#15256 = SURFACE_SIDE_STYLE('',(#15257));
#15257 = SURFACE_STYLE_FILL_AREA(#15258);
#15258 = FILL_AREA_STYLE('',(#15259));
#15259 = FILL_AREA_STYLE_COLOUR('',#15241);
#15260 = CURVE_STYLE('',#15261,POSITIVE_LENGTH_MEASURE(0.1),#15241);
#15261 = DRAUGHTING_PRE_DEFINED_CURVE_FONT('continuous');
#15262 = STYLED_ITEM('color',(#15263),#14121);
#15263 = PRESENTATION_STYLE_ASSIGNMENT((#15264,#15269));
#15264 = SURFACE_STYLE_USAGE(.BOTH.,#15265);
#15265 = SURFACE_SIDE_STYLE('',(#15266));
#15266 = SURFACE_STYLE_FILL_AREA(#15267);
#15267 = FILL_AREA_STYLE('',(#15268));
#15268 = FILL_AREA_STYLE_COLOUR('',#15241);
#15269 = CURVE_STYLE('',#15270,POSITIVE_LENGTH_MEASURE(0.1),#15241);
#15270 = DRAUGHTING_PRE_DEFINED_CURVE_FONT('continuous');
#15271 = STYLED_ITEM('color',(#15272),#14138);
#15272 = PRESENTATION_STYLE_ASSIGNMENT((#15273,#15278));
#15273 = SURFACE_STYLE_USAGE(.BOTH.,#15274);
#15274 = SURFACE_SIDE_STYLE('',(#15275));
#15275 = SURFACE_STYLE_FILL_AREA(#15276);
#15276 = FILL_AREA_STYLE('',(#15277));
#15277 = FILL_AREA_STYLE_COLOUR('',#15241);
#15278 = CURVE_STYLE('',#15279,POSITIVE_LENGTH_MEASURE(0.1),#15241);
#15279 = DRAUGHTING_PRE_DEFINED_CURVE_FONT('continuous');
#15280 = MECHANICAL_DESIGN_GEOMETRIC_PRESENTATION_REPRESENTATION('',(
    #15281),#14734);
#15281 = STYLED_ITEM('color',(#15282),#14194);
#15282 = PRESENTATION_STYLE_ASSIGNMENT((#15283));
#15283 = SURFACE_STYLE_USAGE(.BOTH.,#15284);
#15284 = SURFACE_SIDE_STYLE('',(#15285));
#15285 = SURFACE_STYLE_FILL_AREA(#15286);
#15286 = FILL_AREA_STYLE('',(#15287));
#15287 = FILL_AREA_STYLE_COLOUR('',#15288);
#15288 = COLOUR_RGB('',0.313304153717,0.484529207832,0.410020903123);
#15289 = MECHANICAL_DESIGN_GEOMETRIC_PRESENTATION_REPRESENTATION('',(
    #15290,#15298,#15305,#15312,#15319,#15326,#15333,#15340,#15348,
    #15355,#15362,#15369,#15376,#15383,#15390,#15397,#15404,#15411,
    #15418,#15425,#15432,#15439,#15446,#15453,#15460,#15467,#15474,
    #15481,#15488,#15495,#15502,#15509,#15516,#15523,#15530,#15537,
    #15545,#15552,#15559,#15566,#15573,#15580,#15587,#15594,#15601,
    #15608,#15615,#15622,#15629,#15636),#2558);
#15290 = STYLED_ITEM('color',(#15291),#1037);
#15291 = PRESENTATION_STYLE_ASSIGNMENT((#15292));
#15292 = SURFACE_STYLE_USAGE(.BOTH.,#15293);
#15293 = SURFACE_SIDE_STYLE('',(#15294));
#15294 = SURFACE_STYLE_FILL_AREA(#15295);
#15295 = FILL_AREA_STYLE('',(#15296));
#15296 = FILL_AREA_STYLE_COLOUR('',#15297);
#15297 = COLOUR_RGB('',0.894999966383,0.890999961016,0.813000030345);
#15298 = STYLED_ITEM('color',(#15299),#1077);
#15299 = PRESENTATION_STYLE_ASSIGNMENT((#15300));
#15300 = SURFACE_STYLE_USAGE(.BOTH.,#15301);
#15301 = SURFACE_SIDE_STYLE('',(#15302));
#15302 = SURFACE_STYLE_FILL_AREA(#15303);
#15303 = FILL_AREA_STYLE('',(#15304));
#15304 = FILL_AREA_STYLE_COLOUR('',#15297);
#15305 = STYLED_ITEM('color',(#15306),#1124);
#15306 = PRESENTATION_STYLE_ASSIGNMENT((#15307));
#15307 = SURFACE_STYLE_USAGE(.BOTH.,#15308);
#15308 = SURFACE_SIDE_STYLE('',(#15309));
#15309 = SURFACE_STYLE_FILL_AREA(#15310);
#15310 = FILL_AREA_STYLE('',(#15311));
#15311 = FILL_AREA_STYLE_COLOUR('',#15297);
#15312 = STYLED_ITEM('color',(#15313),#1203);
#15313 = PRESENTATION_STYLE_ASSIGNMENT((#15314));
#15314 = SURFACE_STYLE_USAGE(.BOTH.,#15315);
#15315 = SURFACE_SIDE_STYLE('',(#15316));
#15316 = SURFACE_STYLE_FILL_AREA(#15317);
#15317 = FILL_AREA_STYLE('',(#15318));
#15318 = FILL_AREA_STYLE_COLOUR('',#15297);
#15319 = STYLED_ITEM('color',(#15320),#1227);
#15320 = PRESENTATION_STYLE_ASSIGNMENT((#15321));
#15321 = SURFACE_STYLE_USAGE(.BOTH.,#15322);
#15322 = SURFACE_SIDE_STYLE('',(#15323));
#15323 = SURFACE_STYLE_FILL_AREA(#15324);
#15324 = FILL_AREA_STYLE('',(#15325));
#15325 = FILL_AREA_STYLE_COLOUR('',#15297);
#15326 = STYLED_ITEM('color',(#15327),#1267);
#15327 = PRESENTATION_STYLE_ASSIGNMENT((#15328));
#15328 = SURFACE_STYLE_USAGE(.BOTH.,#15329);
#15329 = SURFACE_SIDE_STYLE('',(#15330));
#15330 = SURFACE_STYLE_FILL_AREA(#15331);
#15331 = FILL_AREA_STYLE('',(#15332));
#15332 = FILL_AREA_STYLE_COLOUR('',#15297);
#15333 = STYLED_ITEM('color',(#15334),#1298);
#15334 = PRESENTATION_STYLE_ASSIGNMENT((#15335));
#15335 = SURFACE_STYLE_USAGE(.BOTH.,#15336);
#15336 = SURFACE_SIDE_STYLE('',(#15337));
#15337 = SURFACE_STYLE_FILL_AREA(#15338);
#15338 = FILL_AREA_STYLE('',(#15339));
#15339 = FILL_AREA_STYLE_COLOUR('',#15297);
#15340 = STYLED_ITEM('color',(#15341),#1315);
#15341 = PRESENTATION_STYLE_ASSIGNMENT((#15342));
#15342 = SURFACE_STYLE_USAGE(.BOTH.,#15343);
#15343 = SURFACE_SIDE_STYLE('',(#15344));
#15344 = SURFACE_STYLE_FILL_AREA(#15345);
#15345 = FILL_AREA_STYLE('',(#15346));
#15346 = FILL_AREA_STYLE_COLOUR('',#15347);
#15347 = COLOUR_RGB('',0.859000020776,0.737999965183,0.495999988746);
#15348 = STYLED_ITEM('color',(#15349),#1348);
#15349 = PRESENTATION_STYLE_ASSIGNMENT((#15350));
#15350 = SURFACE_STYLE_USAGE(.BOTH.,#15351);
#15351 = SURFACE_SIDE_STYLE('',(#15352));
#15352 = SURFACE_STYLE_FILL_AREA(#15353);
#15353 = FILL_AREA_STYLE('',(#15354));
#15354 = FILL_AREA_STYLE_COLOUR('',#15297);
#15355 = STYLED_ITEM('color',(#15356),#1372);
#15356 = PRESENTATION_STYLE_ASSIGNMENT((#15357));
#15357 = SURFACE_STYLE_USAGE(.BOTH.,#15358);
#15358 = SURFACE_SIDE_STYLE('',(#15359));
#15359 = SURFACE_STYLE_FILL_AREA(#15360);
#15360 = FILL_AREA_STYLE('',(#15361));
#15361 = FILL_AREA_STYLE_COLOUR('',#15347);
#15362 = STYLED_ITEM('color',(#15363),#1439);
#15363 = PRESENTATION_STYLE_ASSIGNMENT((#15364));
#15364 = SURFACE_STYLE_USAGE(.BOTH.,#15365);
#15365 = SURFACE_SIDE_STYLE('',(#15366));
#15366 = SURFACE_STYLE_FILL_AREA(#15367);
#15367 = FILL_AREA_STYLE('',(#15368));
#15368 = FILL_AREA_STYLE_COLOUR('',#15297);
#15369 = STYLED_ITEM('color',(#15370),#1560);
#15370 = PRESENTATION_STYLE_ASSIGNMENT((#15371));
#15371 = SURFACE_STYLE_USAGE(.BOTH.,#15372);
#15372 = SURFACE_SIDE_STYLE('',(#15373));
#15373 = SURFACE_STYLE_FILL_AREA(#15374);
#15374 = FILL_AREA_STYLE('',(#15375));
#15375 = FILL_AREA_STYLE_COLOUR('',#15347);
#15376 = STYLED_ITEM('color',(#15377),#1627);
#15377 = PRESENTATION_STYLE_ASSIGNMENT((#15378));
#15378 = SURFACE_STYLE_USAGE(.BOTH.,#15379);
#15379 = SURFACE_SIDE_STYLE('',(#15380));
#15380 = SURFACE_STYLE_FILL_AREA(#15381);
#15381 = FILL_AREA_STYLE('',(#15382));
#15382 = FILL_AREA_STYLE_COLOUR('',#15297);
#15383 = STYLED_ITEM('color',(#15384),#1651);
#15384 = PRESENTATION_STYLE_ASSIGNMENT((#15385));
#15385 = SURFACE_STYLE_USAGE(.BOTH.,#15386);
#15386 = SURFACE_SIDE_STYLE('',(#15387));
#15387 = SURFACE_STYLE_FILL_AREA(#15388);
#15388 = FILL_AREA_STYLE('',(#15389));
#15389 = FILL_AREA_STYLE_COLOUR('',#15297);
#15390 = STYLED_ITEM('color',(#15391),#1682);
#15391 = PRESENTATION_STYLE_ASSIGNMENT((#15392));
#15392 = SURFACE_STYLE_USAGE(.BOTH.,#15393);
#15393 = SURFACE_SIDE_STYLE('',(#15394));
#15394 = SURFACE_STYLE_FILL_AREA(#15395);
#15395 = FILL_AREA_STYLE('',(#15396));
#15396 = FILL_AREA_STYLE_COLOUR('',#15347);
#15397 = STYLED_ITEM('color',(#15398),#1715);
#15398 = PRESENTATION_STYLE_ASSIGNMENT((#15399));
#15399 = SURFACE_STYLE_USAGE(.BOTH.,#15400);
#15400 = SURFACE_SIDE_STYLE('',(#15401));
#15401 = SURFACE_STYLE_FILL_AREA(#15402);
#15402 = FILL_AREA_STYLE('',(#15403));
#15403 = FILL_AREA_STYLE_COLOUR('',#15297);
#15404 = STYLED_ITEM('color',(#15405),#1771);
#15405 = PRESENTATION_STYLE_ASSIGNMENT((#15406));
#15406 = SURFACE_STYLE_USAGE(.BOTH.,#15407);
#15407 = SURFACE_SIDE_STYLE('',(#15408));
#15408 = SURFACE_STYLE_FILL_AREA(#15409);
#15409 = FILL_AREA_STYLE('',(#15410));
#15410 = FILL_AREA_STYLE_COLOUR('',#15347);
#15411 = STYLED_ITEM('color',(#15412),#1795);
#15412 = PRESENTATION_STYLE_ASSIGNMENT((#15413));
#15413 = SURFACE_STYLE_USAGE(.BOTH.,#15414);
#15414 = SURFACE_SIDE_STYLE('',(#15415));
#15415 = SURFACE_STYLE_FILL_AREA(#15416);
#15416 = FILL_AREA_STYLE('',(#15417));
#15417 = FILL_AREA_STYLE_COLOUR('',#15347);
#15418 = STYLED_ITEM('color',(#15419),#1819);
#15419 = PRESENTATION_STYLE_ASSIGNMENT((#15420));
#15420 = SURFACE_STYLE_USAGE(.BOTH.,#15421);
#15421 = SURFACE_SIDE_STYLE('',(#15422));
#15422 = SURFACE_STYLE_FILL_AREA(#15423);
#15423 = FILL_AREA_STYLE('',(#15424));
#15424 = FILL_AREA_STYLE_COLOUR('',#15347);
#15425 = STYLED_ITEM('color',(#15426),#1843);
#15426 = PRESENTATION_STYLE_ASSIGNMENT((#15427));
#15427 = SURFACE_STYLE_USAGE(.BOTH.,#15428);
#15428 = SURFACE_SIDE_STYLE('',(#15429));
#15429 = SURFACE_STYLE_FILL_AREA(#15430);
#15430 = FILL_AREA_STYLE('',(#15431));
#15431 = FILL_AREA_STYLE_COLOUR('',#15347);
#15432 = STYLED_ITEM('color',(#15433),#1876);
#15433 = PRESENTATION_STYLE_ASSIGNMENT((#15434));
#15434 = SURFACE_STYLE_USAGE(.BOTH.,#15435);
#15435 = SURFACE_SIDE_STYLE('',(#15436));
#15436 = SURFACE_STYLE_FILL_AREA(#15437);
#15437 = FILL_AREA_STYLE('',(#15438));
#15438 = FILL_AREA_STYLE_COLOUR('',#15347);
#15439 = STYLED_ITEM('color',(#15440),#1888);
#15440 = PRESENTATION_STYLE_ASSIGNMENT((#15441));
#15441 = SURFACE_STYLE_USAGE(.BOTH.,#15442);
#15442 = SURFACE_SIDE_STYLE('',(#15443));
#15443 = SURFACE_STYLE_FILL_AREA(#15444);
#15444 = FILL_AREA_STYLE('',(#15445));
#15445 = FILL_AREA_STYLE_COLOUR('',#15347);
#15446 = STYLED_ITEM('color',(#15447),#1951);
#15447 = PRESENTATION_STYLE_ASSIGNMENT((#15448));
#15448 = SURFACE_STYLE_USAGE(.BOTH.,#15449);
#15449 = SURFACE_SIDE_STYLE('',(#15450));
#15450 = SURFACE_STYLE_FILL_AREA(#15451);
#15451 = FILL_AREA_STYLE('',(#15452));
#15452 = FILL_AREA_STYLE_COLOUR('',#15347);
#15453 = STYLED_ITEM('color',(#15454),#1976);
#15454 = PRESENTATION_STYLE_ASSIGNMENT((#15455));
#15455 = SURFACE_STYLE_USAGE(.BOTH.,#15456);
#15456 = SURFACE_SIDE_STYLE('',(#15457));
#15457 = SURFACE_STYLE_FILL_AREA(#15458);
#15458 = FILL_AREA_STYLE('',(#15459));
#15459 = FILL_AREA_STYLE_COLOUR('',#15347);
#15460 = STYLED_ITEM('color',(#15461),#1993);
#15461 = PRESENTATION_STYLE_ASSIGNMENT((#15462));
#15462 = SURFACE_STYLE_USAGE(.BOTH.,#15463);
#15463 = SURFACE_SIDE_STYLE('',(#15464));
#15464 = SURFACE_STYLE_FILL_AREA(#15465);
#15465 = FILL_AREA_STYLE('',(#15466));
#15466 = FILL_AREA_STYLE_COLOUR('',#15347);
#15467 = STYLED_ITEM('color',(#15468),#2017);
#15468 = PRESENTATION_STYLE_ASSIGNMENT((#15469));
#15469 = SURFACE_STYLE_USAGE(.BOTH.,#15470);
#15470 = SURFACE_SIDE_STYLE('',(#15471));
#15471 = SURFACE_STYLE_FILL_AREA(#15472);
#15472 = FILL_AREA_STYLE('',(#15473));
#15473 = FILL_AREA_STYLE_COLOUR('',#15347);
#15474 = STYLED_ITEM('color',(#15475),#2035);
#15475 = PRESENTATION_STYLE_ASSIGNMENT((#15476));
#15476 = SURFACE_STYLE_USAGE(.BOTH.,#15477);
#15477 = SURFACE_SIDE_STYLE('',(#15478));
#15478 = SURFACE_STYLE_FILL_AREA(#15479);
#15479 = FILL_AREA_STYLE('',(#15480));
#15480 = FILL_AREA_STYLE_COLOUR('',#15347);
#15481 = STYLED_ITEM('color',(#15482),#2053);
#15482 = PRESENTATION_STYLE_ASSIGNMENT((#15483));
#15483 = SURFACE_STYLE_USAGE(.BOTH.,#15484);
#15484 = SURFACE_SIDE_STYLE('',(#15485));
#15485 = SURFACE_STYLE_FILL_AREA(#15486);
#15486 = FILL_AREA_STYLE('',(#15487));
#15487 = FILL_AREA_STYLE_COLOUR('',#15347);
#15488 = STYLED_ITEM('color',(#15489),#2071);
#15489 = PRESENTATION_STYLE_ASSIGNMENT((#15490));
#15490 = SURFACE_STYLE_USAGE(.BOTH.,#15491);
#15491 = SURFACE_SIDE_STYLE('',(#15492));
#15492 = SURFACE_STYLE_FILL_AREA(#15493);
#15493 = FILL_AREA_STYLE('',(#15494));
#15494 = FILL_AREA_STYLE_COLOUR('',#15347);
#15495 = STYLED_ITEM('color',(#15496),#2088);
#15496 = PRESENTATION_STYLE_ASSIGNMENT((#15497));
#15497 = SURFACE_STYLE_USAGE(.BOTH.,#15498);
#15498 = SURFACE_SIDE_STYLE('',(#15499));
#15499 = SURFACE_STYLE_FILL_AREA(#15500);
#15500 = FILL_AREA_STYLE('',(#15501));
#15501 = FILL_AREA_STYLE_COLOUR('',#15347);
#15502 = STYLED_ITEM('color',(#15503),#2105);
#15503 = PRESENTATION_STYLE_ASSIGNMENT((#15504));
#15504 = SURFACE_STYLE_USAGE(.BOTH.,#15505);
#15505 = SURFACE_SIDE_STYLE('',(#15506));
#15506 = SURFACE_STYLE_FILL_AREA(#15507);
#15507 = FILL_AREA_STYLE('',(#15508));
#15508 = FILL_AREA_STYLE_COLOUR('',#15347);
#15509 = STYLED_ITEM('color',(#15510),#2136);
#15510 = PRESENTATION_STYLE_ASSIGNMENT((#15511));
#15511 = SURFACE_STYLE_USAGE(.BOTH.,#15512);
#15512 = SURFACE_SIDE_STYLE('',(#15513));
#15513 = SURFACE_STYLE_FILL_AREA(#15514);
#15514 = FILL_AREA_STYLE('',(#15515));
#15515 = FILL_AREA_STYLE_COLOUR('',#15347);
#15516 = STYLED_ITEM('color',(#15517),#2161);
#15517 = PRESENTATION_STYLE_ASSIGNMENT((#15518));
#15518 = SURFACE_STYLE_USAGE(.BOTH.,#15519);
#15519 = SURFACE_SIDE_STYLE('',(#15520));
#15520 = SURFACE_STYLE_FILL_AREA(#15521);
#15521 = FILL_AREA_STYLE('',(#15522));
#15522 = FILL_AREA_STYLE_COLOUR('',#15347);
#15523 = STYLED_ITEM('color',(#15524),#2186);
#15524 = PRESENTATION_STYLE_ASSIGNMENT((#15525));
#15525 = SURFACE_STYLE_USAGE(.BOTH.,#15526);
#15526 = SURFACE_SIDE_STYLE('',(#15527));
#15527 = SURFACE_STYLE_FILL_AREA(#15528);
#15528 = FILL_AREA_STYLE('',(#15529));
#15529 = FILL_AREA_STYLE_COLOUR('',#15347);
#15530 = STYLED_ITEM('color',(#15531),#2210);
#15531 = PRESENTATION_STYLE_ASSIGNMENT((#15532));
#15532 = SURFACE_STYLE_USAGE(.BOTH.,#15533);
#15533 = SURFACE_SIDE_STYLE('',(#15534));
#15534 = SURFACE_STYLE_FILL_AREA(#15535);
#15535 = FILL_AREA_STYLE('',(#15536));
#15536 = FILL_AREA_STYLE_COLOUR('',#15347);
#15537 = STYLED_ITEM('color',(#15538),#2227);
#15538 = PRESENTATION_STYLE_ASSIGNMENT((#15539));
#15539 = SURFACE_STYLE_USAGE(.BOTH.,#15540);
#15540 = SURFACE_SIDE_STYLE('',(#15541));
#15541 = SURFACE_STYLE_FILL_AREA(#15542);
#15542 = FILL_AREA_STYLE('',(#15543));
#15543 = FILL_AREA_STYLE_COLOUR('',#15544);
#15544 = COLOUR_RGB('',0.340000006699,0.68000001254,0.444999988852);
#15545 = STYLED_ITEM('color',(#15546),#2258);
#15546 = PRESENTATION_STYLE_ASSIGNMENT((#15547));
#15547 = SURFACE_STYLE_USAGE(.BOTH.,#15548);
#15548 = SURFACE_SIDE_STYLE('',(#15549));
#15549 = SURFACE_STYLE_FILL_AREA(#15550);
#15550 = FILL_AREA_STYLE('',(#15551));
#15551 = FILL_AREA_STYLE_COLOUR('',#15544);
#15552 = STYLED_ITEM('color',(#15553),#2282);
#15553 = PRESENTATION_STYLE_ASSIGNMENT((#15554));
#15554 = SURFACE_STYLE_USAGE(.BOTH.,#15555);
#15555 = SURFACE_SIDE_STYLE('',(#15556));
#15556 = SURFACE_STYLE_FILL_AREA(#15557);
#15557 = FILL_AREA_STYLE('',(#15558));
#15558 = FILL_AREA_STYLE_COLOUR('',#15544);
#15559 = STYLED_ITEM('color',(#15560),#2299);
#15560 = PRESENTATION_STYLE_ASSIGNMENT((#15561));
#15561 = SURFACE_STYLE_USAGE(.BOTH.,#15562);
#15562 = SURFACE_SIDE_STYLE('',(#15563));
#15563 = SURFACE_STYLE_FILL_AREA(#15564);
#15564 = FILL_AREA_STYLE('',(#15565));
#15565 = FILL_AREA_STYLE_COLOUR('',#15347);
#15566 = STYLED_ITEM('color',(#15567),#2327);
#15567 = PRESENTATION_STYLE_ASSIGNMENT((#15568));
#15568 = SURFACE_STYLE_USAGE(.BOTH.,#15569);
#15569 = SURFACE_SIDE_STYLE('',(#15570));
#15570 = SURFACE_STYLE_FILL_AREA(#15571);
#15571 = FILL_AREA_STYLE('',(#15572));
#15572 = FILL_AREA_STYLE_COLOUR('',#15347);
#15573 = STYLED_ITEM('color',(#15574),#2352);
#15574 = PRESENTATION_STYLE_ASSIGNMENT((#15575));
#15575 = SURFACE_STYLE_USAGE(.BOTH.,#15576);
#15576 = SURFACE_SIDE_STYLE('',(#15577));
#15577 = SURFACE_STYLE_FILL_AREA(#15578);
#15578 = FILL_AREA_STYLE('',(#15579));
#15579 = FILL_AREA_STYLE_COLOUR('',#15347);
#15580 = STYLED_ITEM('color',(#15581),#2376);
#15581 = PRESENTATION_STYLE_ASSIGNMENT((#15582));
#15582 = SURFACE_STYLE_USAGE(.BOTH.,#15583);
#15583 = SURFACE_SIDE_STYLE('',(#15584));
#15584 = SURFACE_STYLE_FILL_AREA(#15585);
#15585 = FILL_AREA_STYLE('',(#15586));
#15586 = FILL_AREA_STYLE_COLOUR('',#15347);
#15587 = STYLED_ITEM('color',(#15588),#2401);
#15588 = PRESENTATION_STYLE_ASSIGNMENT((#15589));
#15589 = SURFACE_STYLE_USAGE(.BOTH.,#15590);
#15590 = SURFACE_SIDE_STYLE('',(#15591));
#15591 = SURFACE_STYLE_FILL_AREA(#15592);
#15592 = FILL_AREA_STYLE('',(#15593));
#15593 = FILL_AREA_STYLE_COLOUR('',#15347);
#15594 = STYLED_ITEM('color',(#15595),#2448);
#15595 = PRESENTATION_STYLE_ASSIGNMENT((#15596));
#15596 = SURFACE_STYLE_USAGE(.BOTH.,#15597);
#15597 = SURFACE_SIDE_STYLE('',(#15598));
#15598 = SURFACE_STYLE_FILL_AREA(#15599);
#15599 = FILL_AREA_STYLE('',(#15600));
#15600 = FILL_AREA_STYLE_COLOUR('',#15347);
#15601 = STYLED_ITEM('color',(#15602),#2465);
#15602 = PRESENTATION_STYLE_ASSIGNMENT((#15603));
#15603 = SURFACE_STYLE_USAGE(.BOTH.,#15604);
#15604 = SURFACE_SIDE_STYLE('',(#15605));
#15605 = SURFACE_STYLE_FILL_AREA(#15606);
#15606 = FILL_AREA_STYLE('',(#15607));
#15607 = FILL_AREA_STYLE_COLOUR('',#15347);
#15608 = STYLED_ITEM('color',(#15609),#2477);
#15609 = PRESENTATION_STYLE_ASSIGNMENT((#15610));
#15610 = SURFACE_STYLE_USAGE(.BOTH.,#15611);
#15611 = SURFACE_SIDE_STYLE('',(#15612));
#15612 = SURFACE_STYLE_FILL_AREA(#15613);
#15613 = FILL_AREA_STYLE('',(#15614));
#15614 = FILL_AREA_STYLE_COLOUR('',#15347);
#15615 = STYLED_ITEM('color',(#15616),#2499);
#15616 = PRESENTATION_STYLE_ASSIGNMENT((#15617));
#15617 = SURFACE_STYLE_USAGE(.BOTH.,#15618);
#15618 = SURFACE_SIDE_STYLE('',(#15619));
#15619 = SURFACE_STYLE_FILL_AREA(#15620);
#15620 = FILL_AREA_STYLE('',(#15621));
#15621 = FILL_AREA_STYLE_COLOUR('',#15347);
#15622 = STYLED_ITEM('color',(#15623),#2511);
#15623 = PRESENTATION_STYLE_ASSIGNMENT((#15624));
#15624 = SURFACE_STYLE_USAGE(.BOTH.,#15625);
#15625 = SURFACE_SIDE_STYLE('',(#15626));
#15626 = SURFACE_STYLE_FILL_AREA(#15627);
#15627 = FILL_AREA_STYLE('',(#15628));
#15628 = FILL_AREA_STYLE_COLOUR('',#15347);
#15629 = STYLED_ITEM('color',(#15630),#2529);
#15630 = PRESENTATION_STYLE_ASSIGNMENT((#15631));
#15631 = SURFACE_STYLE_USAGE(.BOTH.,#15632);
#15632 = SURFACE_SIDE_STYLE('',(#15633));
#15633 = SURFACE_STYLE_FILL_AREA(#15634);
#15634 = FILL_AREA_STYLE('',(#15635));
#15635 = FILL_AREA_STYLE_COLOUR('',#15347);
#15636 = STYLED_ITEM('color',(#15637),#2547);
#15637 = PRESENTATION_STYLE_ASSIGNMENT((#15638));
#15638 = SURFACE_STYLE_USAGE(.BOTH.,#15639);
#15639 = SURFACE_SIDE_STYLE('',(#15640));
#15640 = SURFACE_STYLE_FILL_AREA(#15641);
#15641 = FILL_AREA_STYLE('',(#15642));
#15642 = FILL_AREA_STYLE_COLOUR('',#15544);
#15643 = MECHANICAL_DESIGN_GEOMETRIC_PRESENTATION_REPRESENTATION('',(
    #15644,#15653,#15662,#15671,#15680,#15689,#15698,#15707,#15716,
    #15725,#15734,#15743,#15752,#15761,#15770,#15779,#15788,#15797,
    #15806,#15815,#15824,#15833,#15842,#15851,#15860,#15869,#15878,
    #15887,#15896,#15905,#15914,#15923,#15932,#15941,#15950,#15959,
    #15968,#15977,#15986,#15995,#16004,#16013,#16022,#16031,#16040,
    #16049,#16058,#16067,#16076,#16085,#16094,#16103,#16112,#16121,
    #16130,#16139,#16148,#16157,#16166,#16175,#16184,#16193,#16202,
    #16211,#16220,#16229,#16238,#16247,#16256,#16265,#16274,#16283,
    #16292,#16301,#16310,#16319,#16328,#16337,#16346,#16355,#16364,
    #16373,#16382,#16391,#16400,#16409,#16418,#16427,#16436,#16445,
    #16454,#16463,#16472,#16481,#16490,#16499,#16508,#16517,#16526,
    #16535,#16544,#16553),#6485);
#15644 = STYLED_ITEM('color',(#15645),#3418);
#15645 = PRESENTATION_STYLE_ASSIGNMENT((#15646,#15651));
#15646 = SURFACE_STYLE_USAGE(.BOTH.,#15647);
#15647 = SURFACE_SIDE_STYLE('',(#15648));
#15648 = SURFACE_STYLE_FILL_AREA(#15649);
#15649 = FILL_AREA_STYLE('',(#15650));
#15650 = FILL_AREA_STYLE_COLOUR('',#14753);
#15651 = CURVE_STYLE('',#15652,POSITIVE_LENGTH_MEASURE(0.1),#14753);
#15652 = DRAUGHTING_PRE_DEFINED_CURVE_FONT('continuous');
#15653 = STYLED_ITEM('color',(#15654),#3456);
#15654 = PRESENTATION_STYLE_ASSIGNMENT((#15655,#15660));
#15655 = SURFACE_STYLE_USAGE(.BOTH.,#15656);
#15656 = SURFACE_SIDE_STYLE('',(#15657));
#15657 = SURFACE_STYLE_FILL_AREA(#15658);
#15658 = FILL_AREA_STYLE('',(#15659));
#15659 = FILL_AREA_STYLE_COLOUR('',#14753);
#15660 = CURVE_STYLE('',#15661,POSITIVE_LENGTH_MEASURE(0.1),#14753);
#15661 = DRAUGHTING_PRE_DEFINED_CURVE_FONT('continuous');
#15662 = STYLED_ITEM('color',(#15663),#3519);
#15663 = PRESENTATION_STYLE_ASSIGNMENT((#15664,#15669));
#15664 = SURFACE_STYLE_USAGE(.BOTH.,#15665);
#15665 = SURFACE_SIDE_STYLE('',(#15666));
#15666 = SURFACE_STYLE_FILL_AREA(#15667);
#15667 = FILL_AREA_STYLE('',(#15668));
#15668 = FILL_AREA_STYLE_COLOUR('',#14753);
#15669 = CURVE_STYLE('',#15670,POSITIVE_LENGTH_MEASURE(0.1),#14753);
#15670 = DRAUGHTING_PRE_DEFINED_CURVE_FONT('continuous');
#15671 = STYLED_ITEM('color',(#15672),#3542);
#15672 = PRESENTATION_STYLE_ASSIGNMENT((#15673,#15678));
#15673 = SURFACE_STYLE_USAGE(.BOTH.,#15674);
#15674 = SURFACE_SIDE_STYLE('',(#15675));
#15675 = SURFACE_STYLE_FILL_AREA(#15676);
#15676 = FILL_AREA_STYLE('',(#15677));
#15677 = FILL_AREA_STYLE_COLOUR('',#14753);
#15678 = CURVE_STYLE('',#15679,POSITIVE_LENGTH_MEASURE(0.1),#14753);
#15679 = DRAUGHTING_PRE_DEFINED_CURVE_FONT('continuous');
#15680 = STYLED_ITEM('color',(#15681),#3571);
#15681 = PRESENTATION_STYLE_ASSIGNMENT((#15682,#15687));
#15682 = SURFACE_STYLE_USAGE(.BOTH.,#15683);
#15683 = SURFACE_SIDE_STYLE('',(#15684));
#15684 = SURFACE_STYLE_FILL_AREA(#15685);
#15685 = FILL_AREA_STYLE('',(#15686));
#15686 = FILL_AREA_STYLE_COLOUR('',#14753);
#15687 = CURVE_STYLE('',#15688,POSITIVE_LENGTH_MEASURE(0.1),#14753);
#15688 = DRAUGHTING_PRE_DEFINED_CURVE_FONT('continuous');
#15689 = STYLED_ITEM('color',(#15690),#3594);
#15690 = PRESENTATION_STYLE_ASSIGNMENT((#15691,#15696));
#15691 = SURFACE_STYLE_USAGE(.BOTH.,#15692);
#15692 = SURFACE_SIDE_STYLE('',(#15693));
#15693 = SURFACE_STYLE_FILL_AREA(#15694);
#15694 = FILL_AREA_STYLE('',(#15695));
#15695 = FILL_AREA_STYLE_COLOUR('',#14753);
#15696 = CURVE_STYLE('',#15697,POSITIVE_LENGTH_MEASURE(0.1),#14753);
#15697 = DRAUGHTING_PRE_DEFINED_CURVE_FONT('continuous');
#15698 = STYLED_ITEM('color',(#15699),#3665);
#15699 = PRESENTATION_STYLE_ASSIGNMENT((#15700,#15705));
#15700 = SURFACE_STYLE_USAGE(.BOTH.,#15701);
#15701 = SURFACE_SIDE_STYLE('',(#15702));
#15702 = SURFACE_STYLE_FILL_AREA(#15703);
#15703 = FILL_AREA_STYLE('',(#15704));
#15704 = FILL_AREA_STYLE_COLOUR('',#14753);
#15705 = CURVE_STYLE('',#15706,POSITIVE_LENGTH_MEASURE(0.1),#14753);
#15706 = DRAUGHTING_PRE_DEFINED_CURVE_FONT('continuous');
#15707 = STYLED_ITEM('color',(#15708),#3720);
#15708 = PRESENTATION_STYLE_ASSIGNMENT((#15709,#15714));
#15709 = SURFACE_STYLE_USAGE(.BOTH.,#15710);
#15710 = SURFACE_SIDE_STYLE('',(#15711));
#15711 = SURFACE_STYLE_FILL_AREA(#15712);
#15712 = FILL_AREA_STYLE('',(#15713));
#15713 = FILL_AREA_STYLE_COLOUR('',#14753);
#15714 = CURVE_STYLE('',#15715,POSITIVE_LENGTH_MEASURE(0.1),#14753);
#15715 = DRAUGHTING_PRE_DEFINED_CURVE_FONT('continuous');
#15716 = STYLED_ITEM('color',(#15717),#3743);
#15717 = PRESENTATION_STYLE_ASSIGNMENT((#15718,#15723));
#15718 = SURFACE_STYLE_USAGE(.BOTH.,#15719);
#15719 = SURFACE_SIDE_STYLE('',(#15720));
#15720 = SURFACE_STYLE_FILL_AREA(#15721);
#15721 = FILL_AREA_STYLE('',(#15722));
#15722 = FILL_AREA_STYLE_COLOUR('',#14753);
#15723 = CURVE_STYLE('',#15724,POSITIVE_LENGTH_MEASURE(0.1),#14753);
#15724 = DRAUGHTING_PRE_DEFINED_CURVE_FONT('continuous');
#15725 = STYLED_ITEM('color',(#15726),#3766);
#15726 = PRESENTATION_STYLE_ASSIGNMENT((#15727,#15732));
#15727 = SURFACE_STYLE_USAGE(.BOTH.,#15728);
#15728 = SURFACE_SIDE_STYLE('',(#15729));
#15729 = SURFACE_STYLE_FILL_AREA(#15730);
#15730 = FILL_AREA_STYLE('',(#15731));
#15731 = FILL_AREA_STYLE_COLOUR('',#14753);
#15732 = CURVE_STYLE('',#15733,POSITIVE_LENGTH_MEASURE(0.1),#14753);
#15733 = DRAUGHTING_PRE_DEFINED_CURVE_FONT('continuous');
#15734 = STYLED_ITEM('color',(#15735),#3783);
#15735 = PRESENTATION_STYLE_ASSIGNMENT((#15736,#15741));
#15736 = SURFACE_STYLE_USAGE(.BOTH.,#15737);
#15737 = SURFACE_SIDE_STYLE('',(#15738));
#15738 = SURFACE_STYLE_FILL_AREA(#15739);
#15739 = FILL_AREA_STYLE('',(#15740));
#15740 = FILL_AREA_STYLE_COLOUR('',#14753);
#15741 = CURVE_STYLE('',#15742,POSITIVE_LENGTH_MEASURE(0.1),#14753);
#15742 = DRAUGHTING_PRE_DEFINED_CURVE_FONT('continuous');
#15743 = STYLED_ITEM('color',(#15744),#3806);
#15744 = PRESENTATION_STYLE_ASSIGNMENT((#15745,#15750));
#15745 = SURFACE_STYLE_USAGE(.BOTH.,#15746);
#15746 = SURFACE_SIDE_STYLE('',(#15747));
#15747 = SURFACE_STYLE_FILL_AREA(#15748);
#15748 = FILL_AREA_STYLE('',(#15749));
#15749 = FILL_AREA_STYLE_COLOUR('',#14753);
#15750 = CURVE_STYLE('',#15751,POSITIVE_LENGTH_MEASURE(0.1),#14753);
#15751 = DRAUGHTING_PRE_DEFINED_CURVE_FONT('continuous');
#15752 = STYLED_ITEM('color',(#15753),#3894);
#15753 = PRESENTATION_STYLE_ASSIGNMENT((#15754,#15759));
#15754 = SURFACE_STYLE_USAGE(.BOTH.,#15755);
#15755 = SURFACE_SIDE_STYLE('',(#15756));
#15756 = SURFACE_STYLE_FILL_AREA(#15757);
#15757 = FILL_AREA_STYLE('',(#15758));
#15758 = FILL_AREA_STYLE_COLOUR('',#14753);
#15759 = CURVE_STYLE('',#15760,POSITIVE_LENGTH_MEASURE(0.1),#14753);
#15760 = DRAUGHTING_PRE_DEFINED_CURVE_FONT('continuous');
#15761 = STYLED_ITEM('color',(#15762),#3910);
#15762 = PRESENTATION_STYLE_ASSIGNMENT((#15763,#15768));
#15763 = SURFACE_STYLE_USAGE(.BOTH.,#15764);
#15764 = SURFACE_SIDE_STYLE('',(#15765));
#15765 = SURFACE_STYLE_FILL_AREA(#15766);
#15766 = FILL_AREA_STYLE('',(#15767));
#15767 = FILL_AREA_STYLE_COLOUR('',#14753);
#15768 = CURVE_STYLE('',#15769,POSITIVE_LENGTH_MEASURE(0.1),#14753);
#15769 = DRAUGHTING_PRE_DEFINED_CURVE_FONT('continuous');
#15770 = STYLED_ITEM('color',(#15771),#3940);
#15771 = PRESENTATION_STYLE_ASSIGNMENT((#15772,#15777));
#15772 = SURFACE_STYLE_USAGE(.BOTH.,#15773);
#15773 = SURFACE_SIDE_STYLE('',(#15774));
#15774 = SURFACE_STYLE_FILL_AREA(#15775);
#15775 = FILL_AREA_STYLE('',(#15776));
#15776 = FILL_AREA_STYLE_COLOUR('',#14790);
#15777 = CURVE_STYLE('',#15778,POSITIVE_LENGTH_MEASURE(0.1),#14790);
#15778 = DRAUGHTING_PRE_DEFINED_CURVE_FONT('continuous');
#15779 = STYLED_ITEM('color',(#15780),#3971);
#15780 = PRESENTATION_STYLE_ASSIGNMENT((#15781,#15786));
#15781 = SURFACE_STYLE_USAGE(.BOTH.,#15782);
#15782 = SURFACE_SIDE_STYLE('',(#15783));
#15783 = SURFACE_STYLE_FILL_AREA(#15784);
#15784 = FILL_AREA_STYLE('',(#15785));
#15785 = FILL_AREA_STYLE_COLOUR('',#14753);
#15786 = CURVE_STYLE('',#15787,POSITIVE_LENGTH_MEASURE(0.1),#14753);
#15787 = DRAUGHTING_PRE_DEFINED_CURVE_FONT('continuous');
#15788 = STYLED_ITEM('color',(#15789),#4002);
#15789 = PRESENTATION_STYLE_ASSIGNMENT((#15790,#15795));
#15790 = SURFACE_STYLE_USAGE(.BOTH.,#15791);
#15791 = SURFACE_SIDE_STYLE('',(#15792));
#15792 = SURFACE_STYLE_FILL_AREA(#15793);
#15793 = FILL_AREA_STYLE('',(#15794));
#15794 = FILL_AREA_STYLE_COLOUR('',#14790);
#15795 = CURVE_STYLE('',#15796,POSITIVE_LENGTH_MEASURE(0.1),#14790);
#15796 = DRAUGHTING_PRE_DEFINED_CURVE_FONT('continuous');
#15797 = STYLED_ITEM('color',(#15798),#4033);
#15798 = PRESENTATION_STYLE_ASSIGNMENT((#15799,#15804));
#15799 = SURFACE_STYLE_USAGE(.BOTH.,#15800);
#15800 = SURFACE_SIDE_STYLE('',(#15801));
#15801 = SURFACE_STYLE_FILL_AREA(#15802);
#15802 = FILL_AREA_STYLE('',(#15803));
#15803 = FILL_AREA_STYLE_COLOUR('',#14753);
#15804 = CURVE_STYLE('',#15805,POSITIVE_LENGTH_MEASURE(0.1),#14753);
#15805 = DRAUGHTING_PRE_DEFINED_CURVE_FONT('continuous');
#15806 = STYLED_ITEM('color',(#15807),#4064);
#15807 = PRESENTATION_STYLE_ASSIGNMENT((#15808,#15813));
#15808 = SURFACE_STYLE_USAGE(.BOTH.,#15809);
#15809 = SURFACE_SIDE_STYLE('',(#15810));
#15810 = SURFACE_STYLE_FILL_AREA(#15811);
#15811 = FILL_AREA_STYLE('',(#15812));
#15812 = FILL_AREA_STYLE_COLOUR('',#14790);
#15813 = CURVE_STYLE('',#15814,POSITIVE_LENGTH_MEASURE(0.1),#14790);
#15814 = DRAUGHTING_PRE_DEFINED_CURVE_FONT('continuous');
#15815 = STYLED_ITEM('color',(#15816),#4095);
#15816 = PRESENTATION_STYLE_ASSIGNMENT((#15817,#15822));
#15817 = SURFACE_STYLE_USAGE(.BOTH.,#15818);
#15818 = SURFACE_SIDE_STYLE('',(#15819));
#15819 = SURFACE_STYLE_FILL_AREA(#15820);
#15820 = FILL_AREA_STYLE('',(#15821));
#15821 = FILL_AREA_STYLE_COLOUR('',#14753);
#15822 = CURVE_STYLE('',#15823,POSITIVE_LENGTH_MEASURE(0.1),#14753);
#15823 = DRAUGHTING_PRE_DEFINED_CURVE_FONT('continuous');
#15824 = STYLED_ITEM('color',(#15825),#4112);
#15825 = PRESENTATION_STYLE_ASSIGNMENT((#15826,#15831));
#15826 = SURFACE_STYLE_USAGE(.BOTH.,#15827);
#15827 = SURFACE_SIDE_STYLE('',(#15828));
#15828 = SURFACE_STYLE_FILL_AREA(#15829);
#15829 = FILL_AREA_STYLE('',(#15830));
#15830 = FILL_AREA_STYLE_COLOUR('',#14753);
#15831 = CURVE_STYLE('',#15832,POSITIVE_LENGTH_MEASURE(0.1),#14753);
#15832 = DRAUGHTING_PRE_DEFINED_CURVE_FONT('continuous');
#15833 = STYLED_ITEM('color',(#15834),#4129);
#15834 = PRESENTATION_STYLE_ASSIGNMENT((#15835,#15840));
#15835 = SURFACE_STYLE_USAGE(.BOTH.,#15836);
#15836 = SURFACE_SIDE_STYLE('',(#15837));
#15837 = SURFACE_STYLE_FILL_AREA(#15838);
#15838 = FILL_AREA_STYLE('',(#15839));
#15839 = FILL_AREA_STYLE_COLOUR('',#14790);
#15840 = CURVE_STYLE('',#15841,POSITIVE_LENGTH_MEASURE(0.1),#14790);
#15841 = DRAUGHTING_PRE_DEFINED_CURVE_FONT('continuous');
#15842 = STYLED_ITEM('color',(#15843),#4160);
#15843 = PRESENTATION_STYLE_ASSIGNMENT((#15844,#15849));
#15844 = SURFACE_STYLE_USAGE(.BOTH.,#15845);
#15845 = SURFACE_SIDE_STYLE('',(#15846));
#15846 = SURFACE_STYLE_FILL_AREA(#15847);
#15847 = FILL_AREA_STYLE('',(#15848));
#15848 = FILL_AREA_STYLE_COLOUR('',#14753);
#15849 = CURVE_STYLE('',#15850,POSITIVE_LENGTH_MEASURE(0.1),#14753);
#15850 = DRAUGHTING_PRE_DEFINED_CURVE_FONT('continuous');
#15851 = STYLED_ITEM('color',(#15852),#4191);
#15852 = PRESENTATION_STYLE_ASSIGNMENT((#15853,#15858));
#15853 = SURFACE_STYLE_USAGE(.BOTH.,#15854);
#15854 = SURFACE_SIDE_STYLE('',(#15855));
#15855 = SURFACE_STYLE_FILL_AREA(#15856);
#15856 = FILL_AREA_STYLE('',(#15857));
#15857 = FILL_AREA_STYLE_COLOUR('',#14790);
#15858 = CURVE_STYLE('',#15859,POSITIVE_LENGTH_MEASURE(0.1),#14790);
#15859 = DRAUGHTING_PRE_DEFINED_CURVE_FONT('continuous');
#15860 = STYLED_ITEM('color',(#15861),#4222);
#15861 = PRESENTATION_STYLE_ASSIGNMENT((#15862,#15867));
#15862 = SURFACE_STYLE_USAGE(.BOTH.,#15863);
#15863 = SURFACE_SIDE_STYLE('',(#15864));
#15864 = SURFACE_STYLE_FILL_AREA(#15865);
#15865 = FILL_AREA_STYLE('',(#15866));
#15866 = FILL_AREA_STYLE_COLOUR('',#14753);
#15867 = CURVE_STYLE('',#15868,POSITIVE_LENGTH_MEASURE(0.1),#14753);
#15868 = DRAUGHTING_PRE_DEFINED_CURVE_FONT('continuous');
#15869 = STYLED_ITEM('color',(#15870),#4252);
#15870 = PRESENTATION_STYLE_ASSIGNMENT((#15871,#15876));
#15871 = SURFACE_STYLE_USAGE(.BOTH.,#15872);
#15872 = SURFACE_SIDE_STYLE('',(#15873));
#15873 = SURFACE_STYLE_FILL_AREA(#15874);
#15874 = FILL_AREA_STYLE('',(#15875));
#15875 = FILL_AREA_STYLE_COLOUR('',#14753);
#15876 = CURVE_STYLE('',#15877,POSITIVE_LENGTH_MEASURE(0.1),#14753);
#15877 = DRAUGHTING_PRE_DEFINED_CURVE_FONT('continuous');
#15878 = STYLED_ITEM('color',(#15879),#4275);
#15879 = PRESENTATION_STYLE_ASSIGNMENT((#15880,#15885));
#15880 = SURFACE_STYLE_USAGE(.BOTH.,#15881);
#15881 = SURFACE_SIDE_STYLE('',(#15882));
#15882 = SURFACE_STYLE_FILL_AREA(#15883);
#15883 = FILL_AREA_STYLE('',(#15884));
#15884 = FILL_AREA_STYLE_COLOUR('',#14753);
#15885 = CURVE_STYLE('',#15886,POSITIVE_LENGTH_MEASURE(0.1),#14753);
#15886 = DRAUGHTING_PRE_DEFINED_CURVE_FONT('continuous');
#15887 = STYLED_ITEM('color',(#15888),#4298);
#15888 = PRESENTATION_STYLE_ASSIGNMENT((#15889,#15894));
#15889 = SURFACE_STYLE_USAGE(.BOTH.,#15890);
#15890 = SURFACE_SIDE_STYLE('',(#15891));
#15891 = SURFACE_STYLE_FILL_AREA(#15892);
#15892 = FILL_AREA_STYLE('',(#15893));
#15893 = FILL_AREA_STYLE_COLOUR('',#14753);
#15894 = CURVE_STYLE('',#15895,POSITIVE_LENGTH_MEASURE(0.1),#14753);
#15895 = DRAUGHTING_PRE_DEFINED_CURVE_FONT('continuous');
#15896 = STYLED_ITEM('color',(#15897),#4315);
#15897 = PRESENTATION_STYLE_ASSIGNMENT((#15898,#15903));
#15898 = SURFACE_STYLE_USAGE(.BOTH.,#15899);
#15899 = SURFACE_SIDE_STYLE('',(#15900));
#15900 = SURFACE_STYLE_FILL_AREA(#15901);
#15901 = FILL_AREA_STYLE('',(#15902));
#15902 = FILL_AREA_STYLE_COLOUR('',#14790);
#15903 = CURVE_STYLE('',#15904,POSITIVE_LENGTH_MEASURE(0.1),#14790);
#15904 = DRAUGHTING_PRE_DEFINED_CURVE_FONT('continuous');
#15905 = STYLED_ITEM('color',(#15906),#4360);
#15906 = PRESENTATION_STYLE_ASSIGNMENT((#15907,#15912));
#15907 = SURFACE_STYLE_USAGE(.BOTH.,#15908);
#15908 = SURFACE_SIDE_STYLE('',(#15909));
#15909 = SURFACE_STYLE_FILL_AREA(#15910);
#15910 = FILL_AREA_STYLE('',(#15911));
#15911 = FILL_AREA_STYLE_COLOUR('',#14753);
#15912 = CURVE_STYLE('',#15913,POSITIVE_LENGTH_MEASURE(0.1),#14753);
#15913 = DRAUGHTING_PRE_DEFINED_CURVE_FONT('continuous');
#15914 = STYLED_ITEM('color',(#15915),#4430);
#15915 = PRESENTATION_STYLE_ASSIGNMENT((#15916,#15921));
#15916 = SURFACE_STYLE_USAGE(.BOTH.,#15917);
#15917 = SURFACE_SIDE_STYLE('',(#15918));
#15918 = SURFACE_STYLE_FILL_AREA(#15919);
#15919 = FILL_AREA_STYLE('',(#15920));
#15920 = FILL_AREA_STYLE_COLOUR('',#14753);
#15921 = CURVE_STYLE('',#15922,POSITIVE_LENGTH_MEASURE(0.1),#14753);
#15922 = DRAUGHTING_PRE_DEFINED_CURVE_FONT('continuous');
#15923 = STYLED_ITEM('color',(#15924),#4453);
#15924 = PRESENTATION_STYLE_ASSIGNMENT((#15925,#15930));
#15925 = SURFACE_STYLE_USAGE(.BOTH.,#15926);
#15926 = SURFACE_SIDE_STYLE('',(#15927));
#15927 = SURFACE_STYLE_FILL_AREA(#15928);
#15928 = FILL_AREA_STYLE('',(#15929));
#15929 = FILL_AREA_STYLE_COLOUR('',#14753);
#15930 = CURVE_STYLE('',#15931,POSITIVE_LENGTH_MEASURE(0.1),#14753);
#15931 = DRAUGHTING_PRE_DEFINED_CURVE_FONT('continuous');
#15932 = STYLED_ITEM('color',(#15933),#4476);
#15933 = PRESENTATION_STYLE_ASSIGNMENT((#15934,#15939));
#15934 = SURFACE_STYLE_USAGE(.BOTH.,#15935);
#15935 = SURFACE_SIDE_STYLE('',(#15936));
#15936 = SURFACE_STYLE_FILL_AREA(#15937);
#15937 = FILL_AREA_STYLE('',(#15938));
#15938 = FILL_AREA_STYLE_COLOUR('',#14753);
#15939 = CURVE_STYLE('',#15940,POSITIVE_LENGTH_MEASURE(0.1),#14753);
#15940 = DRAUGHTING_PRE_DEFINED_CURVE_FONT('continuous');
#15941 = STYLED_ITEM('color',(#15942),#4499);
#15942 = PRESENTATION_STYLE_ASSIGNMENT((#15943,#15948));
#15943 = SURFACE_STYLE_USAGE(.BOTH.,#15944);
#15944 = SURFACE_SIDE_STYLE('',(#15945));
#15945 = SURFACE_STYLE_FILL_AREA(#15946);
#15946 = FILL_AREA_STYLE('',(#15947));
#15947 = FILL_AREA_STYLE_COLOUR('',#14753);
#15948 = CURVE_STYLE('',#15949,POSITIVE_LENGTH_MEASURE(0.1),#14753);
#15949 = DRAUGHTING_PRE_DEFINED_CURVE_FONT('continuous');
#15950 = STYLED_ITEM('color',(#15951),#4554);
#15951 = PRESENTATION_STYLE_ASSIGNMENT((#15952,#15957));
#15952 = SURFACE_STYLE_USAGE(.BOTH.,#15953);
#15953 = SURFACE_SIDE_STYLE('',(#15954));
#15954 = SURFACE_STYLE_FILL_AREA(#15955);
#15955 = FILL_AREA_STYLE('',(#15956));
#15956 = FILL_AREA_STYLE_COLOUR('',#14790);
#15957 = CURVE_STYLE('',#15958,POSITIVE_LENGTH_MEASURE(0.1),#14790);
#15958 = DRAUGHTING_PRE_DEFINED_CURVE_FONT('continuous');
#15959 = STYLED_ITEM('color',(#15960),#4592);
#15960 = PRESENTATION_STYLE_ASSIGNMENT((#15961,#15966));
#15961 = SURFACE_STYLE_USAGE(.BOTH.,#15962);
#15962 = SURFACE_SIDE_STYLE('',(#15963));
#15963 = SURFACE_STYLE_FILL_AREA(#15964);
#15964 = FILL_AREA_STYLE('',(#15965));
#15965 = FILL_AREA_STYLE_COLOUR('',#14753);
#15966 = CURVE_STYLE('',#15967,POSITIVE_LENGTH_MEASURE(0.1),#14753);
#15967 = DRAUGHTING_PRE_DEFINED_CURVE_FONT('continuous');
#15968 = STYLED_ITEM('color',(#15969),#4641);
#15969 = PRESENTATION_STYLE_ASSIGNMENT((#15970,#15975));
#15970 = SURFACE_STYLE_USAGE(.BOTH.,#15971);
#15971 = SURFACE_SIDE_STYLE('',(#15972));
#15972 = SURFACE_STYLE_FILL_AREA(#15973);
#15973 = FILL_AREA_STYLE('',(#15974));
#15974 = FILL_AREA_STYLE_COLOUR('',#14790);
#15975 = CURVE_STYLE('',#15976,POSITIVE_LENGTH_MEASURE(0.1),#14790);
#15976 = DRAUGHTING_PRE_DEFINED_CURVE_FONT('continuous');
#15977 = STYLED_ITEM('color',(#15978),#4733);
#15978 = PRESENTATION_STYLE_ASSIGNMENT((#15979,#15984));
#15979 = SURFACE_STYLE_USAGE(.BOTH.,#15980);
#15980 = SURFACE_SIDE_STYLE('',(#15981));
#15981 = SURFACE_STYLE_FILL_AREA(#15982);
#15982 = FILL_AREA_STYLE('',(#15983));
#15983 = FILL_AREA_STYLE_COLOUR('',#14790);
#15984 = CURVE_STYLE('',#15985,POSITIVE_LENGTH_MEASURE(0.1),#14790);
#15985 = DRAUGHTING_PRE_DEFINED_CURVE_FONT('continuous');
#15986 = STYLED_ITEM('color',(#15987),#4758);
#15987 = PRESENTATION_STYLE_ASSIGNMENT((#15988,#15993));
#15988 = SURFACE_STYLE_USAGE(.BOTH.,#15989);
#15989 = SURFACE_SIDE_STYLE('',(#15990));
#15990 = SURFACE_STYLE_FILL_AREA(#15991);
#15991 = FILL_AREA_STYLE('',(#15992));
#15992 = FILL_AREA_STYLE_COLOUR('',#14790);
#15993 = CURVE_STYLE('',#15994,POSITIVE_LENGTH_MEASURE(0.1),#14790);
#15994 = DRAUGHTING_PRE_DEFINED_CURVE_FONT('continuous');
#15995 = STYLED_ITEM('color',(#15996),#4842);
#15996 = PRESENTATION_STYLE_ASSIGNMENT((#15997,#16002));
#15997 = SURFACE_STYLE_USAGE(.BOTH.,#15998);
#15998 = SURFACE_SIDE_STYLE('',(#15999));
#15999 = SURFACE_STYLE_FILL_AREA(#16000);
#16000 = FILL_AREA_STYLE('',(#16001));
#16001 = FILL_AREA_STYLE_COLOUR('',#14753);
#16002 = CURVE_STYLE('',#16003,POSITIVE_LENGTH_MEASURE(0.1),#14753);
#16003 = DRAUGHTING_PRE_DEFINED_CURVE_FONT('continuous');
#16004 = STYLED_ITEM('color',(#16005),#4864);
#16005 = PRESENTATION_STYLE_ASSIGNMENT((#16006,#16011));
#16006 = SURFACE_STYLE_USAGE(.BOTH.,#16007);
#16007 = SURFACE_SIDE_STYLE('',(#16008));
#16008 = SURFACE_STYLE_FILL_AREA(#16009);
#16009 = FILL_AREA_STYLE('',(#16010));
#16010 = FILL_AREA_STYLE_COLOUR('',#14790);
#16011 = CURVE_STYLE('',#16012,POSITIVE_LENGTH_MEASURE(0.1),#14790);
#16012 = DRAUGHTING_PRE_DEFINED_CURVE_FONT('continuous');
#16013 = STYLED_ITEM('color',(#16014),#4956);
#16014 = PRESENTATION_STYLE_ASSIGNMENT((#16015,#16020));
#16015 = SURFACE_STYLE_USAGE(.BOTH.,#16016);
#16016 = SURFACE_SIDE_STYLE('',(#16017));
#16017 = SURFACE_STYLE_FILL_AREA(#16018);
#16018 = FILL_AREA_STYLE('',(#16019));
#16019 = FILL_AREA_STYLE_COLOUR('',#14790);
#16020 = CURVE_STYLE('',#16021,POSITIVE_LENGTH_MEASURE(0.1),#14790);
#16021 = DRAUGHTING_PRE_DEFINED_CURVE_FONT('continuous');
#16022 = STYLED_ITEM('color',(#16023),#4981);
#16023 = PRESENTATION_STYLE_ASSIGNMENT((#16024,#16029));
#16024 = SURFACE_STYLE_USAGE(.BOTH.,#16025);
#16025 = SURFACE_SIDE_STYLE('',(#16026));
#16026 = SURFACE_STYLE_FILL_AREA(#16027);
#16027 = FILL_AREA_STYLE('',(#16028));
#16028 = FILL_AREA_STYLE_COLOUR('',#14790);
#16029 = CURVE_STYLE('',#16030,POSITIVE_LENGTH_MEASURE(0.1),#14790);
#16030 = DRAUGHTING_PRE_DEFINED_CURVE_FONT('continuous');
#16031 = STYLED_ITEM('color',(#16032),#5065);
#16032 = PRESENTATION_STYLE_ASSIGNMENT((#16033,#16038));
#16033 = SURFACE_STYLE_USAGE(.BOTH.,#16034);
#16034 = SURFACE_SIDE_STYLE('',(#16035));
#16035 = SURFACE_STYLE_FILL_AREA(#16036);
#16036 = FILL_AREA_STYLE('',(#16037));
#16037 = FILL_AREA_STYLE_COLOUR('',#14753);
#16038 = CURVE_STYLE('',#16039,POSITIVE_LENGTH_MEASURE(0.1),#14753);
#16039 = DRAUGHTING_PRE_DEFINED_CURVE_FONT('continuous');
#16040 = STYLED_ITEM('color',(#16041),#5082);
#16041 = PRESENTATION_STYLE_ASSIGNMENT((#16042,#16047));
#16042 = SURFACE_STYLE_USAGE(.BOTH.,#16043);
#16043 = SURFACE_SIDE_STYLE('',(#16044));
#16044 = SURFACE_STYLE_FILL_AREA(#16045);
#16045 = FILL_AREA_STYLE('',(#16046));
#16046 = FILL_AREA_STYLE_COLOUR('',#14790);
#16047 = CURVE_STYLE('',#16048,POSITIVE_LENGTH_MEASURE(0.1),#14790);
#16048 = DRAUGHTING_PRE_DEFINED_CURVE_FONT('continuous');
#16049 = STYLED_ITEM('color',(#16050),#5167);
#16050 = PRESENTATION_STYLE_ASSIGNMENT((#16051,#16056));
#16051 = SURFACE_STYLE_USAGE(.BOTH.,#16052);
#16052 = SURFACE_SIDE_STYLE('',(#16053));
#16053 = SURFACE_STYLE_FILL_AREA(#16054);
#16054 = FILL_AREA_STYLE('',(#16055));
#16055 = FILL_AREA_STYLE_COLOUR('',#14790);
#16056 = CURVE_STYLE('',#16057,POSITIVE_LENGTH_MEASURE(0.1),#14790);
#16057 = DRAUGHTING_PRE_DEFINED_CURVE_FONT('continuous');
#16058 = STYLED_ITEM('color',(#16059),#5192);
#16059 = PRESENTATION_STYLE_ASSIGNMENT((#16060,#16065));
#16060 = SURFACE_STYLE_USAGE(.BOTH.,#16061);
#16061 = SURFACE_SIDE_STYLE('',(#16062));
#16062 = SURFACE_STYLE_FILL_AREA(#16063);
#16063 = FILL_AREA_STYLE('',(#16064));
#16064 = FILL_AREA_STYLE_COLOUR('',#14790);
#16065 = CURVE_STYLE('',#16066,POSITIVE_LENGTH_MEASURE(0.1),#14790);
#16066 = DRAUGHTING_PRE_DEFINED_CURVE_FONT('continuous');
#16067 = STYLED_ITEM('color',(#16068),#5269);
#16068 = PRESENTATION_STYLE_ASSIGNMENT((#16069,#16074));
#16069 = SURFACE_STYLE_USAGE(.BOTH.,#16070);
#16070 = SURFACE_SIDE_STYLE('',(#16071));
#16071 = SURFACE_STYLE_FILL_AREA(#16072);
#16072 = FILL_AREA_STYLE('',(#16073));
#16073 = FILL_AREA_STYLE_COLOUR('',#14790);
#16074 = CURVE_STYLE('',#16075,POSITIVE_LENGTH_MEASURE(0.1),#14790);
#16075 = DRAUGHTING_PRE_DEFINED_CURVE_FONT('continuous');
#16076 = STYLED_ITEM('color',(#16077),#5354);
#16077 = PRESENTATION_STYLE_ASSIGNMENT((#16078,#16083));
#16078 = SURFACE_STYLE_USAGE(.BOTH.,#16079);
#16079 = SURFACE_SIDE_STYLE('',(#16080));
#16080 = SURFACE_STYLE_FILL_AREA(#16081);
#16081 = FILL_AREA_STYLE('',(#16082));
#16082 = FILL_AREA_STYLE_COLOUR('',#14790);
#16083 = CURVE_STYLE('',#16084,POSITIVE_LENGTH_MEASURE(0.1),#14790);
#16084 = DRAUGHTING_PRE_DEFINED_CURVE_FONT('continuous');
#16085 = STYLED_ITEM('color',(#16086),#5379);
#16086 = PRESENTATION_STYLE_ASSIGNMENT((#16087,#16092));
#16087 = SURFACE_STYLE_USAGE(.BOTH.,#16088);
#16088 = SURFACE_SIDE_STYLE('',(#16089));
#16089 = SURFACE_STYLE_FILL_AREA(#16090);
#16090 = FILL_AREA_STYLE('',(#16091));
#16091 = FILL_AREA_STYLE_COLOUR('',#14790);
#16092 = CURVE_STYLE('',#16093,POSITIVE_LENGTH_MEASURE(0.1),#14790);
#16093 = DRAUGHTING_PRE_DEFINED_CURVE_FONT('continuous');
#16094 = STYLED_ITEM('color',(#16095),#5456);
#16095 = PRESENTATION_STYLE_ASSIGNMENT((#16096,#16101));
#16096 = SURFACE_STYLE_USAGE(.BOTH.,#16097);
#16097 = SURFACE_SIDE_STYLE('',(#16098));
#16098 = SURFACE_STYLE_FILL_AREA(#16099);
#16099 = FILL_AREA_STYLE('',(#16100));
#16100 = FILL_AREA_STYLE_COLOUR('',#14753);
#16101 = CURVE_STYLE('',#16102,POSITIVE_LENGTH_MEASURE(0.1),#14753);
#16102 = DRAUGHTING_PRE_DEFINED_CURVE_FONT('continuous');
#16103 = STYLED_ITEM('color',(#16104),#5473);
#16104 = PRESENTATION_STYLE_ASSIGNMENT((#16105,#16110));
#16105 = SURFACE_STYLE_USAGE(.BOTH.,#16106);
#16106 = SURFACE_SIDE_STYLE('',(#16107));
#16107 = SURFACE_STYLE_FILL_AREA(#16108);
#16108 = FILL_AREA_STYLE('',(#16109));
#16109 = FILL_AREA_STYLE_COLOUR('',#14790);
#16110 = CURVE_STYLE('',#16111,POSITIVE_LENGTH_MEASURE(0.1),#14790);
#16111 = DRAUGHTING_PRE_DEFINED_CURVE_FONT('continuous');
#16112 = STYLED_ITEM('color',(#16113),#5565);
#16113 = PRESENTATION_STYLE_ASSIGNMENT((#16114,#16119));
#16114 = SURFACE_STYLE_USAGE(.BOTH.,#16115);
#16115 = SURFACE_SIDE_STYLE('',(#16116));
#16116 = SURFACE_STYLE_FILL_AREA(#16117);
#16117 = FILL_AREA_STYLE('',(#16118));
#16118 = FILL_AREA_STYLE_COLOUR('',#14790);
#16119 = CURVE_STYLE('',#16120,POSITIVE_LENGTH_MEASURE(0.1),#14790);
#16120 = DRAUGHTING_PRE_DEFINED_CURVE_FONT('continuous');
#16121 = STYLED_ITEM('color',(#16122),#5590);
#16122 = PRESENTATION_STYLE_ASSIGNMENT((#16123,#16128));
#16123 = SURFACE_STYLE_USAGE(.BOTH.,#16124);
#16124 = SURFACE_SIDE_STYLE('',(#16125));
#16125 = SURFACE_STYLE_FILL_AREA(#16126);
#16126 = FILL_AREA_STYLE('',(#16127));
#16127 = FILL_AREA_STYLE_COLOUR('',#14790);
#16128 = CURVE_STYLE('',#16129,POSITIVE_LENGTH_MEASURE(0.1),#14790);
#16129 = DRAUGHTING_PRE_DEFINED_CURVE_FONT('continuous');
#16130 = STYLED_ITEM('color',(#16131),#5674);
#16131 = PRESENTATION_STYLE_ASSIGNMENT((#16132,#16137));
#16132 = SURFACE_STYLE_USAGE(.BOTH.,#16133);
#16133 = SURFACE_SIDE_STYLE('',(#16134));
#16134 = SURFACE_STYLE_FILL_AREA(#16135);
#16135 = FILL_AREA_STYLE('',(#16136));
#16136 = FILL_AREA_STYLE_COLOUR('',#14790);
#16137 = CURVE_STYLE('',#16138,POSITIVE_LENGTH_MEASURE(0.1),#14790);
#16138 = DRAUGHTING_PRE_DEFINED_CURVE_FONT('continuous');
#16139 = STYLED_ITEM('color',(#16140),#5691);
#16140 = PRESENTATION_STYLE_ASSIGNMENT((#16141,#16146));
#16141 = SURFACE_STYLE_USAGE(.BOTH.,#16142);
#16142 = SURFACE_SIDE_STYLE('',(#16143));
#16143 = SURFACE_STYLE_FILL_AREA(#16144);
#16144 = FILL_AREA_STYLE('',(#16145));
#16145 = FILL_AREA_STYLE_COLOUR('',#14790);
#16146 = CURVE_STYLE('',#16147,POSITIVE_LENGTH_MEASURE(0.1),#14790);
#16147 = DRAUGHTING_PRE_DEFINED_CURVE_FONT('continuous');
#16148 = STYLED_ITEM('color',(#16149),#5710);
#16149 = PRESENTATION_STYLE_ASSIGNMENT((#16150,#16155));
#16150 = SURFACE_STYLE_USAGE(.BOTH.,#16151);
#16151 = SURFACE_SIDE_STYLE('',(#16152));
#16152 = SURFACE_STYLE_FILL_AREA(#16153);
#16153 = FILL_AREA_STYLE('',(#16154));
#16154 = FILL_AREA_STYLE_COLOUR('',#14790);
#16155 = CURVE_STYLE('',#16156,POSITIVE_LENGTH_MEASURE(0.1),#14790);
#16156 = DRAUGHTING_PRE_DEFINED_CURVE_FONT('continuous');
#16157 = STYLED_ITEM('color',(#16158),#5729);
#16158 = PRESENTATION_STYLE_ASSIGNMENT((#16159,#16164));
#16159 = SURFACE_STYLE_USAGE(.BOTH.,#16160);
#16160 = SURFACE_SIDE_STYLE('',(#16161));
#16161 = SURFACE_STYLE_FILL_AREA(#16162);
#16162 = FILL_AREA_STYLE('',(#16163));
#16163 = FILL_AREA_STYLE_COLOUR('',#14753);
#16164 = CURVE_STYLE('',#16165,POSITIVE_LENGTH_MEASURE(0.1),#14753);
#16165 = DRAUGHTING_PRE_DEFINED_CURVE_FONT('continuous');
#16166 = STYLED_ITEM('color',(#16167),#5775);
#16167 = PRESENTATION_STYLE_ASSIGNMENT((#16168,#16173));
#16168 = SURFACE_STYLE_USAGE(.BOTH.,#16169);
#16169 = SURFACE_SIDE_STYLE('',(#16170));
#16170 = SURFACE_STYLE_FILL_AREA(#16171);
#16171 = FILL_AREA_STYLE('',(#16172));
#16172 = FILL_AREA_STYLE_COLOUR('',#14753);
#16173 = CURVE_STYLE('',#16174,POSITIVE_LENGTH_MEASURE(0.1),#14753);
#16174 = DRAUGHTING_PRE_DEFINED_CURVE_FONT('continuous');
#16175 = STYLED_ITEM('color',(#16176),#5791);
#16176 = PRESENTATION_STYLE_ASSIGNMENT((#16177,#16182));
#16177 = SURFACE_STYLE_USAGE(.BOTH.,#16178);
#16178 = SURFACE_SIDE_STYLE('',(#16179));
#16179 = SURFACE_STYLE_FILL_AREA(#16180);
#16180 = FILL_AREA_STYLE('',(#16181));
#16181 = FILL_AREA_STYLE_COLOUR('',#14790);
#16182 = CURVE_STYLE('',#16183,POSITIVE_LENGTH_MEASURE(0.1),#14790);
#16183 = DRAUGHTING_PRE_DEFINED_CURVE_FONT('continuous');
#16184 = STYLED_ITEM('color',(#16185),#5810);
#16185 = PRESENTATION_STYLE_ASSIGNMENT((#16186,#16191));
#16186 = SURFACE_STYLE_USAGE(.BOTH.,#16187);
#16187 = SURFACE_SIDE_STYLE('',(#16188));
#16188 = SURFACE_STYLE_FILL_AREA(#16189);
#16189 = FILL_AREA_STYLE('',(#16190));
#16190 = FILL_AREA_STYLE_COLOUR('',#14753);
#16191 = CURVE_STYLE('',#16192,POSITIVE_LENGTH_MEASURE(0.1),#14753);
#16192 = DRAUGHTING_PRE_DEFINED_CURVE_FONT('continuous');
#16193 = STYLED_ITEM('color',(#16194),#5826);
#16194 = PRESENTATION_STYLE_ASSIGNMENT((#16195,#16200));
#16195 = SURFACE_STYLE_USAGE(.BOTH.,#16196);
#16196 = SURFACE_SIDE_STYLE('',(#16197));
#16197 = SURFACE_STYLE_FILL_AREA(#16198);
#16198 = FILL_AREA_STYLE('',(#16199));
#16199 = FILL_AREA_STYLE_COLOUR('',#14790);
#16200 = CURVE_STYLE('',#16201,POSITIVE_LENGTH_MEASURE(0.1),#14790);
#16201 = DRAUGHTING_PRE_DEFINED_CURVE_FONT('continuous');
#16202 = STYLED_ITEM('color',(#16203),#5843);
#16203 = PRESENTATION_STYLE_ASSIGNMENT((#16204,#16209));
#16204 = SURFACE_STYLE_USAGE(.BOTH.,#16205);
#16205 = SURFACE_SIDE_STYLE('',(#16206));
#16206 = SURFACE_STYLE_FILL_AREA(#16207);
#16207 = FILL_AREA_STYLE('',(#16208));
#16208 = FILL_AREA_STYLE_COLOUR('',#14753);
#16209 = CURVE_STYLE('',#16210,POSITIVE_LENGTH_MEASURE(0.1),#14753);
#16210 = DRAUGHTING_PRE_DEFINED_CURVE_FONT('continuous');
#16211 = STYLED_ITEM('color',(#16212),#5855);
#16212 = PRESENTATION_STYLE_ASSIGNMENT((#16213,#16218));
#16213 = SURFACE_STYLE_USAGE(.BOTH.,#16214);
#16214 = SURFACE_SIDE_STYLE('',(#16215));
#16215 = SURFACE_STYLE_FILL_AREA(#16216);
#16216 = FILL_AREA_STYLE('',(#16217));
#16217 = FILL_AREA_STYLE_COLOUR('',#14790);
#16218 = CURVE_STYLE('',#16219,POSITIVE_LENGTH_MEASURE(0.1),#14790);
#16219 = DRAUGHTING_PRE_DEFINED_CURVE_FONT('continuous');
#16220 = STYLED_ITEM('color',(#16221),#5872);
#16221 = PRESENTATION_STYLE_ASSIGNMENT((#16222,#16227));
#16222 = SURFACE_STYLE_USAGE(.BOTH.,#16223);
#16223 = SURFACE_SIDE_STYLE('',(#16224));
#16224 = SURFACE_STYLE_FILL_AREA(#16225);
#16225 = FILL_AREA_STYLE('',(#16226));
#16226 = FILL_AREA_STYLE_COLOUR('',#14790);
#16227 = CURVE_STYLE('',#16228,POSITIVE_LENGTH_MEASURE(0.1),#14790);
#16228 = DRAUGHTING_PRE_DEFINED_CURVE_FONT('continuous');
#16229 = STYLED_ITEM('color',(#16230),#5889);
#16230 = PRESENTATION_STYLE_ASSIGNMENT((#16231,#16236));
#16231 = SURFACE_STYLE_USAGE(.BOTH.,#16232);
#16232 = SURFACE_SIDE_STYLE('',(#16233));
#16233 = SURFACE_STYLE_FILL_AREA(#16234);
#16234 = FILL_AREA_STYLE('',(#16235));
#16235 = FILL_AREA_STYLE_COLOUR('',#14790);
#16236 = CURVE_STYLE('',#16237,POSITIVE_LENGTH_MEASURE(0.1),#14790);
#16237 = DRAUGHTING_PRE_DEFINED_CURVE_FONT('continuous');
#16238 = STYLED_ITEM('color',(#16239),#5906);
#16239 = PRESENTATION_STYLE_ASSIGNMENT((#16240,#16245));
#16240 = SURFACE_STYLE_USAGE(.BOTH.,#16241);
#16241 = SURFACE_SIDE_STYLE('',(#16242));
#16242 = SURFACE_STYLE_FILL_AREA(#16243);
#16243 = FILL_AREA_STYLE('',(#16244));
#16244 = FILL_AREA_STYLE_COLOUR('',#14790);
#16245 = CURVE_STYLE('',#16246,POSITIVE_LENGTH_MEASURE(0.1),#14790);
#16246 = DRAUGHTING_PRE_DEFINED_CURVE_FONT('continuous');
#16247 = STYLED_ITEM('color',(#16248),#5923);
#16248 = PRESENTATION_STYLE_ASSIGNMENT((#16249,#16254));
#16249 = SURFACE_STYLE_USAGE(.BOTH.,#16250);
#16250 = SURFACE_SIDE_STYLE('',(#16251));
#16251 = SURFACE_STYLE_FILL_AREA(#16252);
#16252 = FILL_AREA_STYLE('',(#16253));
#16253 = FILL_AREA_STYLE_COLOUR('',#14790);
#16254 = CURVE_STYLE('',#16255,POSITIVE_LENGTH_MEASURE(0.1),#14790);
#16255 = DRAUGHTING_PRE_DEFINED_CURVE_FONT('continuous');
#16256 = STYLED_ITEM('color',(#16257),#5940);
#16257 = PRESENTATION_STYLE_ASSIGNMENT((#16258,#16263));
#16258 = SURFACE_STYLE_USAGE(.BOTH.,#16259);
#16259 = SURFACE_SIDE_STYLE('',(#16260));
#16260 = SURFACE_STYLE_FILL_AREA(#16261);
#16261 = FILL_AREA_STYLE('',(#16262));
#16262 = FILL_AREA_STYLE_COLOUR('',#14790);
#16263 = CURVE_STYLE('',#16264,POSITIVE_LENGTH_MEASURE(0.1),#14790);
#16264 = DRAUGHTING_PRE_DEFINED_CURVE_FONT('continuous');
#16265 = STYLED_ITEM('color',(#16266),#5957);
#16266 = PRESENTATION_STYLE_ASSIGNMENT((#16267,#16272));
#16267 = SURFACE_STYLE_USAGE(.BOTH.,#16268);
#16268 = SURFACE_SIDE_STYLE('',(#16269));
#16269 = SURFACE_STYLE_FILL_AREA(#16270);
#16270 = FILL_AREA_STYLE('',(#16271));
#16271 = FILL_AREA_STYLE_COLOUR('',#14790);
#16272 = CURVE_STYLE('',#16273,POSITIVE_LENGTH_MEASURE(0.1),#14790);
#16273 = DRAUGHTING_PRE_DEFINED_CURVE_FONT('continuous');
#16274 = STYLED_ITEM('color',(#16275),#5974);
#16275 = PRESENTATION_STYLE_ASSIGNMENT((#16276,#16281));
#16276 = SURFACE_STYLE_USAGE(.BOTH.,#16277);
#16277 = SURFACE_SIDE_STYLE('',(#16278));
#16278 = SURFACE_STYLE_FILL_AREA(#16279);
#16279 = FILL_AREA_STYLE('',(#16280));
#16280 = FILL_AREA_STYLE_COLOUR('',#14790);
#16281 = CURVE_STYLE('',#16282,POSITIVE_LENGTH_MEASURE(0.1),#14790);
#16282 = DRAUGHTING_PRE_DEFINED_CURVE_FONT('continuous');
#16283 = STYLED_ITEM('color',(#16284),#5986);
#16284 = PRESENTATION_STYLE_ASSIGNMENT((#16285,#16290));
#16285 = SURFACE_STYLE_USAGE(.BOTH.,#16286);
#16286 = SURFACE_SIDE_STYLE('',(#16287));
#16287 = SURFACE_STYLE_FILL_AREA(#16288);
#16288 = FILL_AREA_STYLE('',(#16289));
#16289 = FILL_AREA_STYLE_COLOUR('',#14790);
#16290 = CURVE_STYLE('',#16291,POSITIVE_LENGTH_MEASURE(0.1),#14790);
#16291 = DRAUGHTING_PRE_DEFINED_CURVE_FONT('continuous');
#16292 = STYLED_ITEM('color',(#16293),#6003);
#16293 = PRESENTATION_STYLE_ASSIGNMENT((#16294,#16299));
#16294 = SURFACE_STYLE_USAGE(.BOTH.,#16295);
#16295 = SURFACE_SIDE_STYLE('',(#16296));
#16296 = SURFACE_STYLE_FILL_AREA(#16297);
#16297 = FILL_AREA_STYLE('',(#16298));
#16298 = FILL_AREA_STYLE_COLOUR('',#14790);
#16299 = CURVE_STYLE('',#16300,POSITIVE_LENGTH_MEASURE(0.1),#14790);
#16300 = DRAUGHTING_PRE_DEFINED_CURVE_FONT('continuous');
#16301 = STYLED_ITEM('color',(#16302),#6020);
#16302 = PRESENTATION_STYLE_ASSIGNMENT((#16303,#16308));
#16303 = SURFACE_STYLE_USAGE(.BOTH.,#16304);
#16304 = SURFACE_SIDE_STYLE('',(#16305));
#16305 = SURFACE_STYLE_FILL_AREA(#16306);
#16306 = FILL_AREA_STYLE('',(#16307));
#16307 = FILL_AREA_STYLE_COLOUR('',#14790);
#16308 = CURVE_STYLE('',#16309,POSITIVE_LENGTH_MEASURE(0.1),#14790);
#16309 = DRAUGHTING_PRE_DEFINED_CURVE_FONT('continuous');
#16310 = STYLED_ITEM('color',(#16311),#6037);
#16311 = PRESENTATION_STYLE_ASSIGNMENT((#16312,#16317));
#16312 = SURFACE_STYLE_USAGE(.BOTH.,#16313);
#16313 = SURFACE_SIDE_STYLE('',(#16314));
#16314 = SURFACE_STYLE_FILL_AREA(#16315);
#16315 = FILL_AREA_STYLE('',(#16316));
#16316 = FILL_AREA_STYLE_COLOUR('',#14790);
#16317 = CURVE_STYLE('',#16318,POSITIVE_LENGTH_MEASURE(0.1),#14790);
#16318 = DRAUGHTING_PRE_DEFINED_CURVE_FONT('continuous');
#16319 = STYLED_ITEM('color',(#16320),#6054);
#16320 = PRESENTATION_STYLE_ASSIGNMENT((#16321,#16326));
#16321 = SURFACE_STYLE_USAGE(.BOTH.,#16322);
#16322 = SURFACE_SIDE_STYLE('',(#16323));
#16323 = SURFACE_STYLE_FILL_AREA(#16324);
#16324 = FILL_AREA_STYLE('',(#16325));
#16325 = FILL_AREA_STYLE_COLOUR('',#14790);
#16326 = CURVE_STYLE('',#16327,POSITIVE_LENGTH_MEASURE(0.1),#14790);
#16327 = DRAUGHTING_PRE_DEFINED_CURVE_FONT('continuous');
#16328 = STYLED_ITEM('color',(#16329),#6071);
#16329 = PRESENTATION_STYLE_ASSIGNMENT((#16330,#16335));
#16330 = SURFACE_STYLE_USAGE(.BOTH.,#16331);
#16331 = SURFACE_SIDE_STYLE('',(#16332));
#16332 = SURFACE_STYLE_FILL_AREA(#16333);
#16333 = FILL_AREA_STYLE('',(#16334));
#16334 = FILL_AREA_STYLE_COLOUR('',#14790);
#16335 = CURVE_STYLE('',#16336,POSITIVE_LENGTH_MEASURE(0.1),#14790);
#16336 = DRAUGHTING_PRE_DEFINED_CURVE_FONT('continuous');
#16337 = STYLED_ITEM('color',(#16338),#6088);
#16338 = PRESENTATION_STYLE_ASSIGNMENT((#16339,#16344));
#16339 = SURFACE_STYLE_USAGE(.BOTH.,#16340);
#16340 = SURFACE_SIDE_STYLE('',(#16341));
#16341 = SURFACE_STYLE_FILL_AREA(#16342);
#16342 = FILL_AREA_STYLE('',(#16343));
#16343 = FILL_AREA_STYLE_COLOUR('',#14790);
#16344 = CURVE_STYLE('',#16345,POSITIVE_LENGTH_MEASURE(0.1),#14790);
#16345 = DRAUGHTING_PRE_DEFINED_CURVE_FONT('continuous');
#16346 = STYLED_ITEM('color',(#16347),#6105);
#16347 = PRESENTATION_STYLE_ASSIGNMENT((#16348,#16353));
#16348 = SURFACE_STYLE_USAGE(.BOTH.,#16349);
#16349 = SURFACE_SIDE_STYLE('',(#16350));
#16350 = SURFACE_STYLE_FILL_AREA(#16351);
#16351 = FILL_AREA_STYLE('',(#16352));
#16352 = FILL_AREA_STYLE_COLOUR('',#14790);
#16353 = CURVE_STYLE('',#16354,POSITIVE_LENGTH_MEASURE(0.1),#14790);
#16354 = DRAUGHTING_PRE_DEFINED_CURVE_FONT('continuous');
#16355 = STYLED_ITEM('color',(#16356),#6117);
#16356 = PRESENTATION_STYLE_ASSIGNMENT((#16357,#16362));
#16357 = SURFACE_STYLE_USAGE(.BOTH.,#16358);
#16358 = SURFACE_SIDE_STYLE('',(#16359));
#16359 = SURFACE_STYLE_FILL_AREA(#16360);
#16360 = FILL_AREA_STYLE('',(#16361));
#16361 = FILL_AREA_STYLE_COLOUR('',#14790);
#16362 = CURVE_STYLE('',#16363,POSITIVE_LENGTH_MEASURE(0.1),#14790);
#16363 = DRAUGHTING_PRE_DEFINED_CURVE_FONT('continuous');
#16364 = STYLED_ITEM('color',(#16365),#6134);
#16365 = PRESENTATION_STYLE_ASSIGNMENT((#16366,#16371));
#16366 = SURFACE_STYLE_USAGE(.BOTH.,#16367);
#16367 = SURFACE_SIDE_STYLE('',(#16368));
#16368 = SURFACE_STYLE_FILL_AREA(#16369);
#16369 = FILL_AREA_STYLE('',(#16370));
#16370 = FILL_AREA_STYLE_COLOUR('',#14790);
#16371 = CURVE_STYLE('',#16372,POSITIVE_LENGTH_MEASURE(0.1),#14790);
#16372 = DRAUGHTING_PRE_DEFINED_CURVE_FONT('continuous');
#16373 = STYLED_ITEM('color',(#16374),#6151);
#16374 = PRESENTATION_STYLE_ASSIGNMENT((#16375,#16380));
#16375 = SURFACE_STYLE_USAGE(.BOTH.,#16376);
#16376 = SURFACE_SIDE_STYLE('',(#16377));
#16377 = SURFACE_STYLE_FILL_AREA(#16378);
#16378 = FILL_AREA_STYLE('',(#16379));
#16379 = FILL_AREA_STYLE_COLOUR('',#14790);
#16380 = CURVE_STYLE('',#16381,POSITIVE_LENGTH_MEASURE(0.1),#14790);
#16381 = DRAUGHTING_PRE_DEFINED_CURVE_FONT('continuous');
#16382 = STYLED_ITEM('color',(#16383),#6168);
#16383 = PRESENTATION_STYLE_ASSIGNMENT((#16384,#16389));
#16384 = SURFACE_STYLE_USAGE(.BOTH.,#16385);
#16385 = SURFACE_SIDE_STYLE('',(#16386));
#16386 = SURFACE_STYLE_FILL_AREA(#16387);
#16387 = FILL_AREA_STYLE('',(#16388));
#16388 = FILL_AREA_STYLE_COLOUR('',#14790);
#16389 = CURVE_STYLE('',#16390,POSITIVE_LENGTH_MEASURE(0.1),#14790);
#16390 = DRAUGHTING_PRE_DEFINED_CURVE_FONT('continuous');
#16391 = STYLED_ITEM('color',(#16392),#6185);
#16392 = PRESENTATION_STYLE_ASSIGNMENT((#16393,#16398));
#16393 = SURFACE_STYLE_USAGE(.BOTH.,#16394);
#16394 = SURFACE_SIDE_STYLE('',(#16395));
#16395 = SURFACE_STYLE_FILL_AREA(#16396);
#16396 = FILL_AREA_STYLE('',(#16397));
#16397 = FILL_AREA_STYLE_COLOUR('',#14790);
#16398 = CURVE_STYLE('',#16399,POSITIVE_LENGTH_MEASURE(0.1),#14790);
#16399 = DRAUGHTING_PRE_DEFINED_CURVE_FONT('continuous');
#16400 = STYLED_ITEM('color',(#16401),#6202);
#16401 = PRESENTATION_STYLE_ASSIGNMENT((#16402,#16407));
#16402 = SURFACE_STYLE_USAGE(.BOTH.,#16403);
#16403 = SURFACE_SIDE_STYLE('',(#16404));
#16404 = SURFACE_STYLE_FILL_AREA(#16405);
#16405 = FILL_AREA_STYLE('',(#16406));
#16406 = FILL_AREA_STYLE_COLOUR('',#14790);
#16407 = CURVE_STYLE('',#16408,POSITIVE_LENGTH_MEASURE(0.1),#14790);
#16408 = DRAUGHTING_PRE_DEFINED_CURVE_FONT('continuous');
#16409 = STYLED_ITEM('color',(#16410),#6219);
#16410 = PRESENTATION_STYLE_ASSIGNMENT((#16411,#16416));
#16411 = SURFACE_STYLE_USAGE(.BOTH.,#16412);
#16412 = SURFACE_SIDE_STYLE('',(#16413));
#16413 = SURFACE_STYLE_FILL_AREA(#16414);
#16414 = FILL_AREA_STYLE('',(#16415));
#16415 = FILL_AREA_STYLE_COLOUR('',#14790);
#16416 = CURVE_STYLE('',#16417,POSITIVE_LENGTH_MEASURE(0.1),#14790);
#16417 = DRAUGHTING_PRE_DEFINED_CURVE_FONT('continuous');
#16418 = STYLED_ITEM('color',(#16419),#6231);
#16419 = PRESENTATION_STYLE_ASSIGNMENT((#16420,#16425));
#16420 = SURFACE_STYLE_USAGE(.BOTH.,#16421);
#16421 = SURFACE_SIDE_STYLE('',(#16422));
#16422 = SURFACE_STYLE_FILL_AREA(#16423);
#16423 = FILL_AREA_STYLE('',(#16424));
#16424 = FILL_AREA_STYLE_COLOUR('',#14790);
#16425 = CURVE_STYLE('',#16426,POSITIVE_LENGTH_MEASURE(0.1),#14790);
#16426 = DRAUGHTING_PRE_DEFINED_CURVE_FONT('continuous');
#16427 = STYLED_ITEM('color',(#16428),#6248);
#16428 = PRESENTATION_STYLE_ASSIGNMENT((#16429,#16434));
#16429 = SURFACE_STYLE_USAGE(.BOTH.,#16430);
#16430 = SURFACE_SIDE_STYLE('',(#16431));
#16431 = SURFACE_STYLE_FILL_AREA(#16432);
#16432 = FILL_AREA_STYLE('',(#16433));
#16433 = FILL_AREA_STYLE_COLOUR('',#14790);
#16434 = CURVE_STYLE('',#16435,POSITIVE_LENGTH_MEASURE(0.1),#14790);
#16435 = DRAUGHTING_PRE_DEFINED_CURVE_FONT('continuous');
#16436 = STYLED_ITEM('color',(#16437),#6265);
#16437 = PRESENTATION_STYLE_ASSIGNMENT((#16438,#16443));
#16438 = SURFACE_STYLE_USAGE(.BOTH.,#16439);
#16439 = SURFACE_SIDE_STYLE('',(#16440));
#16440 = SURFACE_STYLE_FILL_AREA(#16441);
#16441 = FILL_AREA_STYLE('',(#16442));
#16442 = FILL_AREA_STYLE_COLOUR('',#14790);
#16443 = CURVE_STYLE('',#16444,POSITIVE_LENGTH_MEASURE(0.1),#14790);
#16444 = DRAUGHTING_PRE_DEFINED_CURVE_FONT('continuous');
#16445 = STYLED_ITEM('color',(#16446),#6282);
#16446 = PRESENTATION_STYLE_ASSIGNMENT((#16447,#16452));
#16447 = SURFACE_STYLE_USAGE(.BOTH.,#16448);
#16448 = SURFACE_SIDE_STYLE('',(#16449));
#16449 = SURFACE_STYLE_FILL_AREA(#16450);
#16450 = FILL_AREA_STYLE('',(#16451));
#16451 = FILL_AREA_STYLE_COLOUR('',#14790);
#16452 = CURVE_STYLE('',#16453,POSITIVE_LENGTH_MEASURE(0.1),#14790);
#16453 = DRAUGHTING_PRE_DEFINED_CURVE_FONT('continuous');
#16454 = STYLED_ITEM('color',(#16455),#6299);
#16455 = PRESENTATION_STYLE_ASSIGNMENT((#16456,#16461));
#16456 = SURFACE_STYLE_USAGE(.BOTH.,#16457);
#16457 = SURFACE_SIDE_STYLE('',(#16458));
#16458 = SURFACE_STYLE_FILL_AREA(#16459);
#16459 = FILL_AREA_STYLE('',(#16460));
#16460 = FILL_AREA_STYLE_COLOUR('',#14790);
#16461 = CURVE_STYLE('',#16462,POSITIVE_LENGTH_MEASURE(0.1),#14790);
#16462 = DRAUGHTING_PRE_DEFINED_CURVE_FONT('continuous');
#16463 = STYLED_ITEM('color',(#16464),#6316);
#16464 = PRESENTATION_STYLE_ASSIGNMENT((#16465,#16470));
#16465 = SURFACE_STYLE_USAGE(.BOTH.,#16466);
#16466 = SURFACE_SIDE_STYLE('',(#16467));
#16467 = SURFACE_STYLE_FILL_AREA(#16468);
#16468 = FILL_AREA_STYLE('',(#16469));
#16469 = FILL_AREA_STYLE_COLOUR('',#14790);
#16470 = CURVE_STYLE('',#16471,POSITIVE_LENGTH_MEASURE(0.1),#14790);
#16471 = DRAUGHTING_PRE_DEFINED_CURVE_FONT('continuous');
#16472 = STYLED_ITEM('color',(#16473),#6333);
#16473 = PRESENTATION_STYLE_ASSIGNMENT((#16474,#16479));
#16474 = SURFACE_STYLE_USAGE(.BOTH.,#16475);
#16475 = SURFACE_SIDE_STYLE('',(#16476));
#16476 = SURFACE_STYLE_FILL_AREA(#16477);
#16477 = FILL_AREA_STYLE('',(#16478));
#16478 = FILL_AREA_STYLE_COLOUR('',#14790);
#16479 = CURVE_STYLE('',#16480,POSITIVE_LENGTH_MEASURE(0.1),#14790);
#16480 = DRAUGHTING_PRE_DEFINED_CURVE_FONT('continuous');
#16481 = STYLED_ITEM('color',(#16482),#6345);
#16482 = PRESENTATION_STYLE_ASSIGNMENT((#16483,#16488));
#16483 = SURFACE_STYLE_USAGE(.BOTH.,#16484);
#16484 = SURFACE_SIDE_STYLE('',(#16485));
#16485 = SURFACE_STYLE_FILL_AREA(#16486);
#16486 = FILL_AREA_STYLE('',(#16487));
#16487 = FILL_AREA_STYLE_COLOUR('',#14790);
#16488 = CURVE_STYLE('',#16489,POSITIVE_LENGTH_MEASURE(0.1),#14790);
#16489 = DRAUGHTING_PRE_DEFINED_CURVE_FONT('continuous');
#16490 = STYLED_ITEM('color',(#16491),#6362);
#16491 = PRESENTATION_STYLE_ASSIGNMENT((#16492,#16497));
#16492 = SURFACE_STYLE_USAGE(.BOTH.,#16493);
#16493 = SURFACE_SIDE_STYLE('',(#16494));
#16494 = SURFACE_STYLE_FILL_AREA(#16495);
#16495 = FILL_AREA_STYLE('',(#16496));
#16496 = FILL_AREA_STYLE_COLOUR('',#14790);
#16497 = CURVE_STYLE('',#16498,POSITIVE_LENGTH_MEASURE(0.1),#14790);
#16498 = DRAUGHTING_PRE_DEFINED_CURVE_FONT('continuous');
#16499 = STYLED_ITEM('color',(#16500),#6379);
#16500 = PRESENTATION_STYLE_ASSIGNMENT((#16501,#16506));
#16501 = SURFACE_STYLE_USAGE(.BOTH.,#16502);
#16502 = SURFACE_SIDE_STYLE('',(#16503));
#16503 = SURFACE_STYLE_FILL_AREA(#16504);
#16504 = FILL_AREA_STYLE('',(#16505));
#16505 = FILL_AREA_STYLE_COLOUR('',#14790);
#16506 = CURVE_STYLE('',#16507,POSITIVE_LENGTH_MEASURE(0.1),#14790);
#16507 = DRAUGHTING_PRE_DEFINED_CURVE_FONT('continuous');
#16508 = STYLED_ITEM('color',(#16509),#6396);
#16509 = PRESENTATION_STYLE_ASSIGNMENT((#16510,#16515));
#16510 = SURFACE_STYLE_USAGE(.BOTH.,#16511);
#16511 = SURFACE_SIDE_STYLE('',(#16512));
#16512 = SURFACE_STYLE_FILL_AREA(#16513);
#16513 = FILL_AREA_STYLE('',(#16514));
#16514 = FILL_AREA_STYLE_COLOUR('',#14790);
#16515 = CURVE_STYLE('',#16516,POSITIVE_LENGTH_MEASURE(0.1),#14790);
#16516 = DRAUGHTING_PRE_DEFINED_CURVE_FONT('continuous');
#16517 = STYLED_ITEM('color',(#16518),#6413);
#16518 = PRESENTATION_STYLE_ASSIGNMENT((#16519,#16524));
#16519 = SURFACE_STYLE_USAGE(.BOTH.,#16520);
#16520 = SURFACE_SIDE_STYLE('',(#16521));
#16521 = SURFACE_STYLE_FILL_AREA(#16522);
#16522 = FILL_AREA_STYLE('',(#16523));
#16523 = FILL_AREA_STYLE_COLOUR('',#14790);
#16524 = CURVE_STYLE('',#16525,POSITIVE_LENGTH_MEASURE(0.1),#14790);
#16525 = DRAUGHTING_PRE_DEFINED_CURVE_FONT('continuous');
#16526 = STYLED_ITEM('color',(#16527),#6430);
#16527 = PRESENTATION_STYLE_ASSIGNMENT((#16528,#16533));
#16528 = SURFACE_STYLE_USAGE(.BOTH.,#16529);
#16529 = SURFACE_SIDE_STYLE('',(#16530));
#16530 = SURFACE_STYLE_FILL_AREA(#16531);
#16531 = FILL_AREA_STYLE('',(#16532));
#16532 = FILL_AREA_STYLE_COLOUR('',#14790);
#16533 = CURVE_STYLE('',#16534,POSITIVE_LENGTH_MEASURE(0.1),#14790);
#16534 = DRAUGHTING_PRE_DEFINED_CURVE_FONT('continuous');
#16535 = STYLED_ITEM('color',(#16536),#6447);
#16536 = PRESENTATION_STYLE_ASSIGNMENT((#16537,#16542));
#16537 = SURFACE_STYLE_USAGE(.BOTH.,#16538);
#16538 = SURFACE_SIDE_STYLE('',(#16539));
#16539 = SURFACE_STYLE_FILL_AREA(#16540);
#16540 = FILL_AREA_STYLE('',(#16541));
#16541 = FILL_AREA_STYLE_COLOUR('',#14790);
#16542 = CURVE_STYLE('',#16543,POSITIVE_LENGTH_MEASURE(0.1),#14790);
#16543 = DRAUGHTING_PRE_DEFINED_CURVE_FONT('continuous');
#16544 = STYLED_ITEM('color',(#16545),#6464);
#16545 = PRESENTATION_STYLE_ASSIGNMENT((#16546,#16551));
#16546 = SURFACE_STYLE_USAGE(.BOTH.,#16547);
#16547 = SURFACE_SIDE_STYLE('',(#16548));
#16548 = SURFACE_STYLE_FILL_AREA(#16549);
#16549 = FILL_AREA_STYLE('',(#16550));
#16550 = FILL_AREA_STYLE_COLOUR('',#14790);
#16551 = CURVE_STYLE('',#16552,POSITIVE_LENGTH_MEASURE(0.1),#14790);
#16552 = DRAUGHTING_PRE_DEFINED_CURVE_FONT('continuous');
#16553 = STYLED_ITEM('color',(#16554),#6476);
#16554 = PRESENTATION_STYLE_ASSIGNMENT((#16555,#16560));
#16555 = SURFACE_STYLE_USAGE(.BOTH.,#16556);
#16556 = SURFACE_SIDE_STYLE('',(#16557));
#16557 = SURFACE_STYLE_FILL_AREA(#16558);
#16558 = FILL_AREA_STYLE('',(#16559));
#16559 = FILL_AREA_STYLE_COLOUR('',#15241);
#16560 = CURVE_STYLE('',#16561,POSITIVE_LENGTH_MEASURE(0.1),#15241);
#16561 = DRAUGHTING_PRE_DEFINED_CURVE_FONT('continuous');
#16562 = MECHANICAL_DESIGN_GEOMETRIC_PRESENTATION_REPRESENTATION('',(
    #16563,#16571,#16578,#16585,#16592,#16599,#16606,#16613,#16620,
    #16627,#16634,#16641,#16648,#16655,#16662,#16669,#16676,#16683,
    #16690,#16697,#16704,#16711,#16718,#16725,#16732,#16739,#16746,
    #16753,#16760,#16767,#16774,#16781,#16788,#16795,#16802,#16809,
    #16816,#16823,#16830,#16837,#16844,#16851,#16858,#16865,#16872,
    #16879,#16886,#16893,#16900,#16907,#16914,#16921),#10775);
#16563 = STYLED_ITEM('color',(#16564),#9345);
#16564 = PRESENTATION_STYLE_ASSIGNMENT((#16565));
#16565 = SURFACE_STYLE_USAGE(.BOTH.,#16566);
#16566 = SURFACE_SIDE_STYLE('',(#16567));
#16567 = SURFACE_STYLE_FILL_AREA(#16568);
#16568 = FILL_AREA_STYLE('',(#16569));
#16569 = FILL_AREA_STYLE_COLOUR('',#16570);
#16570 = COLOUR_RGB('',0.147999998088,0.144999993226,0.144999993226);
#16571 = STYLED_ITEM('color',(#16572),#9385);
#16572 = PRESENTATION_STYLE_ASSIGNMENT((#16573));
#16573 = SURFACE_STYLE_USAGE(.BOTH.,#16574);
#16574 = SURFACE_SIDE_STYLE('',(#16575));
#16575 = SURFACE_STYLE_FILL_AREA(#16576);
#16576 = FILL_AREA_STYLE('',(#16577));
#16577 = FILL_AREA_STYLE_COLOUR('',#16570);
#16578 = STYLED_ITEM('color',(#16579),#9416);
#16579 = PRESENTATION_STYLE_ASSIGNMENT((#16580));
#16580 = SURFACE_STYLE_USAGE(.BOTH.,#16581);
#16581 = SURFACE_SIDE_STYLE('',(#16582));
#16582 = SURFACE_STYLE_FILL_AREA(#16583);
#16583 = FILL_AREA_STYLE('',(#16584));
#16584 = FILL_AREA_STYLE_COLOUR('',#16570);
#16585 = STYLED_ITEM('color',(#16586),#9447);
#16586 = PRESENTATION_STYLE_ASSIGNMENT((#16587));
#16587 = SURFACE_STYLE_USAGE(.BOTH.,#16588);
#16588 = SURFACE_SIDE_STYLE('',(#16589));
#16589 = SURFACE_STYLE_FILL_AREA(#16590);
#16590 = FILL_AREA_STYLE('',(#16591));
#16591 = FILL_AREA_STYLE_COLOUR('',#16570);
#16592 = STYLED_ITEM('color',(#16593),#9612);
#16593 = PRESENTATION_STYLE_ASSIGNMENT((#16594));
#16594 = SURFACE_STYLE_USAGE(.BOTH.,#16595);
#16595 = SURFACE_SIDE_STYLE('',(#16596));
#16596 = SURFACE_STYLE_FILL_AREA(#16597);
#16597 = FILL_AREA_STYLE('',(#16598));
#16598 = FILL_AREA_STYLE_COLOUR('',#16570);
#16599 = STYLED_ITEM('color',(#16600),#9777);
#16600 = PRESENTATION_STYLE_ASSIGNMENT((#16601));
#16601 = SURFACE_STYLE_USAGE(.BOTH.,#16602);
#16602 = SURFACE_SIDE_STYLE('',(#16603));
#16603 = SURFACE_STYLE_FILL_AREA(#16604);
#16604 = FILL_AREA_STYLE('',(#16605));
#16605 = FILL_AREA_STYLE_COLOUR('',#16570);
#16606 = STYLED_ITEM('color',(#16607),#9794);
#16607 = PRESENTATION_STYLE_ASSIGNMENT((#16608));
#16608 = SURFACE_STYLE_USAGE(.BOTH.,#16609);
#16609 = SURFACE_SIDE_STYLE('',(#16610));
#16610 = SURFACE_STYLE_FILL_AREA(#16611);
#16611 = FILL_AREA_STYLE('',(#16612));
#16612 = FILL_AREA_STYLE_COLOUR('',#16570);
#16613 = STYLED_ITEM('color',(#16614),#9811);
#16614 = PRESENTATION_STYLE_ASSIGNMENT((#16615));
#16615 = SURFACE_STYLE_USAGE(.BOTH.,#16616);
#16616 = SURFACE_SIDE_STYLE('',(#16617));
#16617 = SURFACE_STYLE_FILL_AREA(#16618);
#16618 = FILL_AREA_STYLE('',(#16619));
#16619 = FILL_AREA_STYLE_COLOUR('',#16570);
#16620 = STYLED_ITEM('color',(#16621),#9828);
#16621 = PRESENTATION_STYLE_ASSIGNMENT((#16622));
#16622 = SURFACE_STYLE_USAGE(.BOTH.,#16623);
#16623 = SURFACE_SIDE_STYLE('',(#16624));
#16624 = SURFACE_STYLE_FILL_AREA(#16625);
#16625 = FILL_AREA_STYLE('',(#16626));
#16626 = FILL_AREA_STYLE_COLOUR('',#16570);
#16627 = STYLED_ITEM('color',(#16628),#9845);
#16628 = PRESENTATION_STYLE_ASSIGNMENT((#16629));
#16629 = SURFACE_STYLE_USAGE(.BOTH.,#16630);
#16630 = SURFACE_SIDE_STYLE('',(#16631));
#16631 = SURFACE_STYLE_FILL_AREA(#16632);
#16632 = FILL_AREA_STYLE('',(#16633));
#16633 = FILL_AREA_STYLE_COLOUR('',#16570);
#16634 = STYLED_ITEM('color',(#16635),#9862);
#16635 = PRESENTATION_STYLE_ASSIGNMENT((#16636));
#16636 = SURFACE_STYLE_USAGE(.BOTH.,#16637);
#16637 = SURFACE_SIDE_STYLE('',(#16638));
#16638 = SURFACE_STYLE_FILL_AREA(#16639);
#16639 = FILL_AREA_STYLE('',(#16640));
#16640 = FILL_AREA_STYLE_COLOUR('',#16570);
#16641 = STYLED_ITEM('color',(#16642),#9879);
#16642 = PRESENTATION_STYLE_ASSIGNMENT((#16643));
#16643 = SURFACE_STYLE_USAGE(.BOTH.,#16644);
#16644 = SURFACE_SIDE_STYLE('',(#16645));
#16645 = SURFACE_STYLE_FILL_AREA(#16646);
#16646 = FILL_AREA_STYLE('',(#16647));
#16647 = FILL_AREA_STYLE_COLOUR('',#16570);
#16648 = STYLED_ITEM('color',(#16649),#9896);
#16649 = PRESENTATION_STYLE_ASSIGNMENT((#16650));
#16650 = SURFACE_STYLE_USAGE(.BOTH.,#16651);
#16651 = SURFACE_SIDE_STYLE('',(#16652));
#16652 = SURFACE_STYLE_FILL_AREA(#16653);
#16653 = FILL_AREA_STYLE('',(#16654));
#16654 = FILL_AREA_STYLE_COLOUR('',#16570);
#16655 = STYLED_ITEM('color',(#16656),#9913);
#16656 = PRESENTATION_STYLE_ASSIGNMENT((#16657));
#16657 = SURFACE_STYLE_USAGE(.BOTH.,#16658);
#16658 = SURFACE_SIDE_STYLE('',(#16659));
#16659 = SURFACE_STYLE_FILL_AREA(#16660);
#16660 = FILL_AREA_STYLE('',(#16661));
#16661 = FILL_AREA_STYLE_COLOUR('',#16570);
#16662 = STYLED_ITEM('color',(#16663),#9930);
#16663 = PRESENTATION_STYLE_ASSIGNMENT((#16664));
#16664 = SURFACE_STYLE_USAGE(.BOTH.,#16665);
#16665 = SURFACE_SIDE_STYLE('',(#16666));
#16666 = SURFACE_STYLE_FILL_AREA(#16667);
#16667 = FILL_AREA_STYLE('',(#16668));
#16668 = FILL_AREA_STYLE_COLOUR('',#16570);
#16669 = STYLED_ITEM('color',(#16670),#9947);
#16670 = PRESENTATION_STYLE_ASSIGNMENT((#16671));
#16671 = SURFACE_STYLE_USAGE(.BOTH.,#16672);
#16672 = SURFACE_SIDE_STYLE('',(#16673));
#16673 = SURFACE_STYLE_FILL_AREA(#16674);
#16674 = FILL_AREA_STYLE('',(#16675));
#16675 = FILL_AREA_STYLE_COLOUR('',#16570);
#16676 = STYLED_ITEM('color',(#16677),#9959);
#16677 = PRESENTATION_STYLE_ASSIGNMENT((#16678));
#16678 = SURFACE_STYLE_USAGE(.BOTH.,#16679);
#16679 = SURFACE_SIDE_STYLE('',(#16680));
#16680 = SURFACE_STYLE_FILL_AREA(#16681);
#16681 = FILL_AREA_STYLE('',(#16682));
#16682 = FILL_AREA_STYLE_COLOUR('',#15347);
#16683 = STYLED_ITEM('color',(#16684),#9990);
#16684 = PRESENTATION_STYLE_ASSIGNMENT((#16685));
#16685 = SURFACE_STYLE_USAGE(.BOTH.,#16686);
#16686 = SURFACE_SIDE_STYLE('',(#16687));
#16687 = SURFACE_STYLE_FILL_AREA(#16688);
#16688 = FILL_AREA_STYLE('',(#16689));
#16689 = FILL_AREA_STYLE_COLOUR('',#15347);
#16690 = STYLED_ITEM('color',(#16691),#10014);
#16691 = PRESENTATION_STYLE_ASSIGNMENT((#16692));
#16692 = SURFACE_STYLE_USAGE(.BOTH.,#16693);
#16693 = SURFACE_SIDE_STYLE('',(#16694));
#16694 = SURFACE_STYLE_FILL_AREA(#16695);
#16695 = FILL_AREA_STYLE('',(#16696));
#16696 = FILL_AREA_STYLE_COLOUR('',#15347);
#16697 = STYLED_ITEM('color',(#16698),#10038);
#16698 = PRESENTATION_STYLE_ASSIGNMENT((#16699));
#16699 = SURFACE_STYLE_USAGE(.BOTH.,#16700);
#16700 = SURFACE_SIDE_STYLE('',(#16701));
#16701 = SURFACE_STYLE_FILL_AREA(#16702);
#16702 = FILL_AREA_STYLE('',(#16703));
#16703 = FILL_AREA_STYLE_COLOUR('',#15347);
#16704 = STYLED_ITEM('color',(#16705),#10055);
#16705 = PRESENTATION_STYLE_ASSIGNMENT((#16706));
#16706 = SURFACE_STYLE_USAGE(.BOTH.,#16707);
#16707 = SURFACE_SIDE_STYLE('',(#16708));
#16708 = SURFACE_STYLE_FILL_AREA(#16709);
#16709 = FILL_AREA_STYLE('',(#16710));
#16710 = FILL_AREA_STYLE_COLOUR('',#15347);
#16711 = STYLED_ITEM('color',(#16712),#10086);
#16712 = PRESENTATION_STYLE_ASSIGNMENT((#16713));
#16713 = SURFACE_STYLE_USAGE(.BOTH.,#16714);
#16714 = SURFACE_SIDE_STYLE('',(#16715));
#16715 = SURFACE_STYLE_FILL_AREA(#16716);
#16716 = FILL_AREA_STYLE('',(#16717));
#16717 = FILL_AREA_STYLE_COLOUR('',#15347);
#16718 = STYLED_ITEM('color',(#16719),#10110);
#16719 = PRESENTATION_STYLE_ASSIGNMENT((#16720));
#16720 = SURFACE_STYLE_USAGE(.BOTH.,#16721);
#16721 = SURFACE_SIDE_STYLE('',(#16722));
#16722 = SURFACE_STYLE_FILL_AREA(#16723);
#16723 = FILL_AREA_STYLE('',(#16724));
#16724 = FILL_AREA_STYLE_COLOUR('',#15347);
#16725 = STYLED_ITEM('color',(#16726),#10134);
#16726 = PRESENTATION_STYLE_ASSIGNMENT((#16727));
#16727 = SURFACE_STYLE_USAGE(.BOTH.,#16728);
#16728 = SURFACE_SIDE_STYLE('',(#16729));
#16729 = SURFACE_STYLE_FILL_AREA(#16730);
#16730 = FILL_AREA_STYLE('',(#16731));
#16731 = FILL_AREA_STYLE_COLOUR('',#15347);
#16732 = STYLED_ITEM('color',(#16733),#10151);
#16733 = PRESENTATION_STYLE_ASSIGNMENT((#16734));
#16734 = SURFACE_STYLE_USAGE(.BOTH.,#16735);
#16735 = SURFACE_SIDE_STYLE('',(#16736));
#16736 = SURFACE_STYLE_FILL_AREA(#16737);
#16737 = FILL_AREA_STYLE('',(#16738));
#16738 = FILL_AREA_STYLE_COLOUR('',#15347);
#16739 = STYLED_ITEM('color',(#16740),#10182);
#16740 = PRESENTATION_STYLE_ASSIGNMENT((#16741));
#16741 = SURFACE_STYLE_USAGE(.BOTH.,#16742);
#16742 = SURFACE_SIDE_STYLE('',(#16743));
#16743 = SURFACE_STYLE_FILL_AREA(#16744);
#16744 = FILL_AREA_STYLE('',(#16745));
#16745 = FILL_AREA_STYLE_COLOUR('',#15347);
#16746 = STYLED_ITEM('color',(#16747),#10206);
#16747 = PRESENTATION_STYLE_ASSIGNMENT((#16748));
#16748 = SURFACE_STYLE_USAGE(.BOTH.,#16749);
#16749 = SURFACE_SIDE_STYLE('',(#16750));
#16750 = SURFACE_STYLE_FILL_AREA(#16751);
#16751 = FILL_AREA_STYLE('',(#16752));
#16752 = FILL_AREA_STYLE_COLOUR('',#15347);
#16753 = STYLED_ITEM('color',(#16754),#10230);
#16754 = PRESENTATION_STYLE_ASSIGNMENT((#16755));
#16755 = SURFACE_STYLE_USAGE(.BOTH.,#16756);
#16756 = SURFACE_SIDE_STYLE('',(#16757));
#16757 = SURFACE_STYLE_FILL_AREA(#16758);
#16758 = FILL_AREA_STYLE('',(#16759));
#16759 = FILL_AREA_STYLE_COLOUR('',#15347);
#16760 = STYLED_ITEM('color',(#16761),#10247);
#16761 = PRESENTATION_STYLE_ASSIGNMENT((#16762));
#16762 = SURFACE_STYLE_USAGE(.BOTH.,#16763);
#16763 = SURFACE_SIDE_STYLE('',(#16764));
#16764 = SURFACE_STYLE_FILL_AREA(#16765);
#16765 = FILL_AREA_STYLE('',(#16766));
#16766 = FILL_AREA_STYLE_COLOUR('',#15347);
#16767 = STYLED_ITEM('color',(#16768),#10278);
#16768 = PRESENTATION_STYLE_ASSIGNMENT((#16769));
#16769 = SURFACE_STYLE_USAGE(.BOTH.,#16770);
#16770 = SURFACE_SIDE_STYLE('',(#16771));
#16771 = SURFACE_STYLE_FILL_AREA(#16772);
#16772 = FILL_AREA_STYLE('',(#16773));
#16773 = FILL_AREA_STYLE_COLOUR('',#15347);
#16774 = STYLED_ITEM('color',(#16775),#10302);
#16775 = PRESENTATION_STYLE_ASSIGNMENT((#16776));
#16776 = SURFACE_STYLE_USAGE(.BOTH.,#16777);
#16777 = SURFACE_SIDE_STYLE('',(#16778));
#16778 = SURFACE_STYLE_FILL_AREA(#16779);
#16779 = FILL_AREA_STYLE('',(#16780));
#16780 = FILL_AREA_STYLE_COLOUR('',#15347);
#16781 = STYLED_ITEM('color',(#16782),#10326);
#16782 = PRESENTATION_STYLE_ASSIGNMENT((#16783));
#16783 = SURFACE_STYLE_USAGE(.BOTH.,#16784);
#16784 = SURFACE_SIDE_STYLE('',(#16785));
#16785 = SURFACE_STYLE_FILL_AREA(#16786);
#16786 = FILL_AREA_STYLE('',(#16787));
#16787 = FILL_AREA_STYLE_COLOUR('',#15347);
#16788 = STYLED_ITEM('color',(#16789),#10343);
#16789 = PRESENTATION_STYLE_ASSIGNMENT((#16790));
#16790 = SURFACE_STYLE_USAGE(.BOTH.,#16791);
#16791 = SURFACE_SIDE_STYLE('',(#16792));
#16792 = SURFACE_STYLE_FILL_AREA(#16793);
#16793 = FILL_AREA_STYLE('',(#16794));
#16794 = FILL_AREA_STYLE_COLOUR('',#15347);
#16795 = STYLED_ITEM('color',(#16796),#10374);
#16796 = PRESENTATION_STYLE_ASSIGNMENT((#16797));
#16797 = SURFACE_STYLE_USAGE(.BOTH.,#16798);
#16798 = SURFACE_SIDE_STYLE('',(#16799));
#16799 = SURFACE_STYLE_FILL_AREA(#16800);
#16800 = FILL_AREA_STYLE('',(#16801));
#16801 = FILL_AREA_STYLE_COLOUR('',#15347);
#16802 = STYLED_ITEM('color',(#16803),#10398);
#16803 = PRESENTATION_STYLE_ASSIGNMENT((#16804));
#16804 = SURFACE_STYLE_USAGE(.BOTH.,#16805);
#16805 = SURFACE_SIDE_STYLE('',(#16806));
#16806 = SURFACE_STYLE_FILL_AREA(#16807);
#16807 = FILL_AREA_STYLE('',(#16808));
#16808 = FILL_AREA_STYLE_COLOUR('',#15347);
#16809 = STYLED_ITEM('color',(#16810),#10422);
#16810 = PRESENTATION_STYLE_ASSIGNMENT((#16811));
#16811 = SURFACE_STYLE_USAGE(.BOTH.,#16812);
#16812 = SURFACE_SIDE_STYLE('',(#16813));
#16813 = SURFACE_STYLE_FILL_AREA(#16814);
#16814 = FILL_AREA_STYLE('',(#16815));
#16815 = FILL_AREA_STYLE_COLOUR('',#15347);
#16816 = STYLED_ITEM('color',(#16817),#10439);
#16817 = PRESENTATION_STYLE_ASSIGNMENT((#16818));
#16818 = SURFACE_STYLE_USAGE(.BOTH.,#16819);
#16819 = SURFACE_SIDE_STYLE('',(#16820));
#16820 = SURFACE_STYLE_FILL_AREA(#16821);
#16821 = FILL_AREA_STYLE('',(#16822));
#16822 = FILL_AREA_STYLE_COLOUR('',#15347);
#16823 = STYLED_ITEM('color',(#16824),#10470);
#16824 = PRESENTATION_STYLE_ASSIGNMENT((#16825));
#16825 = SURFACE_STYLE_USAGE(.BOTH.,#16826);
#16826 = SURFACE_SIDE_STYLE('',(#16827));
#16827 = SURFACE_STYLE_FILL_AREA(#16828);
#16828 = FILL_AREA_STYLE('',(#16829));
#16829 = FILL_AREA_STYLE_COLOUR('',#15347);
#16830 = STYLED_ITEM('color',(#16831),#10494);
#16831 = PRESENTATION_STYLE_ASSIGNMENT((#16832));
#16832 = SURFACE_STYLE_USAGE(.BOTH.,#16833);
#16833 = SURFACE_SIDE_STYLE('',(#16834));
#16834 = SURFACE_STYLE_FILL_AREA(#16835);
#16835 = FILL_AREA_STYLE('',(#16836));
#16836 = FILL_AREA_STYLE_COLOUR('',#15347);
#16837 = STYLED_ITEM('color',(#16838),#10518);
#16838 = PRESENTATION_STYLE_ASSIGNMENT((#16839));
#16839 = SURFACE_STYLE_USAGE(.BOTH.,#16840);
#16840 = SURFACE_SIDE_STYLE('',(#16841));
#16841 = SURFACE_STYLE_FILL_AREA(#16842);
#16842 = FILL_AREA_STYLE('',(#16843));
#16843 = FILL_AREA_STYLE_COLOUR('',#15347);
#16844 = STYLED_ITEM('color',(#16845),#10535);
#16845 = PRESENTATION_STYLE_ASSIGNMENT((#16846));
#16846 = SURFACE_STYLE_USAGE(.BOTH.,#16847);
#16847 = SURFACE_SIDE_STYLE('',(#16848));
#16848 = SURFACE_STYLE_FILL_AREA(#16849);
#16849 = FILL_AREA_STYLE('',(#16850));
#16850 = FILL_AREA_STYLE_COLOUR('',#15347);
#16851 = STYLED_ITEM('color',(#16852),#10566);
#16852 = PRESENTATION_STYLE_ASSIGNMENT((#16853));
#16853 = SURFACE_STYLE_USAGE(.BOTH.,#16854);
#16854 = SURFACE_SIDE_STYLE('',(#16855));
#16855 = SURFACE_STYLE_FILL_AREA(#16856);
#16856 = FILL_AREA_STYLE('',(#16857));
#16857 = FILL_AREA_STYLE_COLOUR('',#15347);
#16858 = STYLED_ITEM('color',(#16859),#10590);
#16859 = PRESENTATION_STYLE_ASSIGNMENT((#16860));
#16860 = SURFACE_STYLE_USAGE(.BOTH.,#16861);
#16861 = SURFACE_SIDE_STYLE('',(#16862));
#16862 = SURFACE_STYLE_FILL_AREA(#16863);
#16863 = FILL_AREA_STYLE('',(#16864));
#16864 = FILL_AREA_STYLE_COLOUR('',#15347);
#16865 = STYLED_ITEM('color',(#16866),#10614);
#16866 = PRESENTATION_STYLE_ASSIGNMENT((#16867));
#16867 = SURFACE_STYLE_USAGE(.BOTH.,#16868);
#16868 = SURFACE_SIDE_STYLE('',(#16869));
#16869 = SURFACE_STYLE_FILL_AREA(#16870);
#16870 = FILL_AREA_STYLE('',(#16871));
#16871 = FILL_AREA_STYLE_COLOUR('',#15347);
#16872 = STYLED_ITEM('color',(#16873),#10631);
#16873 = PRESENTATION_STYLE_ASSIGNMENT((#16874));
#16874 = SURFACE_STYLE_USAGE(.BOTH.,#16875);
#16875 = SURFACE_SIDE_STYLE('',(#16876));
#16876 = SURFACE_STYLE_FILL_AREA(#16877);
#16877 = FILL_AREA_STYLE('',(#16878));
#16878 = FILL_AREA_STYLE_COLOUR('',#15347);
#16879 = STYLED_ITEM('color',(#16880),#10662);
#16880 = PRESENTATION_STYLE_ASSIGNMENT((#16881));
#16881 = SURFACE_STYLE_USAGE(.BOTH.,#16882);
#16882 = SURFACE_SIDE_STYLE('',(#16883));
#16883 = SURFACE_STYLE_FILL_AREA(#16884);
#16884 = FILL_AREA_STYLE('',(#16885));
#16885 = FILL_AREA_STYLE_COLOUR('',#15347);
#16886 = STYLED_ITEM('color',(#16887),#10686);
#16887 = PRESENTATION_STYLE_ASSIGNMENT((#16888));
#16888 = SURFACE_STYLE_USAGE(.BOTH.,#16889);
#16889 = SURFACE_SIDE_STYLE('',(#16890));
#16890 = SURFACE_STYLE_FILL_AREA(#16891);
#16891 = FILL_AREA_STYLE('',(#16892));
#16892 = FILL_AREA_STYLE_COLOUR('',#15347);
#16893 = STYLED_ITEM('color',(#16894),#10710);
#16894 = PRESENTATION_STYLE_ASSIGNMENT((#16895));
#16895 = SURFACE_STYLE_USAGE(.BOTH.,#16896);
#16896 = SURFACE_SIDE_STYLE('',(#16897));
#16897 = SURFACE_STYLE_FILL_AREA(#16898);
#16898 = FILL_AREA_STYLE('',(#16899));
#16899 = FILL_AREA_STYLE_COLOUR('',#15347);
#16900 = STYLED_ITEM('color',(#16901),#10727);
#16901 = PRESENTATION_STYLE_ASSIGNMENT((#16902));
#16902 = SURFACE_STYLE_USAGE(.BOTH.,#16903);
#16903 = SURFACE_SIDE_STYLE('',(#16904));
#16904 = SURFACE_STYLE_FILL_AREA(#16905);
#16905 = FILL_AREA_STYLE('',(#16906));
#16906 = FILL_AREA_STYLE_COLOUR('',#15347);
#16907 = STYLED_ITEM('color',(#16908),#10739);
#16908 = PRESENTATION_STYLE_ASSIGNMENT((#16909));
#16909 = SURFACE_STYLE_USAGE(.BOTH.,#16910);
#16910 = SURFACE_SIDE_STYLE('',(#16911));
#16911 = SURFACE_STYLE_FILL_AREA(#16912);
#16912 = FILL_AREA_STYLE('',(#16913));
#16913 = FILL_AREA_STYLE_COLOUR('',#15347);
#16914 = STYLED_ITEM('color',(#16915),#10751);
#16915 = PRESENTATION_STYLE_ASSIGNMENT((#16916));
#16916 = SURFACE_STYLE_USAGE(.BOTH.,#16917);
#16917 = SURFACE_SIDE_STYLE('',(#16918));
#16918 = SURFACE_STYLE_FILL_AREA(#16919);
#16919 = FILL_AREA_STYLE('',(#16920));
#16920 = FILL_AREA_STYLE_COLOUR('',#15347);
#16921 = STYLED_ITEM('color',(#16922),#10763);
#16922 = PRESENTATION_STYLE_ASSIGNMENT((#16923));
#16923 = SURFACE_STYLE_USAGE(.BOTH.,#16924);
#16924 = SURFACE_SIDE_STYLE('',(#16925));
#16925 = SURFACE_STYLE_FILL_AREA(#16926);
#16926 = FILL_AREA_STYLE('',(#16927));
#16927 = FILL_AREA_STYLE_COLOUR('',#15347);
#16928 = MECHANICAL_DESIGN_GEOMETRIC_PRESENTATION_REPRESENTATION('',(
    #16929,#16936,#16943,#16950,#16957,#16964,#16971,#16978,#16985,
    #16992,#16999,#17006,#17013,#17020,#17027,#17034,#17041,#17048,
    #17055,#17062,#17069,#17076,#17083,#17090,#17097,#17104,#17111,
    #17118,#17125,#17132,#17139,#17146,#17153,#17160,#17167,#17174,
    #17181,#17188,#17195,#17202,#17209,#17216,#17223,#17230,#17237,
    #17244,#17251,#17258,#17265,#17272,#17279,#17286,#17293,#17300,
    #17307,#17314,#17321,#17328),#12438);
#16929 = STYLED_ITEM('color',(#16930),#10806);
#16930 = PRESENTATION_STYLE_ASSIGNMENT((#16931));
#16931 = SURFACE_STYLE_USAGE(.BOTH.,#16932);
#16932 = SURFACE_SIDE_STYLE('',(#16933));
#16933 = SURFACE_STYLE_FILL_AREA(#16934);
#16934 = FILL_AREA_STYLE('',(#16935));
#16935 = FILL_AREA_STYLE_COLOUR('',#16570);
#16936 = STYLED_ITEM('color',(#16937),#10846);
#16937 = PRESENTATION_STYLE_ASSIGNMENT((#16938));
#16938 = SURFACE_STYLE_USAGE(.BOTH.,#16939);
#16939 = SURFACE_SIDE_STYLE('',(#16940));
#16940 = SURFACE_STYLE_FILL_AREA(#16941);
#16941 = FILL_AREA_STYLE('',(#16942));
#16942 = FILL_AREA_STYLE_COLOUR('',#16570);
#16943 = STYLED_ITEM('color',(#16944),#10877);
#16944 = PRESENTATION_STYLE_ASSIGNMENT((#16945));
#16945 = SURFACE_STYLE_USAGE(.BOTH.,#16946);
#16946 = SURFACE_SIDE_STYLE('',(#16947));
#16947 = SURFACE_STYLE_FILL_AREA(#16948);
#16948 = FILL_AREA_STYLE('',(#16949));
#16949 = FILL_AREA_STYLE_COLOUR('',#16570);
#16950 = STYLED_ITEM('color',(#16951),#10908);
#16951 = PRESENTATION_STYLE_ASSIGNMENT((#16952));
#16952 = SURFACE_STYLE_USAGE(.BOTH.,#16953);
#16953 = SURFACE_SIDE_STYLE('',(#16954));
#16954 = SURFACE_STYLE_FILL_AREA(#16955);
#16955 = FILL_AREA_STYLE('',(#16956));
#16956 = FILL_AREA_STYLE_COLOUR('',#16570);
#16957 = STYLED_ITEM('color',(#16958),#11073);
#16958 = PRESENTATION_STYLE_ASSIGNMENT((#16959));
#16959 = SURFACE_STYLE_USAGE(.BOTH.,#16960);
#16960 = SURFACE_SIDE_STYLE('',(#16961));
#16961 = SURFACE_STYLE_FILL_AREA(#16962);
#16962 = FILL_AREA_STYLE('',(#16963));
#16963 = FILL_AREA_STYLE_COLOUR('',#16570);
#16964 = STYLED_ITEM('color',(#16965),#11238);
#16965 = PRESENTATION_STYLE_ASSIGNMENT((#16966));
#16966 = SURFACE_STYLE_USAGE(.BOTH.,#16967);
#16967 = SURFACE_SIDE_STYLE('',(#16968));
#16968 = SURFACE_STYLE_FILL_AREA(#16969);
#16969 = FILL_AREA_STYLE('',(#16970));
#16970 = FILL_AREA_STYLE_COLOUR('',#16570);
#16971 = STYLED_ITEM('color',(#16972),#11255);
#16972 = PRESENTATION_STYLE_ASSIGNMENT((#16973));
#16973 = SURFACE_STYLE_USAGE(.BOTH.,#16974);
#16974 = SURFACE_SIDE_STYLE('',(#16975));
#16975 = SURFACE_STYLE_FILL_AREA(#16976);
#16976 = FILL_AREA_STYLE('',(#16977));
#16977 = FILL_AREA_STYLE_COLOUR('',#16570);
#16978 = STYLED_ITEM('color',(#16979),#11272);
#16979 = PRESENTATION_STYLE_ASSIGNMENT((#16980));
#16980 = SURFACE_STYLE_USAGE(.BOTH.,#16981);
#16981 = SURFACE_SIDE_STYLE('',(#16982));
#16982 = SURFACE_STYLE_FILL_AREA(#16983);
#16983 = FILL_AREA_STYLE('',(#16984));
#16984 = FILL_AREA_STYLE_COLOUR('',#16570);
#16985 = STYLED_ITEM('color',(#16986),#11289);
#16986 = PRESENTATION_STYLE_ASSIGNMENT((#16987));
#16987 = SURFACE_STYLE_USAGE(.BOTH.,#16988);
#16988 = SURFACE_SIDE_STYLE('',(#16989));
#16989 = SURFACE_STYLE_FILL_AREA(#16990);
#16990 = FILL_AREA_STYLE('',(#16991));
#16991 = FILL_AREA_STYLE_COLOUR('',#16570);
#16992 = STYLED_ITEM('color',(#16993),#11306);
#16993 = PRESENTATION_STYLE_ASSIGNMENT((#16994));
#16994 = SURFACE_STYLE_USAGE(.BOTH.,#16995);
#16995 = SURFACE_SIDE_STYLE('',(#16996));
#16996 = SURFACE_STYLE_FILL_AREA(#16997);
#16997 = FILL_AREA_STYLE('',(#16998));
#16998 = FILL_AREA_STYLE_COLOUR('',#16570);
#16999 = STYLED_ITEM('color',(#17000),#11323);
#17000 = PRESENTATION_STYLE_ASSIGNMENT((#17001));
#17001 = SURFACE_STYLE_USAGE(.BOTH.,#17002);
#17002 = SURFACE_SIDE_STYLE('',(#17003));
#17003 = SURFACE_STYLE_FILL_AREA(#17004);
#17004 = FILL_AREA_STYLE('',(#17005));
#17005 = FILL_AREA_STYLE_COLOUR('',#16570);
#17006 = STYLED_ITEM('color',(#17007),#11340);
#17007 = PRESENTATION_STYLE_ASSIGNMENT((#17008));
#17008 = SURFACE_STYLE_USAGE(.BOTH.,#17009);
#17009 = SURFACE_SIDE_STYLE('',(#17010));
#17010 = SURFACE_STYLE_FILL_AREA(#17011);
#17011 = FILL_AREA_STYLE('',(#17012));
#17012 = FILL_AREA_STYLE_COLOUR('',#16570);
#17013 = STYLED_ITEM('color',(#17014),#11357);
#17014 = PRESENTATION_STYLE_ASSIGNMENT((#17015));
#17015 = SURFACE_STYLE_USAGE(.BOTH.,#17016);
#17016 = SURFACE_SIDE_STYLE('',(#17017));
#17017 = SURFACE_STYLE_FILL_AREA(#17018);
#17018 = FILL_AREA_STYLE('',(#17019));
#17019 = FILL_AREA_STYLE_COLOUR('',#16570);
#17020 = STYLED_ITEM('color',(#17021),#11374);
#17021 = PRESENTATION_STYLE_ASSIGNMENT((#17022));
#17022 = SURFACE_STYLE_USAGE(.BOTH.,#17023);
#17023 = SURFACE_SIDE_STYLE('',(#17024));
#17024 = SURFACE_STYLE_FILL_AREA(#17025);
#17025 = FILL_AREA_STYLE('',(#17026));
#17026 = FILL_AREA_STYLE_COLOUR('',#16570);
#17027 = STYLED_ITEM('color',(#17028),#11391);
#17028 = PRESENTATION_STYLE_ASSIGNMENT((#17029));
#17029 = SURFACE_STYLE_USAGE(.BOTH.,#17030);
#17030 = SURFACE_SIDE_STYLE('',(#17031));
#17031 = SURFACE_STYLE_FILL_AREA(#17032);
#17032 = FILL_AREA_STYLE('',(#17033));
#17033 = FILL_AREA_STYLE_COLOUR('',#16570);
#17034 = STYLED_ITEM('color',(#17035),#11408);
#17035 = PRESENTATION_STYLE_ASSIGNMENT((#17036));
#17036 = SURFACE_STYLE_USAGE(.BOTH.,#17037);
#17037 = SURFACE_SIDE_STYLE('',(#17038));
#17038 = SURFACE_STYLE_FILL_AREA(#17039);
#17039 = FILL_AREA_STYLE('',(#17040));
#17040 = FILL_AREA_STYLE_COLOUR('',#16570);
#17041 = STYLED_ITEM('color',(#17042),#11420);
#17042 = PRESENTATION_STYLE_ASSIGNMENT((#17043));
#17043 = SURFACE_STYLE_USAGE(.BOTH.,#17044);
#17044 = SURFACE_SIDE_STYLE('',(#17045));
#17045 = SURFACE_STYLE_FILL_AREA(#17046);
#17046 = FILL_AREA_STYLE('',(#17047));
#17047 = FILL_AREA_STYLE_COLOUR('',#15347);
#17048 = STYLED_ITEM('color',(#17049),#11451);
#17049 = PRESENTATION_STYLE_ASSIGNMENT((#17050));
#17050 = SURFACE_STYLE_USAGE(.BOTH.,#17051);
#17051 = SURFACE_SIDE_STYLE('',(#17052));
#17052 = SURFACE_STYLE_FILL_AREA(#17053);
#17053 = FILL_AREA_STYLE('',(#17054));
#17054 = FILL_AREA_STYLE_COLOUR('',#15347);
#17055 = STYLED_ITEM('color',(#17056),#11500);
#17056 = PRESENTATION_STYLE_ASSIGNMENT((#17057));
#17057 = SURFACE_STYLE_USAGE(.BOTH.,#17058);
#17058 = SURFACE_SIDE_STYLE('',(#17059));
#17059 = SURFACE_STYLE_FILL_AREA(#17060);
#17060 = FILL_AREA_STYLE('',(#17061));
#17061 = FILL_AREA_STYLE_COLOUR('',#15347);
#17062 = STYLED_ITEM('color',(#17063),#11524);
#17063 = PRESENTATION_STYLE_ASSIGNMENT((#17064));
#17064 = SURFACE_STYLE_USAGE(.BOTH.,#17065);
#17065 = SURFACE_SIDE_STYLE('',(#17066));
#17066 = SURFACE_STYLE_FILL_AREA(#17067);
#17067 = FILL_AREA_STYLE('',(#17068));
#17068 = FILL_AREA_STYLE_COLOUR('',#15347);
#17069 = STYLED_ITEM('color',(#17070),#11566);
#17070 = PRESENTATION_STYLE_ASSIGNMENT((#17071));
#17071 = SURFACE_STYLE_USAGE(.BOTH.,#17072);
#17072 = SURFACE_SIDE_STYLE('',(#17073));
#17073 = SURFACE_STYLE_FILL_AREA(#17074);
#17074 = FILL_AREA_STYLE('',(#17075));
#17075 = FILL_AREA_STYLE_COLOUR('',#15347);
#17076 = STYLED_ITEM('color',(#17077),#11597);
#17077 = PRESENTATION_STYLE_ASSIGNMENT((#17078));
#17078 = SURFACE_STYLE_USAGE(.BOTH.,#17079);
#17079 = SURFACE_SIDE_STYLE('',(#17080));
#17080 = SURFACE_STYLE_FILL_AREA(#17081);
#17081 = FILL_AREA_STYLE('',(#17082));
#17082 = FILL_AREA_STYLE_COLOUR('',#15347);
#17083 = STYLED_ITEM('color',(#17084),#11646);
#17084 = PRESENTATION_STYLE_ASSIGNMENT((#17085));
#17085 = SURFACE_STYLE_USAGE(.BOTH.,#17086);
#17086 = SURFACE_SIDE_STYLE('',(#17087));
#17087 = SURFACE_STYLE_FILL_AREA(#17088);
#17088 = FILL_AREA_STYLE('',(#17089));
#17089 = FILL_AREA_STYLE_COLOUR('',#15347);
#17090 = STYLED_ITEM('color',(#17091),#11670);
#17091 = PRESENTATION_STYLE_ASSIGNMENT((#17092));
#17092 = SURFACE_STYLE_USAGE(.BOTH.,#17093);
#17093 = SURFACE_SIDE_STYLE('',(#17094));
#17094 = SURFACE_STYLE_FILL_AREA(#17095);
#17095 = FILL_AREA_STYLE('',(#17096));
#17096 = FILL_AREA_STYLE_COLOUR('',#15347);
#17097 = STYLED_ITEM('color',(#17098),#11712);
#17098 = PRESENTATION_STYLE_ASSIGNMENT((#17099));
#17099 = SURFACE_STYLE_USAGE(.BOTH.,#17100);
#17100 = SURFACE_SIDE_STYLE('',(#17101));
#17101 = SURFACE_STYLE_FILL_AREA(#17102);
#17102 = FILL_AREA_STYLE('',(#17103));
#17103 = FILL_AREA_STYLE_COLOUR('',#15347);
#17104 = STYLED_ITEM('color',(#17105),#11743);
#17105 = PRESENTATION_STYLE_ASSIGNMENT((#17106));
#17106 = SURFACE_STYLE_USAGE(.BOTH.,#17107);
#17107 = SURFACE_SIDE_STYLE('',(#17108));
#17108 = SURFACE_STYLE_FILL_AREA(#17109);
#17109 = FILL_AREA_STYLE('',(#17110));
#17110 = FILL_AREA_STYLE_COLOUR('',#15347);
#17111 = STYLED_ITEM('color',(#17112),#11767);
#17112 = PRESENTATION_STYLE_ASSIGNMENT((#17113));
#17113 = SURFACE_STYLE_USAGE(.BOTH.,#17114);
#17114 = SURFACE_SIDE_STYLE('',(#17115));
#17115 = SURFACE_STYLE_FILL_AREA(#17116);
#17116 = FILL_AREA_STYLE('',(#17117));
#17117 = FILL_AREA_STYLE_COLOUR('',#15347);
#17118 = STYLED_ITEM('color',(#17119),#11791);
#17119 = PRESENTATION_STYLE_ASSIGNMENT((#17120));
#17120 = SURFACE_STYLE_USAGE(.BOTH.,#17121);
#17121 = SURFACE_SIDE_STYLE('',(#17122));
#17122 = SURFACE_STYLE_FILL_AREA(#17123);
#17123 = FILL_AREA_STYLE('',(#17124));
#17124 = FILL_AREA_STYLE_COLOUR('',#15347);
#17125 = STYLED_ITEM('color',(#17126),#11808);
#17126 = PRESENTATION_STYLE_ASSIGNMENT((#17127));
#17127 = SURFACE_STYLE_USAGE(.BOTH.,#17128);
#17128 = SURFACE_SIDE_STYLE('',(#17129));
#17129 = SURFACE_STYLE_FILL_AREA(#17130);
#17130 = FILL_AREA_STYLE('',(#17131));
#17131 = FILL_AREA_STYLE_COLOUR('',#15347);
#17132 = STYLED_ITEM('color',(#17133),#11839);
#17133 = PRESENTATION_STYLE_ASSIGNMENT((#17134));
#17134 = SURFACE_STYLE_USAGE(.BOTH.,#17135);
#17135 = SURFACE_SIDE_STYLE('',(#17136));
#17136 = SURFACE_STYLE_FILL_AREA(#17137);
#17137 = FILL_AREA_STYLE('',(#17138));
#17138 = FILL_AREA_STYLE_COLOUR('',#15347);
#17139 = STYLED_ITEM('color',(#17140),#11863);
#17140 = PRESENTATION_STYLE_ASSIGNMENT((#17141));
#17141 = SURFACE_STYLE_USAGE(.BOTH.,#17142);
#17142 = SURFACE_SIDE_STYLE('',(#17143));
#17143 = SURFACE_STYLE_FILL_AREA(#17144);
#17144 = FILL_AREA_STYLE('',(#17145));
#17145 = FILL_AREA_STYLE_COLOUR('',#15347);
#17146 = STYLED_ITEM('color',(#17147),#11887);
#17147 = PRESENTATION_STYLE_ASSIGNMENT((#17148));
#17148 = SURFACE_STYLE_USAGE(.BOTH.,#17149);
#17149 = SURFACE_SIDE_STYLE('',(#17150));
#17150 = SURFACE_STYLE_FILL_AREA(#17151);
#17151 = FILL_AREA_STYLE('',(#17152));
#17152 = FILL_AREA_STYLE_COLOUR('',#15347);
#17153 = STYLED_ITEM('color',(#17154),#11904);
#17154 = PRESENTATION_STYLE_ASSIGNMENT((#17155));
#17155 = SURFACE_STYLE_USAGE(.BOTH.,#17156);
#17156 = SURFACE_SIDE_STYLE('',(#17157));
#17157 = SURFACE_STYLE_FILL_AREA(#17158);
#17158 = FILL_AREA_STYLE('',(#17159));
#17159 = FILL_AREA_STYLE_COLOUR('',#15347);
#17160 = STYLED_ITEM('color',(#17161),#11921);
#17161 = PRESENTATION_STYLE_ASSIGNMENT((#17162));
#17162 = SURFACE_STYLE_USAGE(.BOTH.,#17163);
#17163 = SURFACE_SIDE_STYLE('',(#17164));
#17164 = SURFACE_STYLE_FILL_AREA(#17165);
#17165 = FILL_AREA_STYLE('',(#17166));
#17166 = FILL_AREA_STYLE_COLOUR('',#15347);
#17167 = STYLED_ITEM('color',(#17168),#11938);
#17168 = PRESENTATION_STYLE_ASSIGNMENT((#17169));
#17169 = SURFACE_STYLE_USAGE(.BOTH.,#17170);
#17170 = SURFACE_SIDE_STYLE('',(#17171));
#17171 = SURFACE_STYLE_FILL_AREA(#17172);
#17172 = FILL_AREA_STYLE('',(#17173));
#17173 = FILL_AREA_STYLE_COLOUR('',#15347);
#17174 = STYLED_ITEM('color',(#17175),#11955);
#17175 = PRESENTATION_STYLE_ASSIGNMENT((#17176));
#17176 = SURFACE_STYLE_USAGE(.BOTH.,#17177);
#17177 = SURFACE_SIDE_STYLE('',(#17178));
#17178 = SURFACE_STYLE_FILL_AREA(#17179);
#17179 = FILL_AREA_STYLE('',(#17180));
#17180 = FILL_AREA_STYLE_COLOUR('',#15347);
#17181 = STYLED_ITEM('color',(#17182),#11986);
#17182 = PRESENTATION_STYLE_ASSIGNMENT((#17183));
#17183 = SURFACE_STYLE_USAGE(.BOTH.,#17184);
#17184 = SURFACE_SIDE_STYLE('',(#17185));
#17185 = SURFACE_STYLE_FILL_AREA(#17186);
#17186 = FILL_AREA_STYLE('',(#17187));
#17187 = FILL_AREA_STYLE_COLOUR('',#15347);
#17188 = STYLED_ITEM('color',(#17189),#12017);
#17189 = PRESENTATION_STYLE_ASSIGNMENT((#17190));
#17190 = SURFACE_STYLE_USAGE(.BOTH.,#17191);
#17191 = SURFACE_SIDE_STYLE('',(#17192));
#17192 = SURFACE_STYLE_FILL_AREA(#17193);
#17193 = FILL_AREA_STYLE('',(#17194));
#17194 = FILL_AREA_STYLE_COLOUR('',#15347);
#17195 = STYLED_ITEM('color',(#17196),#12034);
#17196 = PRESENTATION_STYLE_ASSIGNMENT((#17197));
#17197 = SURFACE_STYLE_USAGE(.BOTH.,#17198);
#17198 = SURFACE_SIDE_STYLE('',(#17199));
#17199 = SURFACE_STYLE_FILL_AREA(#17200);
#17200 = FILL_AREA_STYLE('',(#17201));
#17201 = FILL_AREA_STYLE_COLOUR('',#15347);
#17202 = STYLED_ITEM('color',(#17203),#12051);
#17203 = PRESENTATION_STYLE_ASSIGNMENT((#17204));
#17204 = SURFACE_STYLE_USAGE(.BOTH.,#17205);
#17205 = SURFACE_SIDE_STYLE('',(#17206));
#17206 = SURFACE_STYLE_FILL_AREA(#17207);
#17207 = FILL_AREA_STYLE('',(#17208));
#17208 = FILL_AREA_STYLE_COLOUR('',#15347);
#17209 = STYLED_ITEM('color',(#17210),#12068);
#17210 = PRESENTATION_STYLE_ASSIGNMENT((#17211));
#17211 = SURFACE_STYLE_USAGE(.BOTH.,#17212);
#17212 = SURFACE_SIDE_STYLE('',(#17213));
#17213 = SURFACE_STYLE_FILL_AREA(#17214);
#17214 = FILL_AREA_STYLE('',(#17215));
#17215 = FILL_AREA_STYLE_COLOUR('',#15347);
#17216 = STYLED_ITEM('color',(#17217),#12099);
#17217 = PRESENTATION_STYLE_ASSIGNMENT((#17218));
#17218 = SURFACE_STYLE_USAGE(.BOTH.,#17219);
#17219 = SURFACE_SIDE_STYLE('',(#17220));
#17220 = SURFACE_STYLE_FILL_AREA(#17221);
#17221 = FILL_AREA_STYLE('',(#17222));
#17222 = FILL_AREA_STYLE_COLOUR('',#15347);
#17223 = STYLED_ITEM('color',(#17224),#12130);
#17224 = PRESENTATION_STYLE_ASSIGNMENT((#17225));
#17225 = SURFACE_STYLE_USAGE(.BOTH.,#17226);
#17226 = SURFACE_SIDE_STYLE('',(#17227));
#17227 = SURFACE_STYLE_FILL_AREA(#17228);
#17228 = FILL_AREA_STYLE('',(#17229));
#17229 = FILL_AREA_STYLE_COLOUR('',#15347);
#17230 = STYLED_ITEM('color',(#17231),#12161);
#17231 = PRESENTATION_STYLE_ASSIGNMENT((#17232));
#17232 = SURFACE_STYLE_USAGE(.BOTH.,#17233);
#17233 = SURFACE_SIDE_STYLE('',(#17234));
#17234 = SURFACE_STYLE_FILL_AREA(#17235);
#17235 = FILL_AREA_STYLE('',(#17236));
#17236 = FILL_AREA_STYLE_COLOUR('',#15347);
#17237 = STYLED_ITEM('color',(#17238),#12185);
#17238 = PRESENTATION_STYLE_ASSIGNMENT((#17239));
#17239 = SURFACE_STYLE_USAGE(.BOTH.,#17240);
#17240 = SURFACE_SIDE_STYLE('',(#17241));
#17241 = SURFACE_STYLE_FILL_AREA(#17242);
#17242 = FILL_AREA_STYLE('',(#17243));
#17243 = FILL_AREA_STYLE_COLOUR('',#15347);
#17244 = STYLED_ITEM('color',(#17245),#12209);
#17245 = PRESENTATION_STYLE_ASSIGNMENT((#17246));
#17246 = SURFACE_STYLE_USAGE(.BOTH.,#17247);
#17247 = SURFACE_SIDE_STYLE('',(#17248));
#17248 = SURFACE_STYLE_FILL_AREA(#17249);
#17249 = FILL_AREA_STYLE('',(#17250));
#17250 = FILL_AREA_STYLE_COLOUR('',#15347);
#17251 = STYLED_ITEM('color',(#17252),#12226);
#17252 = PRESENTATION_STYLE_ASSIGNMENT((#17253));
#17253 = SURFACE_STYLE_USAGE(.BOTH.,#17254);
#17254 = SURFACE_SIDE_STYLE('',(#17255));
#17255 = SURFACE_STYLE_FILL_AREA(#17256);
#17256 = FILL_AREA_STYLE('',(#17257));
#17257 = FILL_AREA_STYLE_COLOUR('',#15347);
#17258 = STYLED_ITEM('color',(#17259),#12257);
#17259 = PRESENTATION_STYLE_ASSIGNMENT((#17260));
#17260 = SURFACE_STYLE_USAGE(.BOTH.,#17261);
#17261 = SURFACE_SIDE_STYLE('',(#17262));
#17262 = SURFACE_STYLE_FILL_AREA(#17263);
#17263 = FILL_AREA_STYLE('',(#17264));
#17264 = FILL_AREA_STYLE_COLOUR('',#15347);
#17265 = STYLED_ITEM('color',(#17266),#12281);
#17266 = PRESENTATION_STYLE_ASSIGNMENT((#17267));
#17267 = SURFACE_STYLE_USAGE(.BOTH.,#17268);
#17268 = SURFACE_SIDE_STYLE('',(#17269));
#17269 = SURFACE_STYLE_FILL_AREA(#17270);
#17270 = FILL_AREA_STYLE('',(#17271));
#17271 = FILL_AREA_STYLE_COLOUR('',#15347);
#17272 = STYLED_ITEM('color',(#17273),#12305);
#17273 = PRESENTATION_STYLE_ASSIGNMENT((#17274));
#17274 = SURFACE_STYLE_USAGE(.BOTH.,#17275);
#17275 = SURFACE_SIDE_STYLE('',(#17276));
#17276 = SURFACE_STYLE_FILL_AREA(#17277);
#17277 = FILL_AREA_STYLE('',(#17278));
#17278 = FILL_AREA_STYLE_COLOUR('',#15347);
#17279 = STYLED_ITEM('color',(#17280),#12322);
#17280 = PRESENTATION_STYLE_ASSIGNMENT((#17281));
#17281 = SURFACE_STYLE_USAGE(.BOTH.,#17282);
#17282 = SURFACE_SIDE_STYLE('',(#17283));
#17283 = SURFACE_STYLE_FILL_AREA(#17284);
#17284 = FILL_AREA_STYLE('',(#17285));
#17285 = FILL_AREA_STYLE_COLOUR('',#15347);
#17286 = STYLED_ITEM('color',(#17287),#12339);
#17287 = PRESENTATION_STYLE_ASSIGNMENT((#17288));
#17288 = SURFACE_STYLE_USAGE(.BOTH.,#17289);
#17289 = SURFACE_SIDE_STYLE('',(#17290));
#17290 = SURFACE_STYLE_FILL_AREA(#17291);
#17291 = FILL_AREA_STYLE('',(#17292));
#17292 = FILL_AREA_STYLE_COLOUR('',#15347);
#17293 = STYLED_ITEM('color',(#17294),#12356);
#17294 = PRESENTATION_STYLE_ASSIGNMENT((#17295));
#17295 = SURFACE_STYLE_USAGE(.BOTH.,#17296);
#17296 = SURFACE_SIDE_STYLE('',(#17297));
#17297 = SURFACE_STYLE_FILL_AREA(#17298);
#17298 = FILL_AREA_STYLE('',(#17299));
#17299 = FILL_AREA_STYLE_COLOUR('',#15347);
#17300 = STYLED_ITEM('color',(#17301),#12368);
#17301 = PRESENTATION_STYLE_ASSIGNMENT((#17302));
#17302 = SURFACE_STYLE_USAGE(.BOTH.,#17303);
#17303 = SURFACE_SIDE_STYLE('',(#17304));
#17304 = SURFACE_STYLE_FILL_AREA(#17305);
#17305 = FILL_AREA_STYLE('',(#17306));
#17306 = FILL_AREA_STYLE_COLOUR('',#15347);
#17307 = STYLED_ITEM('color',(#17308),#12385);
#17308 = PRESENTATION_STYLE_ASSIGNMENT((#17309));
#17309 = SURFACE_STYLE_USAGE(.BOTH.,#17310);
#17310 = SURFACE_SIDE_STYLE('',(#17311));
#17311 = SURFACE_STYLE_FILL_AREA(#17312);
#17312 = FILL_AREA_STYLE('',(#17313));
#17313 = FILL_AREA_STYLE_COLOUR('',#15347);
#17314 = STYLED_ITEM('color',(#17315),#12402);
#17315 = PRESENTATION_STYLE_ASSIGNMENT((#17316));
#17316 = SURFACE_STYLE_USAGE(.BOTH.,#17317);
#17317 = SURFACE_SIDE_STYLE('',(#17318));
#17318 = SURFACE_STYLE_FILL_AREA(#17319);
#17319 = FILL_AREA_STYLE('',(#17320));
#17320 = FILL_AREA_STYLE_COLOUR('',#15347);
#17321 = STYLED_ITEM('color',(#17322),#12414);
#17322 = PRESENTATION_STYLE_ASSIGNMENT((#17323));
#17323 = SURFACE_STYLE_USAGE(.BOTH.,#17324);
#17324 = SURFACE_SIDE_STYLE('',(#17325));
#17325 = SURFACE_STYLE_FILL_AREA(#17326);
#17326 = FILL_AREA_STYLE('',(#17327));
#17327 = FILL_AREA_STYLE_COLOUR('',#15347);
#17328 = STYLED_ITEM('color',(#17329),#12426);
#17329 = PRESENTATION_STYLE_ASSIGNMENT((#17330));
#17330 = SURFACE_STYLE_USAGE(.BOTH.,#17331);
#17331 = SURFACE_SIDE_STYLE('',(#17332));
#17332 = SURFACE_STYLE_FILL_AREA(#17333);
#17333 = FILL_AREA_STYLE('',(#17334));
#17334 = FILL_AREA_STYLE_COLOUR('',#15347);
#17335 = MECHANICAL_DESIGN_GEOMETRIC_PRESENTATION_REPRESENTATION('',(
    #17336,#17343,#17350,#17357,#17364,#17371,#17378,#17385,#17392,
    #17399,#17406,#17413,#17420,#17427,#17434,#17441,#17448,#17455,
    #17462,#17469,#17476,#17483,#17490,#17497,#17504,#17511,#17518,
    #17525,#17532,#17539,#17546,#17553,#17560,#17567,#17574,#17581,
    #17588,#17595,#17602,#17609,#17616,#17623,#17630,#17637,#17644,
    #17651,#17658,#17665,#17672,#17679,#17686,#17693,#17700,#17707,
    #17714,#17721,#17728,#17735,#17742,#17749,#17756,#17763,#17770,
    #17777,#17784,#17791,#17798,#17805,#17812,#17819,#17826,#17833,
    #17840,#17847,#17854,#17861,#17868,#17875,#17882,#17889,#17896,
    #17903,#17910,#17917,#17924,#17931,#17938,#17945,#17952,#17959,
    #17966,#17973,#17980,#17987,#17994,#18001,#18008,#18015,#18022,
    #18029),#9294);
#17336 = STYLED_ITEM('color',(#17337),#6516);
#17337 = PRESENTATION_STYLE_ASSIGNMENT((#17338));
#17338 = SURFACE_STYLE_USAGE(.BOTH.,#17339);
#17339 = SURFACE_SIDE_STYLE('',(#17340));
#17340 = SURFACE_STYLE_FILL_AREA(#17341);
#17341 = FILL_AREA_STYLE('',(#17342));
#17342 = FILL_AREA_STYLE_COLOUR('',#16570);
#17343 = STYLED_ITEM('color',(#17344),#6556);
#17344 = PRESENTATION_STYLE_ASSIGNMENT((#17345));
#17345 = SURFACE_STYLE_USAGE(.BOTH.,#17346);
#17346 = SURFACE_SIDE_STYLE('',(#17347));
#17347 = SURFACE_STYLE_FILL_AREA(#17348);
#17348 = FILL_AREA_STYLE('',(#17349));
#17349 = FILL_AREA_STYLE_COLOUR('',#16570);
#17350 = STYLED_ITEM('color',(#17351),#6587);
#17351 = PRESENTATION_STYLE_ASSIGNMENT((#17352));
#17352 = SURFACE_STYLE_USAGE(.BOTH.,#17353);
#17353 = SURFACE_SIDE_STYLE('',(#17354));
#17354 = SURFACE_STYLE_FILL_AREA(#17355);
#17355 = FILL_AREA_STYLE('',(#17356));
#17356 = FILL_AREA_STYLE_COLOUR('',#16570);
#17357 = STYLED_ITEM('color',(#17358),#6618);
#17358 = PRESENTATION_STYLE_ASSIGNMENT((#17359));
#17359 = SURFACE_STYLE_USAGE(.BOTH.,#17360);
#17360 = SURFACE_SIDE_STYLE('',(#17361));
#17361 = SURFACE_STYLE_FILL_AREA(#17362);
#17362 = FILL_AREA_STYLE('',(#17363));
#17363 = FILL_AREA_STYLE_COLOUR('',#16570);
#17364 = STYLED_ITEM('color',(#17365),#6947);
#17365 = PRESENTATION_STYLE_ASSIGNMENT((#17366));
#17366 = SURFACE_STYLE_USAGE(.BOTH.,#17367);
#17367 = SURFACE_SIDE_STYLE('',(#17368));
#17368 = SURFACE_STYLE_FILL_AREA(#17369);
#17369 = FILL_AREA_STYLE('',(#17370));
#17370 = FILL_AREA_STYLE_COLOUR('',#16570);
#17371 = STYLED_ITEM('color',(#17372),#7276);
#17372 = PRESENTATION_STYLE_ASSIGNMENT((#17373));
#17373 = SURFACE_STYLE_USAGE(.BOTH.,#17374);
#17374 = SURFACE_SIDE_STYLE('',(#17375));
#17375 = SURFACE_STYLE_FILL_AREA(#17376);
#17376 = FILL_AREA_STYLE('',(#17377));
#17377 = FILL_AREA_STYLE_COLOUR('',#16570);
#17378 = STYLED_ITEM('color',(#17379),#7293);
#17379 = PRESENTATION_STYLE_ASSIGNMENT((#17380));
#17380 = SURFACE_STYLE_USAGE(.BOTH.,#17381);
#17381 = SURFACE_SIDE_STYLE('',(#17382));
#17382 = SURFACE_STYLE_FILL_AREA(#17383);
#17383 = FILL_AREA_STYLE('',(#17384));
#17384 = FILL_AREA_STYLE_COLOUR('',#16570);
#17385 = STYLED_ITEM('color',(#17386),#7310);
#17386 = PRESENTATION_STYLE_ASSIGNMENT((#17387));
#17387 = SURFACE_STYLE_USAGE(.BOTH.,#17388);
#17388 = SURFACE_SIDE_STYLE('',(#17389));
#17389 = SURFACE_STYLE_FILL_AREA(#17390);
#17390 = FILL_AREA_STYLE('',(#17391));
#17391 = FILL_AREA_STYLE_COLOUR('',#16570);
#17392 = STYLED_ITEM('color',(#17393),#7327);
#17393 = PRESENTATION_STYLE_ASSIGNMENT((#17394));
#17394 = SURFACE_STYLE_USAGE(.BOTH.,#17395);
#17395 = SURFACE_SIDE_STYLE('',(#17396));
#17396 = SURFACE_STYLE_FILL_AREA(#17397);
#17397 = FILL_AREA_STYLE('',(#17398));
#17398 = FILL_AREA_STYLE_COLOUR('',#16570);
#17399 = STYLED_ITEM('color',(#17400),#7344);
#17400 = PRESENTATION_STYLE_ASSIGNMENT((#17401));
#17401 = SURFACE_STYLE_USAGE(.BOTH.,#17402);
#17402 = SURFACE_SIDE_STYLE('',(#17403));
#17403 = SURFACE_STYLE_FILL_AREA(#17404);
#17404 = FILL_AREA_STYLE('',(#17405));
#17405 = FILL_AREA_STYLE_COLOUR('',#16570);
#17406 = STYLED_ITEM('color',(#17407),#7361);
#17407 = PRESENTATION_STYLE_ASSIGNMENT((#17408));
#17408 = SURFACE_STYLE_USAGE(.BOTH.,#17409);
#17409 = SURFACE_SIDE_STYLE('',(#17410));
#17410 = SURFACE_STYLE_FILL_AREA(#17411);
#17411 = FILL_AREA_STYLE('',(#17412));
#17412 = FILL_AREA_STYLE_COLOUR('',#16570);
#17413 = STYLED_ITEM('color',(#17414),#7378);
#17414 = PRESENTATION_STYLE_ASSIGNMENT((#17415));
#17415 = SURFACE_STYLE_USAGE(.BOTH.,#17416);
#17416 = SURFACE_SIDE_STYLE('',(#17417));
#17417 = SURFACE_STYLE_FILL_AREA(#17418);
#17418 = FILL_AREA_STYLE('',(#17419));
#17419 = FILL_AREA_STYLE_COLOUR('',#16570);
#17420 = STYLED_ITEM('color',(#17421),#7395);
#17421 = PRESENTATION_STYLE_ASSIGNMENT((#17422));
#17422 = SURFACE_STYLE_USAGE(.BOTH.,#17423);
#17423 = SURFACE_SIDE_STYLE('',(#17424));
#17424 = SURFACE_STYLE_FILL_AREA(#17425);
#17425 = FILL_AREA_STYLE('',(#17426));
#17426 = FILL_AREA_STYLE_COLOUR('',#16570);
#17427 = STYLED_ITEM('color',(#17428),#7412);
#17428 = PRESENTATION_STYLE_ASSIGNMENT((#17429));
#17429 = SURFACE_STYLE_USAGE(.BOTH.,#17430);
#17430 = SURFACE_SIDE_STYLE('',(#17431));
#17431 = SURFACE_STYLE_FILL_AREA(#17432);
#17432 = FILL_AREA_STYLE('',(#17433));
#17433 = FILL_AREA_STYLE_COLOUR('',#16570);
#17434 = STYLED_ITEM('color',(#17435),#7429);
#17435 = PRESENTATION_STYLE_ASSIGNMENT((#17436));
#17436 = SURFACE_STYLE_USAGE(.BOTH.,#17437);
#17437 = SURFACE_SIDE_STYLE('',(#17438));
#17438 = SURFACE_STYLE_FILL_AREA(#17439);
#17439 = FILL_AREA_STYLE('',(#17440));
#17440 = FILL_AREA_STYLE_COLOUR('',#16570);
#17441 = STYLED_ITEM('color',(#17442),#7446);
#17442 = PRESENTATION_STYLE_ASSIGNMENT((#17443));
#17443 = SURFACE_STYLE_USAGE(.BOTH.,#17444);
#17444 = SURFACE_SIDE_STYLE('',(#17445));
#17445 = SURFACE_STYLE_FILL_AREA(#17446);
#17446 = FILL_AREA_STYLE('',(#17447));
#17447 = FILL_AREA_STYLE_COLOUR('',#16570);
#17448 = STYLED_ITEM('color',(#17449),#7463);
#17449 = PRESENTATION_STYLE_ASSIGNMENT((#17450));
#17450 = SURFACE_STYLE_USAGE(.BOTH.,#17451);
#17451 = SURFACE_SIDE_STYLE('',(#17452));
#17452 = SURFACE_STYLE_FILL_AREA(#17453);
#17453 = FILL_AREA_STYLE('',(#17454));
#17454 = FILL_AREA_STYLE_COLOUR('',#16570);
#17455 = STYLED_ITEM('color',(#17456),#7480);
#17456 = PRESENTATION_STYLE_ASSIGNMENT((#17457));
#17457 = SURFACE_STYLE_USAGE(.BOTH.,#17458);
#17458 = SURFACE_SIDE_STYLE('',(#17459));
#17459 = SURFACE_STYLE_FILL_AREA(#17460);
#17460 = FILL_AREA_STYLE('',(#17461));
#17461 = FILL_AREA_STYLE_COLOUR('',#16570);
#17462 = STYLED_ITEM('color',(#17463),#7497);
#17463 = PRESENTATION_STYLE_ASSIGNMENT((#17464));
#17464 = SURFACE_STYLE_USAGE(.BOTH.,#17465);
#17465 = SURFACE_SIDE_STYLE('',(#17466));
#17466 = SURFACE_STYLE_FILL_AREA(#17467);
#17467 = FILL_AREA_STYLE('',(#17468));
#17468 = FILL_AREA_STYLE_COLOUR('',#16570);
#17469 = STYLED_ITEM('color',(#17470),#7514);
#17470 = PRESENTATION_STYLE_ASSIGNMENT((#17471));
#17471 = SURFACE_STYLE_USAGE(.BOTH.,#17472);
#17472 = SURFACE_SIDE_STYLE('',(#17473));
#17473 = SURFACE_STYLE_FILL_AREA(#17474);
#17474 = FILL_AREA_STYLE('',(#17475));
#17475 = FILL_AREA_STYLE_COLOUR('',#16570);
#17476 = STYLED_ITEM('color',(#17477),#7531);
#17477 = PRESENTATION_STYLE_ASSIGNMENT((#17478));
#17478 = SURFACE_STYLE_USAGE(.BOTH.,#17479);
#17479 = SURFACE_SIDE_STYLE('',(#17480));
#17480 = SURFACE_STYLE_FILL_AREA(#17481);
#17481 = FILL_AREA_STYLE('',(#17482));
#17482 = FILL_AREA_STYLE_COLOUR('',#16570);
#17483 = STYLED_ITEM('color',(#17484),#7548);
#17484 = PRESENTATION_STYLE_ASSIGNMENT((#17485));
#17485 = SURFACE_STYLE_USAGE(.BOTH.,#17486);
#17486 = SURFACE_SIDE_STYLE('',(#17487));
#17487 = SURFACE_STYLE_FILL_AREA(#17488);
#17488 = FILL_AREA_STYLE('',(#17489));
#17489 = FILL_AREA_STYLE_COLOUR('',#16570);
#17490 = STYLED_ITEM('color',(#17491),#7565);
#17491 = PRESENTATION_STYLE_ASSIGNMENT((#17492));
#17492 = SURFACE_STYLE_USAGE(.BOTH.,#17493);
#17493 = SURFACE_SIDE_STYLE('',(#17494));
#17494 = SURFACE_STYLE_FILL_AREA(#17495);
#17495 = FILL_AREA_STYLE('',(#17496));
#17496 = FILL_AREA_STYLE_COLOUR('',#16570);
#17497 = STYLED_ITEM('color',(#17498),#7582);
#17498 = PRESENTATION_STYLE_ASSIGNMENT((#17499));
#17499 = SURFACE_STYLE_USAGE(.BOTH.,#17500);
#17500 = SURFACE_SIDE_STYLE('',(#17501));
#17501 = SURFACE_STYLE_FILL_AREA(#17502);
#17502 = FILL_AREA_STYLE('',(#17503));
#17503 = FILL_AREA_STYLE_COLOUR('',#16570);
#17504 = STYLED_ITEM('color',(#17505),#7599);
#17505 = PRESENTATION_STYLE_ASSIGNMENT((#17506));
#17506 = SURFACE_STYLE_USAGE(.BOTH.,#17507);
#17507 = SURFACE_SIDE_STYLE('',(#17508));
#17508 = SURFACE_STYLE_FILL_AREA(#17509);
#17509 = FILL_AREA_STYLE('',(#17510));
#17510 = FILL_AREA_STYLE_COLOUR('',#16570);
#17511 = STYLED_ITEM('color',(#17512),#7616);
#17512 = PRESENTATION_STYLE_ASSIGNMENT((#17513));
#17513 = SURFACE_STYLE_USAGE(.BOTH.,#17514);
#17514 = SURFACE_SIDE_STYLE('',(#17515));
#17515 = SURFACE_STYLE_FILL_AREA(#17516);
#17516 = FILL_AREA_STYLE('',(#17517));
#17517 = FILL_AREA_STYLE_COLOUR('',#16570);
#17518 = STYLED_ITEM('color',(#17519),#7633);
#17519 = PRESENTATION_STYLE_ASSIGNMENT((#17520));
#17520 = SURFACE_STYLE_USAGE(.BOTH.,#17521);
#17521 = SURFACE_SIDE_STYLE('',(#17522));
#17522 = SURFACE_STYLE_FILL_AREA(#17523);
#17523 = FILL_AREA_STYLE('',(#17524));
#17524 = FILL_AREA_STYLE_COLOUR('',#16570);
#17525 = STYLED_ITEM('color',(#17526),#7650);
#17526 = PRESENTATION_STYLE_ASSIGNMENT((#17527));
#17527 = SURFACE_STYLE_USAGE(.BOTH.,#17528);
#17528 = SURFACE_SIDE_STYLE('',(#17529));
#17529 = SURFACE_STYLE_FILL_AREA(#17530);
#17530 = FILL_AREA_STYLE('',(#17531));
#17531 = FILL_AREA_STYLE_COLOUR('',#16570);
#17532 = STYLED_ITEM('color',(#17533),#7662);
#17533 = PRESENTATION_STYLE_ASSIGNMENT((#17534));
#17534 = SURFACE_STYLE_USAGE(.BOTH.,#17535);
#17535 = SURFACE_SIDE_STYLE('',(#17536));
#17536 = SURFACE_STYLE_FILL_AREA(#17537);
#17537 = FILL_AREA_STYLE('',(#17538));
#17538 = FILL_AREA_STYLE_COLOUR('',#15347);
#17539 = STYLED_ITEM('color',(#17540),#7693);
#17540 = PRESENTATION_STYLE_ASSIGNMENT((#17541));
#17541 = SURFACE_STYLE_USAGE(.BOTH.,#17542);
#17542 = SURFACE_SIDE_STYLE('',(#17543));
#17543 = SURFACE_STYLE_FILL_AREA(#17544);
#17544 = FILL_AREA_STYLE('',(#17545));
#17545 = FILL_AREA_STYLE_COLOUR('',#15347);
#17546 = STYLED_ITEM('color',(#17547),#7717);
#17547 = PRESENTATION_STYLE_ASSIGNMENT((#17548));
#17548 = SURFACE_STYLE_USAGE(.BOTH.,#17549);
#17549 = SURFACE_SIDE_STYLE('',(#17550));
#17550 = SURFACE_STYLE_FILL_AREA(#17551);
#17551 = FILL_AREA_STYLE('',(#17552));
#17552 = FILL_AREA_STYLE_COLOUR('',#15347);
#17553 = STYLED_ITEM('color',(#17554),#7741);
#17554 = PRESENTATION_STYLE_ASSIGNMENT((#17555));
#17555 = SURFACE_STYLE_USAGE(.BOTH.,#17556);
#17556 = SURFACE_SIDE_STYLE('',(#17557));
#17557 = SURFACE_STYLE_FILL_AREA(#17558);
#17558 = FILL_AREA_STYLE('',(#17559));
#17559 = FILL_AREA_STYLE_COLOUR('',#15347);
#17560 = STYLED_ITEM('color',(#17561),#7758);
#17561 = PRESENTATION_STYLE_ASSIGNMENT((#17562));
#17562 = SURFACE_STYLE_USAGE(.BOTH.,#17563);
#17563 = SURFACE_SIDE_STYLE('',(#17564));
#17564 = SURFACE_STYLE_FILL_AREA(#17565);
#17565 = FILL_AREA_STYLE('',(#17566));
#17566 = FILL_AREA_STYLE_COLOUR('',#15347);
#17567 = STYLED_ITEM('color',(#17568),#7789);
#17568 = PRESENTATION_STYLE_ASSIGNMENT((#17569));
#17569 = SURFACE_STYLE_USAGE(.BOTH.,#17570);
#17570 = SURFACE_SIDE_STYLE('',(#17571));
#17571 = SURFACE_STYLE_FILL_AREA(#17572);
#17572 = FILL_AREA_STYLE('',(#17573));
#17573 = FILL_AREA_STYLE_COLOUR('',#15347);
#17574 = STYLED_ITEM('color',(#17575),#7813);
#17575 = PRESENTATION_STYLE_ASSIGNMENT((#17576));
#17576 = SURFACE_STYLE_USAGE(.BOTH.,#17577);
#17577 = SURFACE_SIDE_STYLE('',(#17578));
#17578 = SURFACE_STYLE_FILL_AREA(#17579);
#17579 = FILL_AREA_STYLE('',(#17580));
#17580 = FILL_AREA_STYLE_COLOUR('',#15347);
#17581 = STYLED_ITEM('color',(#17582),#7837);
#17582 = PRESENTATION_STYLE_ASSIGNMENT((#17583));
#17583 = SURFACE_STYLE_USAGE(.BOTH.,#17584);
#17584 = SURFACE_SIDE_STYLE('',(#17585));
#17585 = SURFACE_STYLE_FILL_AREA(#17586);
#17586 = FILL_AREA_STYLE('',(#17587));
#17587 = FILL_AREA_STYLE_COLOUR('',#15347);
#17588 = STYLED_ITEM('color',(#17589),#7854);
#17589 = PRESENTATION_STYLE_ASSIGNMENT((#17590));
#17590 = SURFACE_STYLE_USAGE(.BOTH.,#17591);
#17591 = SURFACE_SIDE_STYLE('',(#17592));
#17592 = SURFACE_STYLE_FILL_AREA(#17593);
#17593 = FILL_AREA_STYLE('',(#17594));
#17594 = FILL_AREA_STYLE_COLOUR('',#15347);
#17595 = STYLED_ITEM('color',(#17596),#7885);
#17596 = PRESENTATION_STYLE_ASSIGNMENT((#17597));
#17597 = SURFACE_STYLE_USAGE(.BOTH.,#17598);
#17598 = SURFACE_SIDE_STYLE('',(#17599));
#17599 = SURFACE_STYLE_FILL_AREA(#17600);
#17600 = FILL_AREA_STYLE('',(#17601));
#17601 = FILL_AREA_STYLE_COLOUR('',#15347);
#17602 = STYLED_ITEM('color',(#17603),#7909);
#17603 = PRESENTATION_STYLE_ASSIGNMENT((#17604));
#17604 = SURFACE_STYLE_USAGE(.BOTH.,#17605);
#17605 = SURFACE_SIDE_STYLE('',(#17606));
#17606 = SURFACE_STYLE_FILL_AREA(#17607);
#17607 = FILL_AREA_STYLE('',(#17608));
#17608 = FILL_AREA_STYLE_COLOUR('',#15347);
#17609 = STYLED_ITEM('color',(#17610),#7933);
#17610 = PRESENTATION_STYLE_ASSIGNMENT((#17611));
#17611 = SURFACE_STYLE_USAGE(.BOTH.,#17612);
#17612 = SURFACE_SIDE_STYLE('',(#17613));
#17613 = SURFACE_STYLE_FILL_AREA(#17614);
#17614 = FILL_AREA_STYLE('',(#17615));
#17615 = FILL_AREA_STYLE_COLOUR('',#15347);
#17616 = STYLED_ITEM('color',(#17617),#7950);
#17617 = PRESENTATION_STYLE_ASSIGNMENT((#17618));
#17618 = SURFACE_STYLE_USAGE(.BOTH.,#17619);
#17619 = SURFACE_SIDE_STYLE('',(#17620));
#17620 = SURFACE_STYLE_FILL_AREA(#17621);
#17621 = FILL_AREA_STYLE('',(#17622));
#17622 = FILL_AREA_STYLE_COLOUR('',#15347);
#17623 = STYLED_ITEM('color',(#17624),#7981);
#17624 = PRESENTATION_STYLE_ASSIGNMENT((#17625));
#17625 = SURFACE_STYLE_USAGE(.BOTH.,#17626);
#17626 = SURFACE_SIDE_STYLE('',(#17627));
#17627 = SURFACE_STYLE_FILL_AREA(#17628);
#17628 = FILL_AREA_STYLE('',(#17629));
#17629 = FILL_AREA_STYLE_COLOUR('',#15347);
#17630 = STYLED_ITEM('color',(#17631),#8005);
#17631 = PRESENTATION_STYLE_ASSIGNMENT((#17632));
#17632 = SURFACE_STYLE_USAGE(.BOTH.,#17633);
#17633 = SURFACE_SIDE_STYLE('',(#17634));
#17634 = SURFACE_STYLE_FILL_AREA(#17635);
#17635 = FILL_AREA_STYLE('',(#17636));
#17636 = FILL_AREA_STYLE_COLOUR('',#15347);
#17637 = STYLED_ITEM('color',(#17638),#8029);
#17638 = PRESENTATION_STYLE_ASSIGNMENT((#17639));
#17639 = SURFACE_STYLE_USAGE(.BOTH.,#17640);
#17640 = SURFACE_SIDE_STYLE('',(#17641));
#17641 = SURFACE_STYLE_FILL_AREA(#17642);
#17642 = FILL_AREA_STYLE('',(#17643));
#17643 = FILL_AREA_STYLE_COLOUR('',#15347);
#17644 = STYLED_ITEM('color',(#17645),#8046);
#17645 = PRESENTATION_STYLE_ASSIGNMENT((#17646));
#17646 = SURFACE_STYLE_USAGE(.BOTH.,#17647);
#17647 = SURFACE_SIDE_STYLE('',(#17648));
#17648 = SURFACE_STYLE_FILL_AREA(#17649);
#17649 = FILL_AREA_STYLE('',(#17650));
#17650 = FILL_AREA_STYLE_COLOUR('',#15347);
#17651 = STYLED_ITEM('color',(#17652),#8077);
#17652 = PRESENTATION_STYLE_ASSIGNMENT((#17653));
#17653 = SURFACE_STYLE_USAGE(.BOTH.,#17654);
#17654 = SURFACE_SIDE_STYLE('',(#17655));
#17655 = SURFACE_STYLE_FILL_AREA(#17656);
#17656 = FILL_AREA_STYLE('',(#17657));
#17657 = FILL_AREA_STYLE_COLOUR('',#15347);
#17658 = STYLED_ITEM('color',(#17659),#8101);
#17659 = PRESENTATION_STYLE_ASSIGNMENT((#17660));
#17660 = SURFACE_STYLE_USAGE(.BOTH.,#17661);
#17661 = SURFACE_SIDE_STYLE('',(#17662));
#17662 = SURFACE_STYLE_FILL_AREA(#17663);
#17663 = FILL_AREA_STYLE('',(#17664));
#17664 = FILL_AREA_STYLE_COLOUR('',#15347);
#17665 = STYLED_ITEM('color',(#17666),#8125);
#17666 = PRESENTATION_STYLE_ASSIGNMENT((#17667));
#17667 = SURFACE_STYLE_USAGE(.BOTH.,#17668);
#17668 = SURFACE_SIDE_STYLE('',(#17669));
#17669 = SURFACE_STYLE_FILL_AREA(#17670);
#17670 = FILL_AREA_STYLE('',(#17671));
#17671 = FILL_AREA_STYLE_COLOUR('',#15347);
#17672 = STYLED_ITEM('color',(#17673),#8142);
#17673 = PRESENTATION_STYLE_ASSIGNMENT((#17674));
#17674 = SURFACE_STYLE_USAGE(.BOTH.,#17675);
#17675 = SURFACE_SIDE_STYLE('',(#17676));
#17676 = SURFACE_STYLE_FILL_AREA(#17677);
#17677 = FILL_AREA_STYLE('',(#17678));
#17678 = FILL_AREA_STYLE_COLOUR('',#15347);
#17679 = STYLED_ITEM('color',(#17680),#8173);
#17680 = PRESENTATION_STYLE_ASSIGNMENT((#17681));
#17681 = SURFACE_STYLE_USAGE(.BOTH.,#17682);
#17682 = SURFACE_SIDE_STYLE('',(#17683));
#17683 = SURFACE_STYLE_FILL_AREA(#17684);
#17684 = FILL_AREA_STYLE('',(#17685));
#17685 = FILL_AREA_STYLE_COLOUR('',#15347);
#17686 = STYLED_ITEM('color',(#17687),#8197);
#17687 = PRESENTATION_STYLE_ASSIGNMENT((#17688));
#17688 = SURFACE_STYLE_USAGE(.BOTH.,#17689);
#17689 = SURFACE_SIDE_STYLE('',(#17690));
#17690 = SURFACE_STYLE_FILL_AREA(#17691);
#17691 = FILL_AREA_STYLE('',(#17692));
#17692 = FILL_AREA_STYLE_COLOUR('',#15347);
#17693 = STYLED_ITEM('color',(#17694),#8221);
#17694 = PRESENTATION_STYLE_ASSIGNMENT((#17695));
#17695 = SURFACE_STYLE_USAGE(.BOTH.,#17696);
#17696 = SURFACE_SIDE_STYLE('',(#17697));
#17697 = SURFACE_STYLE_FILL_AREA(#17698);
#17698 = FILL_AREA_STYLE('',(#17699));
#17699 = FILL_AREA_STYLE_COLOUR('',#15347);
#17700 = STYLED_ITEM('color',(#17701),#8238);
#17701 = PRESENTATION_STYLE_ASSIGNMENT((#17702));
#17702 = SURFACE_STYLE_USAGE(.BOTH.,#17703);
#17703 = SURFACE_SIDE_STYLE('',(#17704));
#17704 = SURFACE_STYLE_FILL_AREA(#17705);
#17705 = FILL_AREA_STYLE('',(#17706));
#17706 = FILL_AREA_STYLE_COLOUR('',#15347);
#17707 = STYLED_ITEM('color',(#17708),#8269);
#17708 = PRESENTATION_STYLE_ASSIGNMENT((#17709));
#17709 = SURFACE_STYLE_USAGE(.BOTH.,#17710);
#17710 = SURFACE_SIDE_STYLE('',(#17711));
#17711 = SURFACE_STYLE_FILL_AREA(#17712);
#17712 = FILL_AREA_STYLE('',(#17713));
#17713 = FILL_AREA_STYLE_COLOUR('',#15347);
#17714 = STYLED_ITEM('color',(#17715),#8293);
#17715 = PRESENTATION_STYLE_ASSIGNMENT((#17716));
#17716 = SURFACE_STYLE_USAGE(.BOTH.,#17717);
#17717 = SURFACE_SIDE_STYLE('',(#17718));
#17718 = SURFACE_STYLE_FILL_AREA(#17719);
#17719 = FILL_AREA_STYLE('',(#17720));
#17720 = FILL_AREA_STYLE_COLOUR('',#15347);
#17721 = STYLED_ITEM('color',(#17722),#8317);
#17722 = PRESENTATION_STYLE_ASSIGNMENT((#17723));
#17723 = SURFACE_STYLE_USAGE(.BOTH.,#17724);
#17724 = SURFACE_SIDE_STYLE('',(#17725));
#17725 = SURFACE_STYLE_FILL_AREA(#17726);
#17726 = FILL_AREA_STYLE('',(#17727));
#17727 = FILL_AREA_STYLE_COLOUR('',#15347);
#17728 = STYLED_ITEM('color',(#17729),#8334);
#17729 = PRESENTATION_STYLE_ASSIGNMENT((#17730));
#17730 = SURFACE_STYLE_USAGE(.BOTH.,#17731);
#17731 = SURFACE_SIDE_STYLE('',(#17732));
#17732 = SURFACE_STYLE_FILL_AREA(#17733);
#17733 = FILL_AREA_STYLE('',(#17734));
#17734 = FILL_AREA_STYLE_COLOUR('',#15347);
#17735 = STYLED_ITEM('color',(#17736),#8365);
#17736 = PRESENTATION_STYLE_ASSIGNMENT((#17737));
#17737 = SURFACE_STYLE_USAGE(.BOTH.,#17738);
#17738 = SURFACE_SIDE_STYLE('',(#17739));
#17739 = SURFACE_STYLE_FILL_AREA(#17740);
#17740 = FILL_AREA_STYLE('',(#17741));
#17741 = FILL_AREA_STYLE_COLOUR('',#15347);
#17742 = STYLED_ITEM('color',(#17743),#8389);
#17743 = PRESENTATION_STYLE_ASSIGNMENT((#17744));
#17744 = SURFACE_STYLE_USAGE(.BOTH.,#17745);
#17745 = SURFACE_SIDE_STYLE('',(#17746));
#17746 = SURFACE_STYLE_FILL_AREA(#17747);
#17747 = FILL_AREA_STYLE('',(#17748));
#17748 = FILL_AREA_STYLE_COLOUR('',#15347);
#17749 = STYLED_ITEM('color',(#17750),#8413);
#17750 = PRESENTATION_STYLE_ASSIGNMENT((#17751));
#17751 = SURFACE_STYLE_USAGE(.BOTH.,#17752);
#17752 = SURFACE_SIDE_STYLE('',(#17753));
#17753 = SURFACE_STYLE_FILL_AREA(#17754);
#17754 = FILL_AREA_STYLE('',(#17755));
#17755 = FILL_AREA_STYLE_COLOUR('',#15347);
#17756 = STYLED_ITEM('color',(#17757),#8430);
#17757 = PRESENTATION_STYLE_ASSIGNMENT((#17758));
#17758 = SURFACE_STYLE_USAGE(.BOTH.,#17759);
#17759 = SURFACE_SIDE_STYLE('',(#17760));
#17760 = SURFACE_STYLE_FILL_AREA(#17761);
#17761 = FILL_AREA_STYLE('',(#17762));
#17762 = FILL_AREA_STYLE_COLOUR('',#15347);
#17763 = STYLED_ITEM('color',(#17764),#8461);
#17764 = PRESENTATION_STYLE_ASSIGNMENT((#17765));
#17765 = SURFACE_STYLE_USAGE(.BOTH.,#17766);
#17766 = SURFACE_SIDE_STYLE('',(#17767));
#17767 = SURFACE_STYLE_FILL_AREA(#17768);
#17768 = FILL_AREA_STYLE('',(#17769));
#17769 = FILL_AREA_STYLE_COLOUR('',#15347);
#17770 = STYLED_ITEM('color',(#17771),#8485);
#17771 = PRESENTATION_STYLE_ASSIGNMENT((#17772));
#17772 = SURFACE_STYLE_USAGE(.BOTH.,#17773);
#17773 = SURFACE_SIDE_STYLE('',(#17774));
#17774 = SURFACE_STYLE_FILL_AREA(#17775);
#17775 = FILL_AREA_STYLE('',(#17776));
#17776 = FILL_AREA_STYLE_COLOUR('',#15347);
#17777 = STYLED_ITEM('color',(#17778),#8509);
#17778 = PRESENTATION_STYLE_ASSIGNMENT((#17779));
#17779 = SURFACE_STYLE_USAGE(.BOTH.,#17780);
#17780 = SURFACE_SIDE_STYLE('',(#17781));
#17781 = SURFACE_STYLE_FILL_AREA(#17782);
#17782 = FILL_AREA_STYLE('',(#17783));
#17783 = FILL_AREA_STYLE_COLOUR('',#15347);
#17784 = STYLED_ITEM('color',(#17785),#8526);
#17785 = PRESENTATION_STYLE_ASSIGNMENT((#17786));
#17786 = SURFACE_STYLE_USAGE(.BOTH.,#17787);
#17787 = SURFACE_SIDE_STYLE('',(#17788));
#17788 = SURFACE_STYLE_FILL_AREA(#17789);
#17789 = FILL_AREA_STYLE('',(#17790));
#17790 = FILL_AREA_STYLE_COLOUR('',#15347);
#17791 = STYLED_ITEM('color',(#17792),#8557);
#17792 = PRESENTATION_STYLE_ASSIGNMENT((#17793));
#17793 = SURFACE_STYLE_USAGE(.BOTH.,#17794);
#17794 = SURFACE_SIDE_STYLE('',(#17795));
#17795 = SURFACE_STYLE_FILL_AREA(#17796);
#17796 = FILL_AREA_STYLE('',(#17797));
#17797 = FILL_AREA_STYLE_COLOUR('',#15347);
#17798 = STYLED_ITEM('color',(#17799),#8581);
#17799 = PRESENTATION_STYLE_ASSIGNMENT((#17800));
#17800 = SURFACE_STYLE_USAGE(.BOTH.,#17801);
#17801 = SURFACE_SIDE_STYLE('',(#17802));
#17802 = SURFACE_STYLE_FILL_AREA(#17803);
#17803 = FILL_AREA_STYLE('',(#17804));
#17804 = FILL_AREA_STYLE_COLOUR('',#15347);
#17805 = STYLED_ITEM('color',(#17806),#8605);
#17806 = PRESENTATION_STYLE_ASSIGNMENT((#17807));
#17807 = SURFACE_STYLE_USAGE(.BOTH.,#17808);
#17808 = SURFACE_SIDE_STYLE('',(#17809));
#17809 = SURFACE_STYLE_FILL_AREA(#17810);
#17810 = FILL_AREA_STYLE('',(#17811));
#17811 = FILL_AREA_STYLE_COLOUR('',#15347);
#17812 = STYLED_ITEM('color',(#17813),#8622);
#17813 = PRESENTATION_STYLE_ASSIGNMENT((#17814));
#17814 = SURFACE_STYLE_USAGE(.BOTH.,#17815);
#17815 = SURFACE_SIDE_STYLE('',(#17816));
#17816 = SURFACE_STYLE_FILL_AREA(#17817);
#17817 = FILL_AREA_STYLE('',(#17818));
#17818 = FILL_AREA_STYLE_COLOUR('',#15347);
#17819 = STYLED_ITEM('color',(#17820),#8653);
#17820 = PRESENTATION_STYLE_ASSIGNMENT((#17821));
#17821 = SURFACE_STYLE_USAGE(.BOTH.,#17822);
#17822 = SURFACE_SIDE_STYLE('',(#17823));
#17823 = SURFACE_STYLE_FILL_AREA(#17824);
#17824 = FILL_AREA_STYLE('',(#17825));
#17825 = FILL_AREA_STYLE_COLOUR('',#15347);
#17826 = STYLED_ITEM('color',(#17827),#8677);
#17827 = PRESENTATION_STYLE_ASSIGNMENT((#17828));
#17828 = SURFACE_STYLE_USAGE(.BOTH.,#17829);
#17829 = SURFACE_SIDE_STYLE('',(#17830));
#17830 = SURFACE_STYLE_FILL_AREA(#17831);
#17831 = FILL_AREA_STYLE('',(#17832));
#17832 = FILL_AREA_STYLE_COLOUR('',#15347);
#17833 = STYLED_ITEM('color',(#17834),#8701);
#17834 = PRESENTATION_STYLE_ASSIGNMENT((#17835));
#17835 = SURFACE_STYLE_USAGE(.BOTH.,#17836);
#17836 = SURFACE_SIDE_STYLE('',(#17837));
#17837 = SURFACE_STYLE_FILL_AREA(#17838);
#17838 = FILL_AREA_STYLE('',(#17839));
#17839 = FILL_AREA_STYLE_COLOUR('',#15347);
#17840 = STYLED_ITEM('color',(#17841),#8718);
#17841 = PRESENTATION_STYLE_ASSIGNMENT((#17842));
#17842 = SURFACE_STYLE_USAGE(.BOTH.,#17843);
#17843 = SURFACE_SIDE_STYLE('',(#17844));
#17844 = SURFACE_STYLE_FILL_AREA(#17845);
#17845 = FILL_AREA_STYLE('',(#17846));
#17846 = FILL_AREA_STYLE_COLOUR('',#15347);
#17847 = STYLED_ITEM('color',(#17848),#8749);
#17848 = PRESENTATION_STYLE_ASSIGNMENT((#17849));
#17849 = SURFACE_STYLE_USAGE(.BOTH.,#17850);
#17850 = SURFACE_SIDE_STYLE('',(#17851));
#17851 = SURFACE_STYLE_FILL_AREA(#17852);
#17852 = FILL_AREA_STYLE('',(#17853));
#17853 = FILL_AREA_STYLE_COLOUR('',#15347);
#17854 = STYLED_ITEM('color',(#17855),#8773);
#17855 = PRESENTATION_STYLE_ASSIGNMENT((#17856));
#17856 = SURFACE_STYLE_USAGE(.BOTH.,#17857);
#17857 = SURFACE_SIDE_STYLE('',(#17858));
#17858 = SURFACE_STYLE_FILL_AREA(#17859);
#17859 = FILL_AREA_STYLE('',(#17860));
#17860 = FILL_AREA_STYLE_COLOUR('',#15347);
#17861 = STYLED_ITEM('color',(#17862),#8797);
#17862 = PRESENTATION_STYLE_ASSIGNMENT((#17863));
#17863 = SURFACE_STYLE_USAGE(.BOTH.,#17864);
#17864 = SURFACE_SIDE_STYLE('',(#17865));
#17865 = SURFACE_STYLE_FILL_AREA(#17866);
#17866 = FILL_AREA_STYLE('',(#17867));
#17867 = FILL_AREA_STYLE_COLOUR('',#15347);
#17868 = STYLED_ITEM('color',(#17869),#8814);
#17869 = PRESENTATION_STYLE_ASSIGNMENT((#17870));
#17870 = SURFACE_STYLE_USAGE(.BOTH.,#17871);
#17871 = SURFACE_SIDE_STYLE('',(#17872));
#17872 = SURFACE_STYLE_FILL_AREA(#17873);
#17873 = FILL_AREA_STYLE('',(#17874));
#17874 = FILL_AREA_STYLE_COLOUR('',#15347);
#17875 = STYLED_ITEM('color',(#17876),#8845);
#17876 = PRESENTATION_STYLE_ASSIGNMENT((#17877));
#17877 = SURFACE_STYLE_USAGE(.BOTH.,#17878);
#17878 = SURFACE_SIDE_STYLE('',(#17879));
#17879 = SURFACE_STYLE_FILL_AREA(#17880);
#17880 = FILL_AREA_STYLE('',(#17881));
#17881 = FILL_AREA_STYLE_COLOUR('',#15347);
#17882 = STYLED_ITEM('color',(#17883),#8869);
#17883 = PRESENTATION_STYLE_ASSIGNMENT((#17884));
#17884 = SURFACE_STYLE_USAGE(.BOTH.,#17885);
#17885 = SURFACE_SIDE_STYLE('',(#17886));
#17886 = SURFACE_STYLE_FILL_AREA(#17887);
#17887 = FILL_AREA_STYLE('',(#17888));
#17888 = FILL_AREA_STYLE_COLOUR('',#15347);
#17889 = STYLED_ITEM('color',(#17890),#8893);
#17890 = PRESENTATION_STYLE_ASSIGNMENT((#17891));
#17891 = SURFACE_STYLE_USAGE(.BOTH.,#17892);
#17892 = SURFACE_SIDE_STYLE('',(#17893));
#17893 = SURFACE_STYLE_FILL_AREA(#17894);
#17894 = FILL_AREA_STYLE('',(#17895));
#17895 = FILL_AREA_STYLE_COLOUR('',#15347);
#17896 = STYLED_ITEM('color',(#17897),#8910);
#17897 = PRESENTATION_STYLE_ASSIGNMENT((#17898));
#17898 = SURFACE_STYLE_USAGE(.BOTH.,#17899);
#17899 = SURFACE_SIDE_STYLE('',(#17900));
#17900 = SURFACE_STYLE_FILL_AREA(#17901);
#17901 = FILL_AREA_STYLE('',(#17902));
#17902 = FILL_AREA_STYLE_COLOUR('',#15347);
#17903 = STYLED_ITEM('color',(#17904),#8941);
#17904 = PRESENTATION_STYLE_ASSIGNMENT((#17905));
#17905 = SURFACE_STYLE_USAGE(.BOTH.,#17906);
#17906 = SURFACE_SIDE_STYLE('',(#17907));
#17907 = SURFACE_STYLE_FILL_AREA(#17908);
#17908 = FILL_AREA_STYLE('',(#17909));
#17909 = FILL_AREA_STYLE_COLOUR('',#15347);
#17910 = STYLED_ITEM('color',(#17911),#8965);
#17911 = PRESENTATION_STYLE_ASSIGNMENT((#17912));
#17912 = SURFACE_STYLE_USAGE(.BOTH.,#17913);
#17913 = SURFACE_SIDE_STYLE('',(#17914));
#17914 = SURFACE_STYLE_FILL_AREA(#17915);
#17915 = FILL_AREA_STYLE('',(#17916));
#17916 = FILL_AREA_STYLE_COLOUR('',#15347);
#17917 = STYLED_ITEM('color',(#17918),#8989);
#17918 = PRESENTATION_STYLE_ASSIGNMENT((#17919));
#17919 = SURFACE_STYLE_USAGE(.BOTH.,#17920);
#17920 = SURFACE_SIDE_STYLE('',(#17921));
#17921 = SURFACE_STYLE_FILL_AREA(#17922);
#17922 = FILL_AREA_STYLE('',(#17923));
#17923 = FILL_AREA_STYLE_COLOUR('',#15347);
#17924 = STYLED_ITEM('color',(#17925),#9006);
#17925 = PRESENTATION_STYLE_ASSIGNMENT((#17926));
#17926 = SURFACE_STYLE_USAGE(.BOTH.,#17927);
#17927 = SURFACE_SIDE_STYLE('',(#17928));
#17928 = SURFACE_STYLE_FILL_AREA(#17929);
#17929 = FILL_AREA_STYLE('',(#17930));
#17930 = FILL_AREA_STYLE_COLOUR('',#15347);
#17931 = STYLED_ITEM('color',(#17932),#9037);
#17932 = PRESENTATION_STYLE_ASSIGNMENT((#17933));
#17933 = SURFACE_STYLE_USAGE(.BOTH.,#17934);
#17934 = SURFACE_SIDE_STYLE('',(#17935));
#17935 = SURFACE_STYLE_FILL_AREA(#17936);
#17936 = FILL_AREA_STYLE('',(#17937));
#17937 = FILL_AREA_STYLE_COLOUR('',#15347);
#17938 = STYLED_ITEM('color',(#17939),#9061);
#17939 = PRESENTATION_STYLE_ASSIGNMENT((#17940));
#17940 = SURFACE_STYLE_USAGE(.BOTH.,#17941);
#17941 = SURFACE_SIDE_STYLE('',(#17942));
#17942 = SURFACE_STYLE_FILL_AREA(#17943);
#17943 = FILL_AREA_STYLE('',(#17944));
#17944 = FILL_AREA_STYLE_COLOUR('',#15347);
#17945 = STYLED_ITEM('color',(#17946),#9085);
#17946 = PRESENTATION_STYLE_ASSIGNMENT((#17947));
#17947 = SURFACE_STYLE_USAGE(.BOTH.,#17948);
#17948 = SURFACE_SIDE_STYLE('',(#17949));
#17949 = SURFACE_STYLE_FILL_AREA(#17950);
#17950 = FILL_AREA_STYLE('',(#17951));
#17951 = FILL_AREA_STYLE_COLOUR('',#15347);
#17952 = STYLED_ITEM('color',(#17953),#9102);
#17953 = PRESENTATION_STYLE_ASSIGNMENT((#17954));
#17954 = SURFACE_STYLE_USAGE(.BOTH.,#17955);
#17955 = SURFACE_SIDE_STYLE('',(#17956));
#17956 = SURFACE_STYLE_FILL_AREA(#17957);
#17957 = FILL_AREA_STYLE('',(#17958));
#17958 = FILL_AREA_STYLE_COLOUR('',#15347);
#17959 = STYLED_ITEM('color',(#17960),#9133);
#17960 = PRESENTATION_STYLE_ASSIGNMENT((#17961));
#17961 = SURFACE_STYLE_USAGE(.BOTH.,#17962);
#17962 = SURFACE_SIDE_STYLE('',(#17963));
#17963 = SURFACE_STYLE_FILL_AREA(#17964);
#17964 = FILL_AREA_STYLE('',(#17965));
#17965 = FILL_AREA_STYLE_COLOUR('',#15347);
#17966 = STYLED_ITEM('color',(#17967),#9157);
#17967 = PRESENTATION_STYLE_ASSIGNMENT((#17968));
#17968 = SURFACE_STYLE_USAGE(.BOTH.,#17969);
#17969 = SURFACE_SIDE_STYLE('',(#17970));
#17970 = SURFACE_STYLE_FILL_AREA(#17971);
#17971 = FILL_AREA_STYLE('',(#17972));
#17972 = FILL_AREA_STYLE_COLOUR('',#15347);
#17973 = STYLED_ITEM('color',(#17974),#9181);
#17974 = PRESENTATION_STYLE_ASSIGNMENT((#17975));
#17975 = SURFACE_STYLE_USAGE(.BOTH.,#17976);
#17976 = SURFACE_SIDE_STYLE('',(#17977));
#17977 = SURFACE_STYLE_FILL_AREA(#17978);
#17978 = FILL_AREA_STYLE('',(#17979));
#17979 = FILL_AREA_STYLE_COLOUR('',#15347);
#17980 = STYLED_ITEM('color',(#17981),#9198);
#17981 = PRESENTATION_STYLE_ASSIGNMENT((#17982));
#17982 = SURFACE_STYLE_USAGE(.BOTH.,#17983);
#17983 = SURFACE_SIDE_STYLE('',(#17984));
#17984 = SURFACE_STYLE_FILL_AREA(#17985);
#17985 = FILL_AREA_STYLE('',(#17986));
#17986 = FILL_AREA_STYLE_COLOUR('',#15347);
#17987 = STYLED_ITEM('color',(#17988),#9210);
#17988 = PRESENTATION_STYLE_ASSIGNMENT((#17989));
#17989 = SURFACE_STYLE_USAGE(.BOTH.,#17990);
#17990 = SURFACE_SIDE_STYLE('',(#17991));
#17991 = SURFACE_STYLE_FILL_AREA(#17992);
#17992 = FILL_AREA_STYLE('',(#17993));
#17993 = FILL_AREA_STYLE_COLOUR('',#15347);
#17994 = STYLED_ITEM('color',(#17995),#9222);
#17995 = PRESENTATION_STYLE_ASSIGNMENT((#17996));
#17996 = SURFACE_STYLE_USAGE(.BOTH.,#17997);
#17997 = SURFACE_SIDE_STYLE('',(#17998));
#17998 = SURFACE_STYLE_FILL_AREA(#17999);
#17999 = FILL_AREA_STYLE('',(#18000));
#18000 = FILL_AREA_STYLE_COLOUR('',#15347);
#18001 = STYLED_ITEM('color',(#18002),#9234);
#18002 = PRESENTATION_STYLE_ASSIGNMENT((#18003));
#18003 = SURFACE_STYLE_USAGE(.BOTH.,#18004);
#18004 = SURFACE_SIDE_STYLE('',(#18005));
#18005 = SURFACE_STYLE_FILL_AREA(#18006);
#18006 = FILL_AREA_STYLE('',(#18007));
#18007 = FILL_AREA_STYLE_COLOUR('',#15347);
#18008 = STYLED_ITEM('color',(#18009),#9246);
#18009 = PRESENTATION_STYLE_ASSIGNMENT((#18010));
#18010 = SURFACE_STYLE_USAGE(.BOTH.,#18011);
#18011 = SURFACE_SIDE_STYLE('',(#18012));
#18012 = SURFACE_STYLE_FILL_AREA(#18013);
#18013 = FILL_AREA_STYLE('',(#18014));
#18014 = FILL_AREA_STYLE_COLOUR('',#15347);
#18015 = STYLED_ITEM('color',(#18016),#9258);
#18016 = PRESENTATION_STYLE_ASSIGNMENT((#18017));
#18017 = SURFACE_STYLE_USAGE(.BOTH.,#18018);
#18018 = SURFACE_SIDE_STYLE('',(#18019));
#18019 = SURFACE_STYLE_FILL_AREA(#18020);
#18020 = FILL_AREA_STYLE('',(#18021));
#18021 = FILL_AREA_STYLE_COLOUR('',#15347);
#18022 = STYLED_ITEM('color',(#18023),#9270);
#18023 = PRESENTATION_STYLE_ASSIGNMENT((#18024));
#18024 = SURFACE_STYLE_USAGE(.BOTH.,#18025);
#18025 = SURFACE_SIDE_STYLE('',(#18026));
#18026 = SURFACE_STYLE_FILL_AREA(#18027);
#18027 = FILL_AREA_STYLE('',(#18028));
#18028 = FILL_AREA_STYLE_COLOUR('',#15347);
#18029 = STYLED_ITEM('color',(#18030),#9282);
#18030 = PRESENTATION_STYLE_ASSIGNMENT((#18031));
#18031 = SURFACE_STYLE_USAGE(.BOTH.,#18032);
#18032 = SURFACE_SIDE_STYLE('',(#18033));
#18033 = SURFACE_STYLE_FILL_AREA(#18034);
#18034 = FILL_AREA_STYLE('',(#18035));
#18035 = FILL_AREA_STYLE_COLOUR('',#15347);
#18036 = MECHANICAL_DESIGN_GEOMETRIC_PRESENTATION_REPRESENTATION('',(
    #18037,#18044,#18051,#18058,#18065,#18072,#18079,#18086,#18093,
    #18100,#18107,#18115,#18122,#18129,#18136,#18143,#18150,#18157,
    #18164,#18171,#18178,#18185,#18192,#18199,#18206,#18213,#18220,
    #18227),#1011);
#18037 = STYLED_ITEM('color',(#18038),#159);
#18038 = PRESENTATION_STYLE_ASSIGNMENT((#18039));
#18039 = SURFACE_STYLE_USAGE(.BOTH.,#18040);
#18040 = SURFACE_SIDE_STYLE('',(#18041));
#18041 = SURFACE_STYLE_FILL_AREA(#18042);
#18042 = FILL_AREA_STYLE('',(#18043));
#18043 = FILL_AREA_STYLE_COLOUR('',#14790);
#18044 = STYLED_ITEM('color',(#18045),#235);
#18045 = PRESENTATION_STYLE_ASSIGNMENT((#18046));
#18046 = SURFACE_STYLE_USAGE(.BOTH.,#18047);
#18047 = SURFACE_SIDE_STYLE('',(#18048));
#18048 = SURFACE_STYLE_FILL_AREA(#18049);
#18049 = FILL_AREA_STYLE('',(#18050));
#18050 = FILL_AREA_STYLE_COLOUR('',#14790);
#18051 = STYLED_ITEM('color',(#18052),#266);
#18052 = PRESENTATION_STYLE_ASSIGNMENT((#18053));
#18053 = SURFACE_STYLE_USAGE(.BOTH.,#18054);
#18054 = SURFACE_SIDE_STYLE('',(#18055));
#18055 = SURFACE_STYLE_FILL_AREA(#18056);
#18056 = FILL_AREA_STYLE('',(#18057));
#18057 = FILL_AREA_STYLE_COLOUR('',#14790);
#18058 = STYLED_ITEM('color',(#18059),#291);
#18059 = PRESENTATION_STYLE_ASSIGNMENT((#18060));
#18060 = SURFACE_STYLE_USAGE(.BOTH.,#18061);
#18061 = SURFACE_SIDE_STYLE('',(#18062));
#18062 = SURFACE_STYLE_FILL_AREA(#18063);
#18063 = FILL_AREA_STYLE('',(#18064));
#18064 = FILL_AREA_STYLE_COLOUR('',#14790);
#18065 = STYLED_ITEM('color',(#18066),#316);
#18066 = PRESENTATION_STYLE_ASSIGNMENT((#18067));
#18067 = SURFACE_STYLE_USAGE(.BOTH.,#18068);
#18068 = SURFACE_SIDE_STYLE('',(#18069));
#18069 = SURFACE_STYLE_FILL_AREA(#18070);
#18070 = FILL_AREA_STYLE('',(#18071));
#18071 = FILL_AREA_STYLE_COLOUR('',#14790);
#18072 = STYLED_ITEM('color',(#18073),#340);
#18073 = PRESENTATION_STYLE_ASSIGNMENT((#18074));
#18074 = SURFACE_STYLE_USAGE(.BOTH.,#18075);
#18075 = SURFACE_SIDE_STYLE('',(#18076));
#18076 = SURFACE_STYLE_FILL_AREA(#18077);
#18077 = FILL_AREA_STYLE('',(#18078));
#18078 = FILL_AREA_STYLE_COLOUR('',#14790);
#18079 = STYLED_ITEM('color',(#18080),#364);
#18080 = PRESENTATION_STYLE_ASSIGNMENT((#18081));
#18081 = SURFACE_STYLE_USAGE(.BOTH.,#18082);
#18082 = SURFACE_SIDE_STYLE('',(#18083));
#18083 = SURFACE_STYLE_FILL_AREA(#18084);
#18084 = FILL_AREA_STYLE('',(#18085));
#18085 = FILL_AREA_STYLE_COLOUR('',#14790);
#18086 = STYLED_ITEM('color',(#18087),#389);
#18087 = PRESENTATION_STYLE_ASSIGNMENT((#18088));
#18088 = SURFACE_STYLE_USAGE(.BOTH.,#18089);
#18089 = SURFACE_SIDE_STYLE('',(#18090));
#18090 = SURFACE_STYLE_FILL_AREA(#18091);
#18091 = FILL_AREA_STYLE('',(#18092));
#18092 = FILL_AREA_STYLE_COLOUR('',#14790);
#18093 = STYLED_ITEM('color',(#18094),#414);
#18094 = PRESENTATION_STYLE_ASSIGNMENT((#18095));
#18095 = SURFACE_STYLE_USAGE(.BOTH.,#18096);
#18096 = SURFACE_SIDE_STYLE('',(#18097));
#18097 = SURFACE_STYLE_FILL_AREA(#18098);
#18098 = FILL_AREA_STYLE('',(#18099));
#18099 = FILL_AREA_STYLE_COLOUR('',#14790);
#18100 = STYLED_ITEM('color',(#18101),#431);
#18101 = PRESENTATION_STYLE_ASSIGNMENT((#18102));
#18102 = SURFACE_STYLE_USAGE(.BOTH.,#18103);
#18103 = SURFACE_SIDE_STYLE('',(#18104));
#18104 = SURFACE_STYLE_FILL_AREA(#18105);
#18105 = FILL_AREA_STYLE('',(#18106));
#18106 = FILL_AREA_STYLE_COLOUR('',#14790);
#18107 = STYLED_ITEM('color',(#18108),#517);
#18108 = PRESENTATION_STYLE_ASSIGNMENT((#18109));
#18109 = SURFACE_STYLE_USAGE(.BOTH.,#18110);
#18110 = SURFACE_SIDE_STYLE('',(#18111));
#18111 = SURFACE_STYLE_FILL_AREA(#18112);
#18112 = FILL_AREA_STYLE('',(#18113));
#18113 = FILL_AREA_STYLE_COLOUR('',#18114);
#18114 = COLOUR_RGB('',0.379000005575,0.270000008848,0.214999999939);
#18115 = STYLED_ITEM('color',(#18116),#549);
#18116 = PRESENTATION_STYLE_ASSIGNMENT((#18117));
#18117 = SURFACE_STYLE_USAGE(.BOTH.,#18118);
#18118 = SURFACE_SIDE_STYLE('',(#18119));
#18119 = SURFACE_STYLE_FILL_AREA(#18120);
#18120 = FILL_AREA_STYLE('',(#18121));
#18121 = FILL_AREA_STYLE_COLOUR('',#18114);
#18122 = STYLED_ITEM('color',(#18123),#573);
#18123 = PRESENTATION_STYLE_ASSIGNMENT((#18124));
#18124 = SURFACE_STYLE_USAGE(.BOTH.,#18125);
#18125 = SURFACE_SIDE_STYLE('',(#18126));
#18126 = SURFACE_STYLE_FILL_AREA(#18127);
#18127 = FILL_AREA_STYLE('',(#18128));
#18128 = FILL_AREA_STYLE_COLOUR('',#18114);
#18129 = STYLED_ITEM('color',(#18130),#598);
#18130 = PRESENTATION_STYLE_ASSIGNMENT((#18131));
#18131 = SURFACE_STYLE_USAGE(.BOTH.,#18132);
#18132 = SURFACE_SIDE_STYLE('',(#18133));
#18133 = SURFACE_STYLE_FILL_AREA(#18134);
#18134 = FILL_AREA_STYLE('',(#18135));
#18135 = FILL_AREA_STYLE_COLOUR('',#18114);
#18136 = STYLED_ITEM('color',(#18137),#622);
#18137 = PRESENTATION_STYLE_ASSIGNMENT((#18138));
#18138 = SURFACE_STYLE_USAGE(.BOTH.,#18139);
#18139 = SURFACE_SIDE_STYLE('',(#18140));
#18140 = SURFACE_STYLE_FILL_AREA(#18141);
#18141 = FILL_AREA_STYLE('',(#18142));
#18142 = FILL_AREA_STYLE_COLOUR('',#18114);
#18143 = STYLED_ITEM('color',(#18144),#647);
#18144 = PRESENTATION_STYLE_ASSIGNMENT((#18145));
#18145 = SURFACE_STYLE_USAGE(.BOTH.,#18146);
#18146 = SURFACE_SIDE_STYLE('',(#18147));
#18147 = SURFACE_STYLE_FILL_AREA(#18148);
#18148 = FILL_AREA_STYLE('',(#18149));
#18149 = FILL_AREA_STYLE_COLOUR('',#18114);
#18150 = STYLED_ITEM('color',(#18151),#671);
#18151 = PRESENTATION_STYLE_ASSIGNMENT((#18152));
#18152 = SURFACE_STYLE_USAGE(.BOTH.,#18153);
#18153 = SURFACE_SIDE_STYLE('',(#18154));
#18154 = SURFACE_STYLE_FILL_AREA(#18155);
#18155 = FILL_AREA_STYLE('',(#18156));
#18156 = FILL_AREA_STYLE_COLOUR('',#18114);
#18157 = STYLED_ITEM('color',(#18158),#696);
#18158 = PRESENTATION_STYLE_ASSIGNMENT((#18159));
#18159 = SURFACE_STYLE_USAGE(.BOTH.,#18160);
#18160 = SURFACE_SIDE_STYLE('',(#18161));
#18161 = SURFACE_STYLE_FILL_AREA(#18162);
#18162 = FILL_AREA_STYLE('',(#18163));
#18163 = FILL_AREA_STYLE_COLOUR('',#18114);
#18164 = STYLED_ITEM('color',(#18165),#713);
#18165 = PRESENTATION_STYLE_ASSIGNMENT((#18166));
#18166 = SURFACE_STYLE_USAGE(.BOTH.,#18167);
#18167 = SURFACE_SIDE_STYLE('',(#18168));
#18168 = SURFACE_STYLE_FILL_AREA(#18169);
#18169 = FILL_AREA_STYLE('',(#18170));
#18170 = FILL_AREA_STYLE_COLOUR('',#14790);
#18171 = STYLED_ITEM('color',(#18172),#799);
#18172 = PRESENTATION_STYLE_ASSIGNMENT((#18173));
#18173 = SURFACE_STYLE_USAGE(.BOTH.,#18174);
#18174 = SURFACE_SIDE_STYLE('',(#18175));
#18175 = SURFACE_STYLE_FILL_AREA(#18176);
#18176 = FILL_AREA_STYLE('',(#18177));
#18177 = FILL_AREA_STYLE_COLOUR('',#14790);
#18178 = STYLED_ITEM('color',(#18179),#830);
#18179 = PRESENTATION_STYLE_ASSIGNMENT((#18180));
#18180 = SURFACE_STYLE_USAGE(.BOTH.,#18181);
#18181 = SURFACE_SIDE_STYLE('',(#18182));
#18182 = SURFACE_STYLE_FILL_AREA(#18183);
#18183 = FILL_AREA_STYLE('',(#18184));
#18184 = FILL_AREA_STYLE_COLOUR('',#14790);
#18185 = STYLED_ITEM('color',(#18186),#855);
#18186 = PRESENTATION_STYLE_ASSIGNMENT((#18187));
#18187 = SURFACE_STYLE_USAGE(.BOTH.,#18188);
#18188 = SURFACE_SIDE_STYLE('',(#18189));
#18189 = SURFACE_STYLE_FILL_AREA(#18190);
#18190 = FILL_AREA_STYLE('',(#18191));
#18191 = FILL_AREA_STYLE_COLOUR('',#14790);
#18192 = STYLED_ITEM('color',(#18193),#880);
#18193 = PRESENTATION_STYLE_ASSIGNMENT((#18194));
#18194 = SURFACE_STYLE_USAGE(.BOTH.,#18195);
#18195 = SURFACE_SIDE_STYLE('',(#18196));
#18196 = SURFACE_STYLE_FILL_AREA(#18197);
#18197 = FILL_AREA_STYLE('',(#18198));
#18198 = FILL_AREA_STYLE_COLOUR('',#14790);
#18199 = STYLED_ITEM('color',(#18200),#904);
#18200 = PRESENTATION_STYLE_ASSIGNMENT((#18201));
#18201 = SURFACE_STYLE_USAGE(.BOTH.,#18202);
#18202 = SURFACE_SIDE_STYLE('',(#18203));
#18203 = SURFACE_STYLE_FILL_AREA(#18204);
#18204 = FILL_AREA_STYLE('',(#18205));
#18205 = FILL_AREA_STYLE_COLOUR('',#14790);
#18206 = STYLED_ITEM('color',(#18207),#928);
#18207 = PRESENTATION_STYLE_ASSIGNMENT((#18208));
#18208 = SURFACE_STYLE_USAGE(.BOTH.,#18209);
#18209 = SURFACE_SIDE_STYLE('',(#18210));
#18210 = SURFACE_STYLE_FILL_AREA(#18211);
#18211 = FILL_AREA_STYLE('',(#18212));
#18212 = FILL_AREA_STYLE_COLOUR('',#14790);
#18213 = STYLED_ITEM('color',(#18214),#953);
#18214 = PRESENTATION_STYLE_ASSIGNMENT((#18215));
#18215 = SURFACE_STYLE_USAGE(.BOTH.,#18216);
#18216 = SURFACE_SIDE_STYLE('',(#18217));
#18217 = SURFACE_STYLE_FILL_AREA(#18218);
#18218 = FILL_AREA_STYLE('',(#18219));
#18219 = FILL_AREA_STYLE_COLOUR('',#14790);
#18220 = STYLED_ITEM('color',(#18221),#978);
#18221 = PRESENTATION_STYLE_ASSIGNMENT((#18222));
#18222 = SURFACE_STYLE_USAGE(.BOTH.,#18223);
#18223 = SURFACE_SIDE_STYLE('',(#18224));
#18224 = SURFACE_STYLE_FILL_AREA(#18225);
#18225 = FILL_AREA_STYLE('',(#18226));
#18226 = FILL_AREA_STYLE_COLOUR('',#14790);
#18227 = STYLED_ITEM('color',(#18228),#995);
#18228 = PRESENTATION_STYLE_ASSIGNMENT((#18229));
#18229 = SURFACE_STYLE_USAGE(.BOTH.,#18230);
#18230 = SURFACE_SIDE_STYLE('',(#18231));
#18231 = SURFACE_STYLE_FILL_AREA(#18232);
#18232 = FILL_AREA_STYLE('',(#18233));
#18233 = FILL_AREA_STYLE_COLOUR('',#14790);
#18234 = MECHANICAL_DESIGN_GEOMETRIC_PRESENTATION_REPRESENTATION('',(
    #18235,#18242,#18249,#18256,#18263,#18270,#18277,#18284,#18291,
    #18298,#18305,#18312,#18319,#18326,#18334,#18341,#18348,#18355,
    #18362,#18369,#18376,#18383,#18390,#18397,#18404,#18411),#3367);
#18235 = STYLED_ITEM('color',(#18236),#2579);
#18236 = PRESENTATION_STYLE_ASSIGNMENT((#18237));
#18237 = SURFACE_STYLE_USAGE(.BOTH.,#18238);
#18238 = SURFACE_SIDE_STYLE('',(#18239));
#18239 = SURFACE_STYLE_FILL_AREA(#18240);
#18240 = FILL_AREA_STYLE('',(#18241));
#18241 = FILL_AREA_STYLE_COLOUR('',#14790);
#18242 = STYLED_ITEM('color',(#18243),#2619);
#18243 = PRESENTATION_STYLE_ASSIGNMENT((#18244));
#18244 = SURFACE_STYLE_USAGE(.BOTH.,#18245);
#18245 = SURFACE_SIDE_STYLE('',(#18246));
#18246 = SURFACE_STYLE_FILL_AREA(#18247);
#18247 = FILL_AREA_STYLE('',(#18248));
#18248 = FILL_AREA_STYLE_COLOUR('',#14790);
#18249 = STYLED_ITEM('color',(#18250),#2702);
#18250 = PRESENTATION_STYLE_ASSIGNMENT((#18251));
#18251 = SURFACE_STYLE_USAGE(.BOTH.,#18252);
#18252 = SURFACE_SIDE_STYLE('',(#18253));
#18253 = SURFACE_STYLE_FILL_AREA(#18254);
#18254 = FILL_AREA_STYLE('',(#18255));
#18255 = FILL_AREA_STYLE_COLOUR('',#14790);
#18256 = STYLED_ITEM('color',(#18257),#2727);
#18257 = PRESENTATION_STYLE_ASSIGNMENT((#18258));
#18258 = SURFACE_STYLE_USAGE(.BOTH.,#18259);
#18259 = SURFACE_SIDE_STYLE('',(#18260));
#18260 = SURFACE_STYLE_FILL_AREA(#18261);
#18261 = FILL_AREA_STYLE('',(#18262));
#18262 = FILL_AREA_STYLE_COLOUR('',#14790);
#18263 = STYLED_ITEM('color',(#18264),#2752);
#18264 = PRESENTATION_STYLE_ASSIGNMENT((#18265));
#18265 = SURFACE_STYLE_USAGE(.BOTH.,#18266);
#18266 = SURFACE_SIDE_STYLE('',(#18267));
#18267 = SURFACE_STYLE_FILL_AREA(#18268);
#18268 = FILL_AREA_STYLE('',(#18269));
#18269 = FILL_AREA_STYLE_COLOUR('',#14790);
#18270 = STYLED_ITEM('color',(#18271),#2819);
#18271 = PRESENTATION_STYLE_ASSIGNMENT((#18272));
#18272 = SURFACE_STYLE_USAGE(.BOTH.,#18273);
#18273 = SURFACE_SIDE_STYLE('',(#18274));
#18274 = SURFACE_STYLE_FILL_AREA(#18275);
#18275 = FILL_AREA_STYLE('',(#18276));
#18276 = FILL_AREA_STYLE_COLOUR('',#14790);
#18277 = STYLED_ITEM('color',(#18278),#2836);
#18278 = PRESENTATION_STYLE_ASSIGNMENT((#18279));
#18279 = SURFACE_STYLE_USAGE(.BOTH.,#18280);
#18280 = SURFACE_SIDE_STYLE('',(#18281));
#18281 = SURFACE_STYLE_FILL_AREA(#18282);
#18282 = FILL_AREA_STYLE('',(#18283));
#18283 = FILL_AREA_STYLE_COLOUR('',#14790);
#18284 = STYLED_ITEM('color',(#18285),#2853);
#18285 = PRESENTATION_STYLE_ASSIGNMENT((#18286));
#18286 = SURFACE_STYLE_USAGE(.BOTH.,#18287);
#18287 = SURFACE_SIDE_STYLE('',(#18288));
#18288 = SURFACE_STYLE_FILL_AREA(#18289);
#18289 = FILL_AREA_STYLE('',(#18290));
#18290 = FILL_AREA_STYLE_COLOUR('',#15297);
#18291 = STYLED_ITEM('color',(#18292),#2902);
#18292 = PRESENTATION_STYLE_ASSIGNMENT((#18293));
#18293 = SURFACE_STYLE_USAGE(.BOTH.,#18294);
#18294 = SURFACE_SIDE_STYLE('',(#18295));
#18295 = SURFACE_STYLE_FILL_AREA(#18296);
#18296 = FILL_AREA_STYLE('',(#18297));
#18297 = FILL_AREA_STYLE_COLOUR('',#14790);
#18298 = STYLED_ITEM('color',(#18299),#2919);
#18299 = PRESENTATION_STYLE_ASSIGNMENT((#18300));
#18300 = SURFACE_STYLE_USAGE(.BOTH.,#18301);
#18301 = SURFACE_SIDE_STYLE('',(#18302));
#18302 = SURFACE_STYLE_FILL_AREA(#18303);
#18303 = FILL_AREA_STYLE('',(#18304));
#18304 = FILL_AREA_STYLE_COLOUR('',#14790);
#18305 = STYLED_ITEM('color',(#18306),#2936);
#18306 = PRESENTATION_STYLE_ASSIGNMENT((#18307));
#18307 = SURFACE_STYLE_USAGE(.BOTH.,#18308);
#18308 = SURFACE_SIDE_STYLE('',(#18309));
#18309 = SURFACE_STYLE_FILL_AREA(#18310);
#18310 = FILL_AREA_STYLE('',(#18311));
#18311 = FILL_AREA_STYLE_COLOUR('',#15297);
#18312 = STYLED_ITEM('color',(#18313),#2985);
#18313 = PRESENTATION_STYLE_ASSIGNMENT((#18314));
#18314 = SURFACE_STYLE_USAGE(.BOTH.,#18315);
#18315 = SURFACE_SIDE_STYLE('',(#18316));
#18316 = SURFACE_STYLE_FILL_AREA(#18317);
#18317 = FILL_AREA_STYLE('',(#18318));
#18318 = FILL_AREA_STYLE_COLOUR('',#15297);
#18319 = STYLED_ITEM('color',(#18320),#3002);
#18320 = PRESENTATION_STYLE_ASSIGNMENT((#18321));
#18321 = SURFACE_STYLE_USAGE(.BOTH.,#18322);
#18322 = SURFACE_SIDE_STYLE('',(#18323));
#18323 = SURFACE_STYLE_FILL_AREA(#18324);
#18324 = FILL_AREA_STYLE('',(#18325));
#18325 = FILL_AREA_STYLE_COLOUR('',#14790);
#18326 = STYLED_ITEM('color',(#18327),#3071);
#18327 = PRESENTATION_STYLE_ASSIGNMENT((#18328));
#18328 = SURFACE_STYLE_USAGE(.BOTH.,#18329);
#18329 = SURFACE_SIDE_STYLE('',(#18330));
#18330 = SURFACE_STYLE_FILL_AREA(#18331);
#18331 = FILL_AREA_STYLE('',(#18332));
#18332 = FILL_AREA_STYLE_COLOUR('',#18333);
#18333 = COLOUR_RGB('',8.200000279077E-02,8.600000121357E-02,
  9.399999706163E-02);
#18334 = STYLED_ITEM('color',(#18335),#3102);
#18335 = PRESENTATION_STYLE_ASSIGNMENT((#18336));
#18336 = SURFACE_STYLE_USAGE(.BOTH.,#18337);
#18337 = SURFACE_SIDE_STYLE('',(#18338));
#18338 = SURFACE_STYLE_FILL_AREA(#18339);
#18339 = FILL_AREA_STYLE('',(#18340));
#18340 = FILL_AREA_STYLE_COLOUR('',#18333);
#18341 = STYLED_ITEM('color',(#18342),#3126);
#18342 = PRESENTATION_STYLE_ASSIGNMENT((#18343));
#18343 = SURFACE_STYLE_USAGE(.BOTH.,#18344);
#18344 = SURFACE_SIDE_STYLE('',(#18345));
#18345 = SURFACE_STYLE_FILL_AREA(#18346);
#18346 = FILL_AREA_STYLE('',(#18347));
#18347 = FILL_AREA_STYLE_COLOUR('',#14790);
#18348 = STYLED_ITEM('color',(#18349),#3195);
#18349 = PRESENTATION_STYLE_ASSIGNMENT((#18350));
#18350 = SURFACE_STYLE_USAGE(.BOTH.,#18351);
#18351 = SURFACE_SIDE_STYLE('',(#18352));
#18352 = SURFACE_STYLE_FILL_AREA(#18353);
#18353 = FILL_AREA_STYLE('',(#18354));
#18354 = FILL_AREA_STYLE_COLOUR('',#18333);
#18355 = STYLED_ITEM('color',(#18356),#3219);
#18356 = PRESENTATION_STYLE_ASSIGNMENT((#18357));
#18357 = SURFACE_STYLE_USAGE(.BOTH.,#18358);
#18358 = SURFACE_SIDE_STYLE('',(#18359));
#18359 = SURFACE_STYLE_FILL_AREA(#18360);
#18360 = FILL_AREA_STYLE('',(#18361));
#18361 = FILL_AREA_STYLE_COLOUR('',#14790);
#18362 = STYLED_ITEM('color',(#18363),#3236);
#18363 = PRESENTATION_STYLE_ASSIGNMENT((#18364));
#18364 = SURFACE_STYLE_USAGE(.BOTH.,#18365);
#18365 = SURFACE_SIDE_STYLE('',(#18366));
#18366 = SURFACE_STYLE_FILL_AREA(#18367);
#18367 = FILL_AREA_STYLE('',(#18368));
#18368 = FILL_AREA_STYLE_COLOUR('',#14790);
#18369 = STYLED_ITEM('color',(#18370),#3253);
#18370 = PRESENTATION_STYLE_ASSIGNMENT((#18371));
#18371 = SURFACE_STYLE_USAGE(.BOTH.,#18372);
#18372 = SURFACE_SIDE_STYLE('',(#18373));
#18373 = SURFACE_STYLE_FILL_AREA(#18374);
#18374 = FILL_AREA_STYLE('',(#18375));
#18375 = FILL_AREA_STYLE_COLOUR('',#14790);
#18376 = STYLED_ITEM('color',(#18377),#3270);
#18377 = PRESENTATION_STYLE_ASSIGNMENT((#18378));
#18378 = SURFACE_STYLE_USAGE(.BOTH.,#18379);
#18379 = SURFACE_SIDE_STYLE('',(#18380));
#18380 = SURFACE_STYLE_FILL_AREA(#18381);
#18381 = FILL_AREA_STYLE('',(#18382));
#18382 = FILL_AREA_STYLE_COLOUR('',#14790);
#18383 = STYLED_ITEM('color',(#18384),#3287);
#18384 = PRESENTATION_STYLE_ASSIGNMENT((#18385));
#18385 = SURFACE_STYLE_USAGE(.BOTH.,#18386);
#18386 = SURFACE_SIDE_STYLE('',(#18387));
#18387 = SURFACE_STYLE_FILL_AREA(#18388);
#18388 = FILL_AREA_STYLE('',(#18389));
#18389 = FILL_AREA_STYLE_COLOUR('',#14790);
#18390 = STYLED_ITEM('color',(#18391),#3304);
#18391 = PRESENTATION_STYLE_ASSIGNMENT((#18392));
#18392 = SURFACE_STYLE_USAGE(.BOTH.,#18393);
#18393 = SURFACE_SIDE_STYLE('',(#18394));
#18394 = SURFACE_STYLE_FILL_AREA(#18395);
#18395 = FILL_AREA_STYLE('',(#18396));
#18396 = FILL_AREA_STYLE_COLOUR('',#14790);
#18397 = STYLED_ITEM('color',(#18398),#3321);
#18398 = PRESENTATION_STYLE_ASSIGNMENT((#18399));
#18399 = SURFACE_STYLE_USAGE(.BOTH.,#18400);
#18400 = SURFACE_SIDE_STYLE('',(#18401));
#18401 = SURFACE_STYLE_FILL_AREA(#18402);
#18402 = FILL_AREA_STYLE('',(#18403));
#18403 = FILL_AREA_STYLE_COLOUR('',#14790);
#18404 = STYLED_ITEM('color',(#18405),#3338);
#18405 = PRESENTATION_STYLE_ASSIGNMENT((#18406));
#18406 = SURFACE_STYLE_USAGE(.BOTH.,#18407);
#18407 = SURFACE_SIDE_STYLE('',(#18408));
#18408 = SURFACE_STYLE_FILL_AREA(#18409);
#18409 = FILL_AREA_STYLE('',(#18410));
#18410 = FILL_AREA_STYLE_COLOUR('',#18333);
#18411 = STYLED_ITEM('color',(#18412),#3355);
#18412 = PRESENTATION_STYLE_ASSIGNMENT((#18413));
#18413 = SURFACE_STYLE_USAGE(.BOTH.,#18414);
#18414 = SURFACE_SIDE_STYLE('',(#18415));
#18415 = SURFACE_STYLE_FILL_AREA(#18416);
#18416 = FILL_AREA_STYLE('',(#18417));
#18417 = FILL_AREA_STYLE_COLOUR('',#18333);
ENDSEC;
END-ISO-10303-21;
